# Blender 4.3.2
# www.blender.org
mtllib _pipe_02_export.mtl
o _pipe_02_export
v 0.050873 0.028114 -0.054894
v -0.054893 0.028114 -0.050873
v -0.050872 0.028114 0.054893
v 0.054894 0.028114 0.050872
v 0.052726 0.963144 -0.054894
v -0.044103 0.991779 -0.050873
v -0.040421 0.990691 0.054893
v 0.056407 0.962056 0.050872
v 0.038155 -0.052563 -0.041170
v -0.041170 -0.052563 -0.038155
v -0.038154 -0.052563 0.041170
v 0.041171 -0.052563 0.038154
v 0.078959 1.020413 -0.054894
v 0.020798 1.099274 -0.050873
v 0.023009 1.096276 0.054893
v 0.081170 1.017415 0.050872
v 0.165817 1.027765 -0.054894
v 0.154669 1.130307 -0.050873
v 0.155093 1.126409 0.054893
v 0.166241 1.023867 0.050872
v 0.571277 1.037390 -0.054894
v 0.532732 1.129132 -0.050873
v 0.534198 1.125645 0.054893
v 0.572743 1.033902 0.050872
v 0.670096 1.116074 -0.054894
v 0.582821 1.162262 -0.050873
v 0.586139 1.160507 0.054893
v 0.673413 1.114318 0.050872
v 0.690692 1.309828 -0.054894
v 0.584932 1.310165 -0.050873
v 0.588953 1.310152 0.054893
v 0.694713 1.309815 0.050872
v 0.689833 1.837039 -0.056689
v 0.589790 1.814494 -0.051954
v 0.593472 1.818223 0.053737
v 0.693514 1.840768 0.049001
v 0.633064 1.979095 -0.063503
v 0.558215 1.911480 -0.056695
v 0.561419 1.918119 0.048882
v 0.636267 1.985734 0.042074
v 0.448357 2.069141 -0.063752
v 0.430322 1.965844 -0.056323
v 0.433852 1.972832 0.049229
v 0.451887 2.076129 0.041800
v 0.062285 2.068451 -0.050219
v 0.031084 1.973216 -0.042932
v 0.034500 1.980272 0.062619
v 0.065701 2.075508 0.055332
v 0.003396 2.099434 -0.050476
v -0.078240 2.044256 -0.044418
v -0.075258 2.051657 0.061123
v 0.006379 2.106835 0.055065
v -0.009014 2.261296 -0.065924
v -0.114783 2.258888 -0.063563
v -0.113008 2.297697 0.029560
v -0.007239 2.300105 0.027200
v -0.009884 2.320663 -0.101701
v -0.115711 2.321085 -0.100818
v -0.114463 2.406013 -0.049971
v -0.008635 2.405591 -0.050854
v -0.009866 2.326699 -0.257208
v -0.115702 2.327835 -0.257199
v -0.114567 2.433666 -0.256352
v -0.008730 2.432531 -0.256361
v -0.014331 2.333677 -0.653716
v -0.118972 2.334359 -0.639971
v -0.117616 2.440098 -0.635748
v -0.012975 2.439415 -0.649494
v -0.041054 2.350889 -0.727179
v -0.118418 2.351074 -0.710078
v -0.117195 2.430318 -0.705660
v -0.039830 2.430133 -0.722761
v 0.050873 0.159357 -0.054894
v -0.054893 0.159357 -0.050873
v -0.050872 0.159357 0.054893
v 0.054894 0.159357 0.050872
v 0.050873 0.297057 -0.054894
v -0.054893 0.297057 -0.050873
v -0.050872 0.297057 0.054893
v 0.054894 0.297057 0.050872
v 0.050873 0.434757 -0.054894
v -0.054893 0.434757 -0.050873
v -0.050872 0.434757 0.054893
v 0.054894 0.434757 0.050872
v 0.050873 0.572456 -0.054894
v -0.054893 0.572456 -0.050873
v -0.050872 0.572456 0.054893
v 0.054894 0.572456 0.050872
v 0.050873 0.710156 -0.054894
v -0.054893 0.710156 -0.050873
v -0.050872 0.710156 0.054893
v 0.054894 0.710156 0.050872
v 0.050699 0.846146 -0.054894
v -0.054706 0.849700 -0.050873
v -0.050698 0.849564 0.054893
v 0.054705 0.846011 0.050872
v 0.033142 0.642166 -0.086623
v -0.039623 0.606021 -0.083857
v -0.003477 0.606021 -0.091478
v 0.033142 0.606021 -0.086623
v 0.429189 1.022664 -0.054894
v 0.425328 1.127451 -0.050873
v 0.425475 1.123467 0.054893
v 0.429336 1.018681 0.050872
v 0.690461 1.215536 -0.054894
v 0.586351 1.222000 -0.050873
v 0.590309 1.221754 0.054893
v 0.694418 1.215290 0.050872
v 0.692781 1.432107 -0.054894
v 0.587035 1.434020 -0.050873
v 0.591056 1.433947 0.054893
v 0.696802 1.432034 0.050872
v 0.695540 1.562915 -0.054894
v 0.589798 1.565144 -0.050873
v 0.593818 1.565059 0.054893
v 0.699560 1.562830 0.050872
v 0.545671 2.040824 -0.065036
v 0.504078 1.945889 -0.057409
v 0.507404 1.952949 0.048145
v 0.548997 2.047883 0.040518
v 0.312857 2.071962 -0.059231
v 0.312463 1.966651 -0.052268
v 0.316143 1.973622 0.053281
v 0.316537 2.078933 0.046317
v 0.176547 2.068070 -0.054181
v 0.174988 1.963005 -0.047195
v 0.178659 1.969977 0.058353
v 0.180217 2.075043 0.051368
v -0.005812 2.174254 -0.055444
v -0.108832 2.160815 -0.051821
v -0.106216 2.172780 0.052867
v -0.003196 2.186220 0.049244
v -0.009868 2.327450 -0.164670
v -0.115705 2.328557 -0.164555
v -0.114563 2.432197 -0.155890
v -0.008728 2.431090 -0.156005
v -0.009866 2.328498 -0.384586
v -0.115702 2.329634 -0.384569
v -0.114567 2.435458 -0.383017
v -0.008730 2.434322 -0.383034
v -0.009955 2.330692 -0.520667
v -0.115641 2.331762 -0.518354
v -0.114478 2.437572 -0.516238
v -0.008792 2.436503 -0.518551
v 0.044553 -0.056171 -0.025259
v 0.048353 -0.057984 -0.001839
v 0.046342 -0.056171 0.021804
v 0.025259 -0.056171 0.044553
v 0.001838 -0.057984 0.048353
v -0.021804 -0.056171 0.046342
v -0.044553 -0.056171 0.025259
v -0.048354 -0.057984 0.001838
v -0.046342 -0.056171 -0.021804
v -0.025260 -0.056171 -0.044553
v -0.001838 -0.057984 -0.048354
v 0.021804 -0.056172 -0.046343
v -0.035302 2.414227 -0.728196
v -0.033269 2.390825 -0.731815
v -0.036030 2.367212 -0.730833
v -0.057714 2.345362 -0.727186
v -0.081117 2.342618 -0.723801
v -0.103597 2.345467 -0.716953
v -0.124592 2.367400 -0.710799
v -0.127449 2.391013 -0.710273
v -0.123863 2.414415 -0.708162
v -0.102179 2.436265 -0.711810
v -0.079601 2.439220 -0.718287
v -0.056296 2.436160 -0.722042
v 0.050873 0.125034 -0.054894
v 0.050873 0.091315 -0.054894
v 0.050873 0.058807 -0.054894
v 0.026345 0.028114 -0.068856
v -0.002764 0.028114 -0.072714
v -0.031496 0.028114 -0.066657
v -0.054893 0.058807 -0.050873
v -0.054893 0.091315 -0.050873
v -0.054893 0.125034 -0.050873
v -0.031496 0.159357 -0.066657
v -0.002764 0.159357 -0.072714
v 0.026345 0.159357 -0.068856
v -0.068855 0.028114 -0.026345
v -0.072714 0.028114 0.002764
v -0.066657 0.028114 0.031496
v -0.050872 0.058807 0.054893
v -0.050872 0.091315 0.054893
v -0.050872 0.125034 0.054893
v -0.066657 0.159357 0.031496
v -0.072714 0.159357 0.002764
v -0.068855 0.159357 -0.026345
v -0.026344 0.028114 0.068856
v 0.002765 0.028114 0.072714
v 0.031496 0.028114 0.066657
v 0.054894 0.058807 0.050872
v 0.054894 0.091315 0.050872
v 0.054894 0.125034 0.050872
v 0.031496 0.159357 0.066657
v 0.002765 0.159357 0.072714
v -0.026344 0.159357 0.068856
v 0.068855 0.028114 0.026344
v 0.072714 0.028114 -0.002765
v 0.066656 0.028114 -0.031496
v 0.066656 0.159357 -0.031496
v 0.072714 0.159357 -0.002765
v 0.068855 0.159357 0.026344
v 0.050873 0.262632 -0.054894
v 0.050873 0.228208 -0.054894
v 0.050873 0.193783 -0.054894
v -0.054893 0.193783 -0.050873
v -0.054893 0.228208 -0.050873
v -0.054893 0.262632 -0.050873
v -0.031496 0.297057 -0.066657
v -0.002764 0.297057 -0.072714
v 0.026345 0.297057 -0.068856
v -0.050872 0.193783 0.054893
v -0.050872 0.228208 0.054893
v -0.050872 0.262632 0.054893
v -0.066657 0.297057 0.031496
v -0.072714 0.297057 0.002764
v -0.068855 0.297057 -0.026345
v 0.054894 0.193783 0.050872
v 0.054894 0.228208 0.050872
v 0.054894 0.262632 0.050872
v 0.031496 0.297057 0.066657
v 0.002765 0.297057 0.072714
v -0.026344 0.297057 0.068856
v 0.066656 0.297057 -0.031496
v 0.072714 0.297057 -0.002765
v 0.068855 0.297057 0.026344
v 0.050873 0.400332 -0.054894
v 0.050873 0.365907 -0.054894
v 0.050873 0.331482 -0.054894
v -0.054893 0.331482 -0.050873
v -0.054893 0.365907 -0.050873
v -0.054893 0.400332 -0.050873
v -0.031496 0.434757 -0.066657
v -0.002764 0.434757 -0.072714
v 0.026345 0.434757 -0.068856
v -0.050872 0.331482 0.054893
v -0.050872 0.365907 0.054893
v -0.050872 0.400332 0.054893
v -0.066657 0.434757 0.031496
v -0.072714 0.434757 0.002764
v -0.068855 0.434757 -0.026345
v 0.054894 0.331482 0.050872
v 0.054894 0.365907 0.050872
v 0.054894 0.400332 0.050872
v 0.031496 0.434757 0.066656
v 0.002765 0.434757 0.072714
v -0.026344 0.434757 0.068856
v 0.066656 0.434757 -0.031497
v 0.072714 0.434757 -0.002765
v 0.068855 0.434757 0.026344
v 0.050873 0.538031 -0.054894
v 0.050873 0.503607 -0.054894
v 0.050873 0.469181 -0.054894
v -0.054893 0.469181 -0.050873
v -0.054893 0.503607 -0.050873
v -0.054893 0.538031 -0.050873
v -0.031496 0.572456 -0.066657
v -0.002764 0.572456 -0.072714
v 0.026345 0.572456 -0.068856
v -0.050872 0.469181 0.054893
v -0.050872 0.503607 0.054893
v -0.050872 0.538031 0.054893
v -0.066657 0.572456 0.031496
v -0.072714 0.572456 0.002764
v -0.068855 0.572456 -0.026345
v 0.054894 0.469181 0.050872
v 0.054894 0.503607 0.050872
v 0.054894 0.538031 0.050872
v 0.031496 0.572456 0.066656
v 0.002765 0.572456 0.072714
v -0.026344 0.572456 0.068856
v 0.066656 0.572456 -0.031497
v 0.072714 0.572456 -0.002765
v 0.068855 0.572456 0.026344
v 0.050873 0.675731 -0.054894
v -0.054893 0.675731 -0.050873
v -0.031496 0.710156 -0.066657
v -0.002764 0.710156 -0.072714
v 0.026345 0.710156 -0.068856
v -0.050872 0.675731 0.054893
v -0.066657 0.710156 0.031496
v -0.072714 0.710156 0.002764
v -0.068855 0.710156 -0.026345
v 0.054894 0.675731 0.050872
v 0.031496 0.710156 0.066656
v 0.002765 0.710156 0.072714
v -0.026344 0.710156 0.068856
v 0.066656 0.710156 -0.031497
v 0.072714 0.710156 -0.002765
v 0.068855 0.710156 0.026344
v 0.050799 0.812709 -0.054894
v 0.050851 0.778792 -0.054894
v 0.050870 0.744554 -0.054894
v -0.054891 0.744610 -0.050873
v -0.054870 0.779236 -0.050873
v -0.054814 0.814209 -0.050873
v -0.031389 0.848913 -0.066657
v -0.002755 0.847948 -0.072714
v 0.026254 0.846970 -0.068856
v -0.050870 0.744608 0.054893
v -0.050851 0.779219 0.054893
v -0.050799 0.814151 0.054893
v -0.066428 0.850095 0.031496
v -0.072465 0.850298 0.002764
v -0.068620 0.850169 -0.026345
v 0.054890 0.744552 0.050872
v 0.054870 0.778775 0.050872
v 0.054814 0.812653 0.050872
v 0.031388 0.846797 0.066656
v 0.002755 0.847762 0.072714
v -0.026255 0.848740 0.068856
v 0.066429 0.845616 -0.031496
v 0.072465 0.845413 -0.002765
v 0.068621 0.845542 0.026344
v 0.051308 0.938284 -0.054894
v 0.050691 0.909844 -0.054894
v 0.050583 0.878806 -0.054894
v -0.054382 0.885749 -0.050873
v -0.053099 0.921863 -0.050873
v -0.049969 0.957416 -0.050873
v -0.022683 0.985445 -0.066657
v 0.003621 0.977666 -0.072714
v 0.030270 0.969785 -0.068856
v -0.050391 0.885485 0.054893
v -0.049153 0.921407 0.054893
v -0.046118 0.956688 0.054893
v -0.054872 0.994964 0.031496
v -0.060417 0.996604 0.002764
v -0.056885 0.995560 -0.026345
v 0.054574 0.878541 0.050872
v 0.054637 0.909388 0.050872
v 0.055159 0.937557 0.050872
v 0.034986 0.968390 0.066656
v 0.008682 0.976169 0.072714
v -0.017966 0.984050 0.068856
v 0.067176 0.958871 -0.031496
v 0.072722 0.957231 -0.002765
v 0.069189 0.958276 0.026344
v 0.050601 0.000033 -0.054600
v 0.048694 -0.023885 -0.052543
v 0.043992 -0.042009 -0.047469
v -0.047469 -0.042009 -0.043992
v -0.052542 -0.023885 -0.048694
v -0.054600 0.000033 -0.050601
v -0.043993 -0.042009 0.047469
v -0.048694 -0.023885 0.052542
v -0.050600 0.000033 0.054599
v 0.047470 -0.042009 0.043992
v 0.052543 -0.023885 0.048694
v 0.054600 0.000033 0.050600
v 0.067525 1.012029 -0.054894
v 0.059959 0.999862 -0.054894
v 0.055336 0.983653 -0.054894
v -0.034671 1.024241 -0.050873
v -0.021072 1.053741 -0.050873
v -0.002764 1.079134 -0.050873
v 0.033663 1.081829 -0.066657
v 0.049463 1.060406 -0.072714
v 0.065471 1.038701 -0.068856
v -0.031249 1.022698 0.054893
v -0.017992 1.051693 0.054893
v -0.000091 1.076583 0.054893
v 0.014328 1.108045 0.031496
v 0.010997 1.112562 0.002764
v 0.013119 1.109685 -0.026345
v 0.058757 0.982110 0.050872
v 0.063040 0.997813 0.050872
v 0.070197 1.009478 0.050872
v 0.068304 1.034860 0.066656
v 0.052504 1.056284 0.072714
v 0.036496 1.077988 0.068856
v 0.087640 1.008644 -0.031496
v 0.090971 1.004127 -0.002765
v 0.088849 1.007004 0.026344
v 0.138952 1.028184 -0.054894
v 0.115130 1.027675 -0.054894
v 0.094938 1.025373 -0.054894
v 0.049782 1.113421 -0.050873
v 0.082878 1.122452 -0.050873
v 0.118402 1.127653 -0.050873
v 0.157135 1.107623 -0.066657
v 0.160164 1.079767 -0.072714
v 0.163232 1.051546 -0.068856
v 0.051499 1.110073 0.054893
v 0.084104 1.118849 0.054893
v 0.119183 1.123871 0.054893
v 0.153429 1.141712 0.031496
v 0.152790 1.147585 0.002764
v 0.153197 1.143844 -0.026345
v 0.096656 1.022026 0.050872
v 0.116357 1.024072 0.050872
v 0.139734 1.024402 0.050872
v 0.163775 1.046551 0.066656
v 0.160747 1.074407 0.072714
v 0.157678 1.102629 0.068856
v 0.167481 1.012462 -0.031496
v 0.168119 1.006590 -0.002765
v 0.167713 1.010331 0.026344
v 0.258847 1.025780 -0.054894
v 0.226347 1.026478 -0.054894
v 0.195143 1.027144 -0.054894
v 0.190310 1.131537 -0.050873
v 0.225210 1.131821 -0.050873
v 0.259568 1.131473 -0.050873
v 0.069058 0.678311 0.063999
v 0.069058 0.642166 0.063999
v 0.069058 0.606021 0.063999
v 0.190493 1.127569 0.054893
v 0.225252 1.127816 0.054893
v 0.259542 1.127455 0.054893
v -0.063999 0.678311 0.069058
v -0.063999 0.642166 0.069058
v -0.063999 0.606021 0.069058
v 0.195327 1.023176 0.050872
v 0.226391 1.022473 0.050872
v 0.258820 1.021762 0.050872
v -0.069058 0.678311 -0.064000
v -0.069058 0.642166 -0.064000
v -0.069058 0.606021 -0.064000
v 0.064000 0.606021 -0.069058
v 0.064000 0.642166 -0.069058
v 0.064000 0.678311 -0.069058
v 0.393861 1.023114 -0.054894
v 0.359392 1.023694 -0.054894
v 0.086624 0.569876 0.033142
v 0.091478 0.569876 -0.003478
v 0.360788 1.129316 -0.050873
v 0.393522 1.128454 -0.050873
v 0.426182 1.104271 -0.066657
v 0.427232 1.075805 -0.072714
v 0.428293 1.046966 -0.068856
v 0.083857 0.569876 -0.039624
v 0.360735 1.125301 0.054893
v 0.393535 1.124449 0.054893
v 0.424900 1.139106 0.031496
v 0.424678 1.145107 0.002764
v 0.424819 1.141285 -0.026345
v -0.033143 0.569876 0.086623
v 0.359339 1.019678 0.050872
v 0.393874 1.019110 0.050872
v 0.428482 1.041862 0.066656
v 0.427433 1.070327 0.072714
v 0.426371 1.099167 0.068856
v 0.429765 1.007026 -0.031496
v 0.429986 1.001025 -0.002765
v 0.429845 1.004848 0.026344
v 0.537411 1.028583 -0.054894
v 0.501810 1.024121 -0.054894
v 0.465422 1.022611 -0.054894
v 0.455863 1.126388 -0.050873
v 0.484449 1.125845 -0.050873
v 0.510326 1.126524 -0.050873
v 0.541259 1.108837 -0.066657
v 0.551731 1.083915 -0.072714
v 0.562338 1.058666 -0.068856
v 0.456227 1.122443 0.054893
v 0.485109 1.121977 0.054893
v 0.511355 1.122801 0.054893
v 0.528446 1.139336 0.031496
v 0.526238 1.144590 0.002764
v 0.527644 1.141244 -0.026345
v 0.465784 1.018666 0.050872
v 0.502471 1.020254 0.050872
v 0.538440 1.024860 0.050872
v 0.564216 1.054197 0.066656
v 0.553745 1.079120 0.072714
v 0.543137 1.104369 0.068856
v 0.577029 1.023698 -0.031497
v 0.579237 1.018444 -0.002765
v 0.577831 1.021791 0.026344
v 0.652850 1.092053 -0.054894
v 0.629976 1.070122 -0.054894
v 0.602458 1.051496 -0.054894
v 0.551073 1.134207 -0.050873
v 0.565393 1.141618 -0.050873
v 0.575906 1.151069 -0.050873
v 0.602127 1.152045 -0.066657
v 0.625836 1.139497 -0.072714
v 0.649855 1.126786 -0.068856
v 0.553026 1.131063 0.054893
v 0.567849 1.138900 0.054893
v 0.578831 1.148826 0.054893
v 0.573114 1.167400 0.031496
v 0.568116 1.170045 0.002764
v 0.571299 1.168360 -0.026345
v 0.604412 1.048352 0.050872
v 0.632432 1.067404 0.050872
v 0.655775 1.089809 0.050872
v 0.654106 1.124536 0.066656
v 0.630398 1.137083 0.072714
v 0.606378 1.149795 0.068856
v 0.683120 1.109181 -0.031497
v 0.688119 1.106536 -0.002765
v 0.684934 1.108221 0.026344
v 0.689761 1.191389 -0.054894
v 0.687185 1.166376 -0.054894
v 0.681156 1.141077 -0.054894
v 0.586467 1.174956 -0.050873
v 0.587653 1.189125 -0.050873
v 0.587306 1.204796 -0.050873
v 0.609382 1.220570 -0.066657
v 0.637664 1.218814 -0.072714
v 0.666317 1.217035 -0.068856
v 0.590067 1.173668 0.054893
v 0.591437 1.188260 0.054893
v 0.591201 1.204287 0.054893
v 0.574772 1.222719 0.031496
v 0.568810 1.223089 0.002764
v 0.572608 1.222853 -0.026345
v 0.684756 1.139789 0.050872
v 0.690969 1.165511 0.050872
v 0.693655 1.190879 0.050872
v 0.671388 1.216720 0.066656
v 0.643105 1.218476 0.072714
v 0.614453 1.220255 0.068855
v 0.705997 1.214571 -0.031497
v 0.711960 1.214201 -0.002765
v 0.708162 1.214437 0.026344
v 0.690602 1.284559 -0.054894
v 0.690625 1.261157 -0.054894
v 0.690623 1.238518 -0.054894
v 0.585560 1.240819 -0.050873
v 0.585072 1.261550 -0.050873
v 0.584868 1.284548 -0.050873
v 0.608328 1.310090 -0.066657
v 0.637059 1.309999 -0.072714
v 0.666165 1.309906 -0.068856
v 0.589554 1.240731 0.054893
v 0.589084 1.261536 0.054893
v 0.588888 1.284549 0.054893
v 0.573169 1.310202 0.031496
v 0.567113 1.310222 0.002764
v 0.570970 1.310209 -0.026345
v 0.694617 1.238430 0.050872
v 0.694638 1.261143 0.050872
v 0.694622 1.284560 0.050872
v 0.671317 1.309890 0.066656
v 0.642586 1.309981 0.072714
v 0.613480 1.310074 0.068855
v 0.706476 1.309778 -0.031497
v 0.712532 1.309759 -0.002765
v 0.708675 1.309771 0.026344
v 0.692103 1.399630 -0.054894
v 0.691488 1.367939 -0.054894
v 0.690997 1.337762 -0.054894
v 0.585239 1.338567 -0.050873
v 0.585734 1.369183 -0.050873
v 0.586354 1.401253 -0.050873
v 0.610428 1.433597 -0.066657
v 0.639155 1.433077 -0.072715
v 0.668258 1.432550 -0.068856
v 0.589260 1.338536 0.054893
v 0.589755 1.369136 0.054893
v 0.590373 1.401191 0.054893
v 0.575273 1.434233 0.031496
v 0.569218 1.434342 0.002764
v 0.573076 1.434273 -0.026345
v 0.695017 1.337732 0.050872
v 0.695508 1.367892 0.050872
v 0.696124 1.399568 0.050872
v 0.673409 1.432457 0.066656
v 0.644683 1.432977 0.072714
v 0.615578 1.433504 0.068855
v 0.708563 1.431821 -0.031497
v 0.714619 1.431712 -0.002765
v 0.710761 1.431781 0.026344
v 0.694850 1.530177 -0.054894
v 0.694160 1.497454 -0.054894
v 0.693470 1.464759 -0.054894
v 0.587726 1.466855 -0.050873
v 0.588417 1.499643 -0.050873
v 0.589107 1.532401 -0.050873
v 0.613190 1.564651 -0.066657
v 0.641915 1.564045 -0.072715
v 0.671017 1.563432 -0.068856
v 0.591747 1.466775 0.054893
v 0.592437 1.499560 0.054893
v 0.593128 1.532316 0.054893
v 0.578036 1.565392 0.031496
v 0.571981 1.565519 0.002764
v 0.575838 1.565438 -0.026345
v 0.697491 1.464679 0.050872
v 0.698180 1.497371 0.050872
v 0.698870 1.530093 0.050872
v 0.676168 1.563323 0.066656
v 0.647443 1.563929 0.072714
v 0.618340 1.564542 0.068855
v 0.711321 1.562582 -0.031497
v 0.717376 1.562455 -0.002765
v 0.713519 1.562536 0.026344
v 0.697576 1.661645 -0.054902
v 0.696910 1.628546 -0.054896
v 0.696229 1.595674 -0.054894
v 0.590489 1.597855 -0.050873
v 0.591193 1.630391 -0.050870
v 0.591920 1.662580 -0.050861
v 0.594509 1.597780 0.054893
v 0.595208 1.630388 0.054895
v 0.595922 1.662769 0.054901
v 0.700248 1.595599 0.050872
v 0.700924 1.628542 0.050869
v 0.701578 1.661834 0.050860
v 0.695474 1.799642 -0.055688
v 0.698085 1.763752 -0.055162
v 0.593542 1.755602 -0.050941
v 0.592543 1.785336 -0.051273
v 0.611939 1.819077 -0.067889
v 0.639121 1.825067 -0.074139
v 0.666649 1.831406 -0.070479
v 0.597416 1.757533 0.054792
v 0.596334 1.788146 0.054441
v 0.578569 1.814208 0.030457
v 0.572873 1.812132 0.001779
v 0.576556 1.812169 -0.027342
v 0.701959 1.765682 0.050572
v 0.699264 1.802453 0.050027
v 0.671366 1.836185 0.064937
v 0.644183 1.830195 0.071186
v 0.616655 1.823855 0.067527
v 0.704735 1.841054 -0.033409
v 0.710432 1.843130 -0.004732
v 0.706748 1.843093 0.024390
v 0.651523 1.949281 -0.061970
v 0.667476 1.914051 -0.060111
v 0.680414 1.875829 -0.058243
v 0.584826 1.842887 -0.053043
v 0.577750 1.869407 -0.054357
v 0.568799 1.892717 -0.055656
v 0.574722 1.925866 -0.073084
v 0.595039 1.944043 -0.079895
v 0.615655 1.962842 -0.076808
v 0.588373 1.847511 0.052619
v 0.581155 1.874848 0.051273
v 0.572082 1.898846 0.049945
v 0.550167 1.907107 0.025920
v 0.545783 1.902122 -0.002630
v 0.548415 1.903476 -0.031818
v 0.683961 1.880453 0.047418
v 0.670882 1.919492 0.045520
v 0.654806 1.955410 0.043631
v 0.619760 1.971348 0.058463
v 0.599443 1.953171 0.065274
v 0.578827 1.934371 0.062187
v 0.644316 1.990107 -0.040541
v 0.648700 1.995092 -0.011991
v 0.646067 1.993738 0.017197
v 0.568295 2.030831 -0.065081
v 0.590826 2.018416 -0.064943
v 0.612627 2.001773 -0.064469
v 0.546233 1.924853 -0.057296
v 0.533072 1.933963 -0.057527
v 0.518948 1.940434 -0.057520
v 0.513033 1.966405 -0.073980
v 0.524251 1.992033 -0.081014
v 0.535780 2.018322 -0.078152
v 0.549415 1.931790 0.048268
v 0.536280 1.941031 0.048030
v 0.522211 1.947523 0.048034
v 0.500801 1.937999 0.025303
v 0.497942 1.931619 -0.003202
v 0.498982 1.934138 -0.032422
v 0.615809 2.008711 0.041094
v 0.594034 2.025484 0.040613
v 0.571558 2.037919 0.040473
v 0.540042 2.027367 0.057090
v 0.528825 2.001740 0.064123
v 0.517295 1.975450 0.061261
v 0.552274 2.055773 -0.042194
v 0.555133 2.062154 -0.013689
v 0.554093 2.059634 0.015531
v 0.475746 2.064393 -0.064354
v 0.500357 2.057822 -0.064723
v 0.523296 2.049832 -0.064927
v 0.488501 1.951572 -0.057289
v 0.471568 1.957220 -0.057120
v 0.452451 1.962191 -0.056823
v 0.433912 1.988265 -0.072850
v 0.438678 2.016182 -0.079829
v 0.443776 2.044755 -0.076912
v 0.491886 1.958603 0.048265
v 0.475005 1.964231 0.048434
v 0.455934 1.969188 0.048730
v 0.430516 1.956723 0.026360
v 0.428705 1.949970 -0.002154
v 0.428586 1.952901 -0.031364
v 0.526681 2.056863 0.040627
v 0.503793 2.064833 0.040831
v 0.479230 2.071390 0.041199
v 0.448297 2.053709 0.058327
v 0.443531 2.025791 0.065306
v 0.438433 1.997218 0.062389
v 0.451693 2.085250 -0.040882
v 0.453504 2.092003 -0.012369
v 0.453623 2.089072 0.016841
v 0.348571 2.072690 -0.060532
v 0.383819 2.072825 -0.061773
v 0.417460 2.071823 -0.062873
v 0.404628 1.967729 -0.055567
v 0.375891 1.968158 -0.054595
v 0.344904 1.967631 -0.053474
v 0.312034 1.989531 -0.068688
v 0.311969 2.018000 -0.075540
v 0.312250 2.047123 -0.072496
v 0.408202 1.974710 0.049985
v 0.379506 1.975134 0.050955
v 0.348556 1.974604 0.052075
v 0.315254 1.957233 0.030347
v 0.314230 1.950391 0.001812
v 0.313241 1.953421 -0.027375
v 0.421033 2.078804 0.042678
v 0.387434 2.079801 0.043777
v 0.352222 2.079663 0.045017
v 0.316965 2.056054 0.062738
v 0.317031 2.027584 0.069589
v 0.316750 1.998462 0.066546
v 0.313746 2.088351 -0.036297
v 0.314770 2.095193 -0.007762
v 0.315759 2.092163 0.021425
v 0.209424 2.069158 -0.055410
v 0.563490 1.663891 -0.031805
v 0.608591 1.663487 -0.080520
v 0.643272 1.663229 -0.087845
v 0.678406 1.662988 -0.083190
v 0.210537 1.963804 -0.048496
v 0.174825 1.985828 -0.063621
v 0.175080 2.014230 -0.070478
v 0.175678 2.043286 -0.067441
v 0.713306 1.764414 0.061116
v 0.714083 1.729736 0.061381
v 0.214230 1.970774 0.057052
v 0.177607 1.953623 0.035423
v 0.176531 1.946792 0.006889
v 0.175600 1.949810 -0.022299
v 0.586988 1.756455 0.066215
v 0.586877 1.726061 0.066356
v 0.213116 2.076128 0.050138
v 0.180380 2.052219 0.067793
v 0.180125 2.023817 0.074651
v 0.179527 1.994762 0.071614
v 0.177598 2.084424 -0.031250
v 0.178674 2.091256 -0.002716
v 0.179605 2.088237 0.026472
v 0.086769 2.066634 -0.050939
v 0.114497 2.066321 -0.051884
v 0.144684 2.066977 -0.052987
v 0.138681 1.962494 -0.045889
v 0.102155 1.963246 -0.044670
v 0.066070 1.966430 -0.043648
v 0.037673 1.993800 -0.059427
v 0.046044 2.019510 -0.066367
v 0.054736 2.045882 -0.063412
v 0.142313 1.969471 0.059660
v 0.105732 1.970235 0.060881
v 0.069576 1.973444 0.061904
v 0.029338 1.965281 0.039730
v 0.026942 1.958887 0.011209
v 0.027470 1.961422 -0.017994
v 0.148316 2.073954 0.052563
v 0.118074 2.073310 0.053667
v 0.090275 2.073649 0.054613
v 0.059112 2.054924 0.071826
v 0.050741 2.029213 0.078766
v 0.042049 2.002842 0.075811
v 0.067447 2.083443 -0.027330
v 0.069843 2.089836 0.001190
v 0.069314 2.087302 0.030393
v 0.012305 2.087416 -0.049890
v 0.025048 2.078479 -0.049668
v 0.041685 2.072273 -0.049785
v -0.002042 1.984530 -0.042620
v -0.032147 2.000330 -0.042749
v -0.057968 2.020334 -0.043340
v -0.060164 2.055717 -0.060632
v -0.037982 2.070458 -0.067236
v -0.015519 2.085892 -0.063945
v 0.001266 1.991651 0.062930
v -0.028955 2.007534 0.062799
v -0.054888 2.027632 0.062205
v -0.087414 2.042221 0.038063
v -0.092056 2.037611 0.009488
v -0.089045 2.038174 -0.019655
v 0.044994 2.079394 0.055765
v 0.028240 2.085682 0.055880
v 0.015386 2.094715 0.055655
v -0.011698 2.095375 0.071279
v -0.033881 2.080634 0.077883
v -0.056342 2.065199 0.074592
v 0.015551 2.108870 -0.027416
v 0.020193 2.113481 0.001159
v 0.017182 2.112917 0.030301
v -0.005460 2.152802 -0.054026
v -0.004513 2.132725 -0.052648
v -0.001913 2.114708 -0.051426
v -0.092175 2.071617 -0.045970
v -0.100870 2.101143 -0.047846
v -0.105898 2.131366 -0.049858
v -0.085860 2.162177 -0.067364
v -0.057813 2.165291 -0.073262
v -0.029521 2.169527 -0.069345
v -0.089269 2.079187 0.059552
v -0.098036 2.109272 0.057580
v -0.103154 2.140831 0.055316
v -0.121295 2.168179 0.029658
v -0.126840 2.164277 0.001202
v -0.122726 2.161636 -0.027593
v 0.000992 2.122278 0.054096
v -0.001679 2.140855 0.052778
v -0.002715 2.162268 0.051148
v -0.026169 2.184858 0.064786
v -0.054215 2.181744 0.070684
v -0.082507 2.177508 0.066768
v 0.009267 2.178855 -0.032236
v 0.014812 2.182757 -0.003780
v 0.010698 2.185399 0.025016
v -0.008218 2.240512 -0.061618
v -0.007285 2.218694 -0.058779
v -0.006418 2.196416 -0.056892
v -0.110989 2.188292 -0.053676
v -0.112669 2.213689 -0.055869
v -0.113919 2.237167 -0.058973
v -0.091070 2.253976 -0.077194
v -0.062231 2.252815 -0.082204
v -0.033227 2.255293 -0.078484
v -0.108554 2.204271 0.050127
v -0.110450 2.235380 0.046122
v -0.111928 2.266419 0.039663
v -0.128283 2.288566 0.008794
v -0.133727 2.277842 -0.016559
v -0.129254 2.267342 -0.042133
v -0.003982 2.212395 0.046910
v -0.005066 2.240385 0.043212
v -0.006227 2.269765 0.037018
v -0.030952 2.305017 0.040831
v -0.059790 2.306178 0.045841
v -0.088794 2.303701 0.042121
v 0.006262 2.270427 -0.045157
v 0.011705 2.281152 -0.019804
v 0.007233 2.291651 0.005770
v -0.009875 2.310880 -0.090082
v -0.009784 2.297220 -0.080190
v -0.009524 2.280440 -0.072109
v -0.115314 2.278853 -0.070096
v -0.115589 2.296414 -0.078565
v -0.115694 2.310761 -0.088846
v -0.091910 2.309046 -0.108168
v -0.063032 2.304950 -0.110793
v -0.034036 2.308815 -0.108651
v -0.113721 2.329129 0.014955
v -0.114144 2.359039 -0.003695
v -0.114363 2.385357 -0.025600
v -0.129627 2.386831 -0.061367
v -0.134930 2.363628 -0.075229
v -0.130310 2.340385 -0.089174
v -0.007931 2.330716 0.012942
v -0.008338 2.359845 -0.005320
v -0.008544 2.385475 -0.026836
v -0.032436 2.417630 -0.043504
v -0.061314 2.421726 -0.040879
v -0.090310 2.417860 -0.043021
v 0.005281 2.339846 -0.090305
v 0.010582 2.363049 -0.076443
v 0.005963 2.386290 -0.062499
v -0.009872 2.328283 -0.146461
v -0.009875 2.328271 -0.129897
v -0.009880 2.326151 -0.114977
v -0.115712 2.326928 -0.114379
v -0.115710 2.329248 -0.129516
v -0.115708 2.329354 -0.146238
v -0.091887 2.313732 -0.165799
v -0.063001 2.308572 -0.166237
v -0.034008 2.313127 -0.165862
v -0.114517 2.419586 -0.076013
v -0.114547 2.427255 -0.102900
v -0.114560 2.430849 -0.129803
v -0.129705 2.408871 -0.157837
v -0.134979 2.380584 -0.160201
v -0.130330 2.352193 -0.162575
v -0.008685 2.418810 -0.076611
v -0.008711 2.426278 -0.103281
v -0.008723 2.429778 -0.130025
v -0.032545 2.445915 -0.154761
v -0.061431 2.451076 -0.154323
v -0.090425 2.446520 -0.154698
v 0.005273 2.350776 -0.162723
v 0.010546 2.379063 -0.160359
v 0.005897 2.407454 -0.157985
v -0.009866 2.326508 -0.230541
v -0.009866 2.326523 -0.206431
v -0.009868 2.326813 -0.184576
v -0.115703 2.327937 -0.184525
v -0.115702 2.327655 -0.206413
v -0.115702 2.327643 -0.230532
v -0.091884 2.312695 -0.257320
v -0.062997 2.307423 -0.257362
v -0.034004 2.312074 -0.257325
v -0.114566 2.432846 -0.180658
v -0.114566 2.433215 -0.204906
v -0.114567 2.433442 -0.229762
v -0.129707 2.409849 -0.256543
v -0.134979 2.380963 -0.256774
v -0.130328 2.351972 -0.257006
v -0.008729 2.431722 -0.180709
v -0.008730 2.432082 -0.204925
v -0.008730 2.432307 -0.229771
v -0.032549 2.447671 -0.256240
v -0.061436 2.452942 -0.256198
v -0.090428 2.448292 -0.256235
v 0.005274 2.350517 -0.257018
v 0.010546 2.379402 -0.256786
v 0.005896 2.408394 -0.256554
v -0.009866 2.327964 -0.350977
v -0.009866 2.327464 -0.318062
v -0.009866 2.327031 -0.286566
v -0.115702 2.328167 -0.286554
v -0.115702 2.328600 -0.318049
v -0.115702 2.329100 -0.350961
v -0.091884 2.314495 -0.384791
v -0.062997 2.309224 -0.384869
v -0.034004 2.313874 -0.384800
v -0.114567 2.433996 -0.285498
v -0.114567 2.434427 -0.316797
v -0.114567 2.434926 -0.349539
v -0.129707 2.411642 -0.383366
v -0.134979 2.382759 -0.383790
v -0.130328 2.353769 -0.384215
v -0.008730 2.432861 -0.285509
v -0.008730 2.433292 -0.316810
v -0.008730 2.433790 -0.349554
v -0.032549 2.449461 -0.382812
v -0.061436 2.454733 -0.382734
v -0.090428 2.450082 -0.382802
v 0.005274 2.352314 -0.384236
v 0.010546 2.381198 -0.383813
v 0.005896 2.410187 -0.383388
v -0.009904 2.330131 -0.486218
v -0.009877 2.329581 -0.452144
v -0.009868 2.329037 -0.418311
v -0.115701 2.330172 -0.418258
v -0.115695 2.330708 -0.451839
v -0.115677 2.331239 -0.485231
v -0.091860 2.316640 -0.519176
v -0.063016 2.311388 -0.519908
v -0.034063 2.316055 -0.520441
v -0.114565 2.435995 -0.416617
v -0.114556 2.436530 -0.450111
v -0.114529 2.437056 -0.483362
v -0.129604 2.413750 -0.516393
v -0.134876 2.384868 -0.516863
v -0.130240 2.355885 -0.517550
v -0.008731 2.434861 -0.416671
v -0.008738 2.435403 -0.450415
v -0.008756 2.435949 -0.484349
v -0.032572 2.451625 -0.517730
v -0.061417 2.456877 -0.516998
v -0.090370 2.452210 -0.516465
v 0.005171 2.354514 -0.520513
v 0.010444 2.383397 -0.520043
v 0.005807 2.412380 -0.519356
v -0.011925 2.332713 -0.622891
v -0.010635 2.331932 -0.589831
v -0.010098 2.331277 -0.555452
v -0.115642 2.332285 -0.551024
v -0.115966 2.332854 -0.582647
v -0.116961 2.333527 -0.612527
v -0.095455 2.319334 -0.643679
v -0.066906 2.314191 -0.647635
v -0.038229 2.318961 -0.651196
v -0.114452 2.438084 -0.548518
v -0.114737 2.438637 -0.579633
v -0.115677 2.439290 -0.608928
v -0.132639 2.416237 -0.634772
v -0.137914 2.387356 -0.635282
v -0.133380 2.358411 -0.637081
v -0.008909 2.437076 -0.552946
v -0.009406 2.437715 -0.586817
v -0.010642 2.438476 -0.619292
v -0.036492 2.454440 -0.645786
v -0.065042 2.459583 -0.641830
v -0.093718 2.454813 -0.638269
v 0.000691 2.357537 -0.654693
v 0.005968 2.386418 -0.654183
v 0.001433 2.415363 -0.652384
v -0.032798 2.344184 -0.719213
v -0.024340 2.338283 -0.703613
v -0.018263 2.335116 -0.681219
v -0.121870 2.335650 -0.664271
v -0.123611 2.338670 -0.684686
v -0.122182 2.344448 -0.700448
v -0.120434 2.440796 -0.659468
v -0.122149 2.439833 -0.679581
v -0.120806 2.435826 -0.695530
v -0.016827 2.440263 -0.676416
v -0.022879 2.439445 -0.698509
v -0.031422 2.435561 -0.714295
v 0.026032 -0.063893 0.024125
v 0.001004 -0.066508 0.026426
v -0.024126 -0.063893 0.026032
v 0.026426 -0.066508 -0.001005
v -0.000000 -0.069362 0.000000
v -0.026426 -0.066508 0.001005
v 0.024125 -0.063893 -0.026033
v -0.001005 -0.066508 -0.026426
v -0.026032 -0.063893 -0.024126
v -0.057699 2.366169 -0.733221
v -0.082722 2.365019 -0.729858
v -0.106506 2.366255 -0.721846
v -0.056604 2.391374 -0.734396
v -0.082952 2.391581 -0.730750
v -0.107998 2.391455 -0.722235
v -0.056906 2.416270 -0.730324
v -0.081880 2.417810 -0.726773
v -0.105712 2.416356 -0.718949
v 0.026345 0.058807 -0.068856
v -0.002764 0.058807 -0.072714
v -0.031496 0.058807 -0.066657
v 0.026345 0.091315 -0.068856
v -0.002764 0.091315 -0.072714
v -0.031496 0.091315 -0.066657
v 0.026345 0.125034 -0.068856
v -0.002764 0.125034 -0.072714
v -0.031496 0.125034 -0.066657
v -0.068855 0.058807 -0.026345
v -0.072714 0.058807 0.002764
v -0.066657 0.058807 0.031496
v -0.068855 0.091315 -0.026345
v -0.072714 0.091315 0.002764
v -0.066657 0.091315 0.031496
v -0.068855 0.125034 -0.026345
v -0.072714 0.125034 0.002764
v -0.066657 0.125034 0.031496
v -0.026344 0.058807 0.068856
v 0.002765 0.058807 0.072714
v 0.031496 0.058807 0.066657
v -0.026344 0.091315 0.068856
v 0.002765 0.091315 0.072714
v 0.031496 0.091315 0.066657
v -0.026344 0.125034 0.068856
v 0.002765 0.125034 0.072714
v 0.031496 0.125034 0.066657
v 0.068855 0.058807 0.026344
v 0.072714 0.058807 -0.002765
v 0.066656 0.058807 -0.031497
v 0.068855 0.091315 0.026344
v 0.072714 0.091315 -0.002765
v 0.066656 0.091315 -0.031497
v 0.068855 0.125034 0.026344
v 0.072714 0.125034 -0.002765
v 0.066656 0.125034 -0.031497
v 0.026345 0.193783 -0.068856
v -0.002764 0.193783 -0.072714
v -0.031496 0.193783 -0.066657
v 0.026345 0.228208 -0.068856
v -0.002764 0.228208 -0.072714
v -0.031496 0.228208 -0.066657
v 0.026345 0.262632 -0.068856
v -0.002764 0.262632 -0.072714
v -0.031496 0.262632 -0.066657
v -0.068855 0.193783 -0.026345
v -0.072714 0.193783 0.002764
v -0.066657 0.193783 0.031496
v -0.068855 0.228208 -0.026345
v -0.072714 0.228208 0.002764
v -0.066657 0.228208 0.031496
v -0.068855 0.262632 -0.026345
v -0.072714 0.262632 0.002764
v -0.066657 0.262632 0.031496
v -0.026344 0.193783 0.068856
v 0.002765 0.193783 0.072714
v 0.031496 0.193783 0.066657
v -0.026344 0.228208 0.068856
v 0.002765 0.228208 0.072714
v 0.031496 0.228208 0.066657
v -0.026344 0.262632 0.068856
v 0.002765 0.262632 0.072714
v 0.031496 0.262632 0.066657
v 0.068855 0.193783 0.026344
v 0.072714 0.193783 -0.002765
v 0.066656 0.193783 -0.031497
v 0.068855 0.228208 0.026344
v 0.072714 0.228208 -0.002765
v 0.066656 0.228208 -0.031497
v 0.068855 0.262632 0.026344
v 0.072714 0.262632 -0.002765
v 0.066656 0.262632 -0.031497
v 0.026345 0.331482 -0.068856
v -0.002764 0.331482 -0.072714
v -0.031496 0.331482 -0.066657
v 0.026345 0.365907 -0.068856
v -0.002764 0.365907 -0.072714
v -0.031496 0.365907 -0.066657
v 0.026345 0.400332 -0.068856
v -0.002764 0.400332 -0.072714
v -0.031496 0.400332 -0.066657
v -0.068855 0.331482 -0.026345
v -0.072714 0.331482 0.002764
v -0.066657 0.331482 0.031496
v -0.068855 0.365907 -0.026345
v -0.072714 0.365907 0.002764
v -0.066657 0.365907 0.031496
v -0.068855 0.400332 -0.026345
v -0.072714 0.400332 0.002764
v -0.066657 0.400332 0.031496
v -0.026344 0.331482 0.068856
v 0.002765 0.331482 0.072714
v 0.031496 0.331482 0.066657
v -0.026344 0.365907 0.068856
v 0.002765 0.365907 0.072714
v 0.031496 0.365907 0.066657
v -0.026344 0.400332 0.068856
v 0.002765 0.400332 0.072714
v 0.031496 0.400332 0.066656
v 0.068855 0.331482 0.026344
v 0.072714 0.331482 -0.002765
v 0.066656 0.331482 -0.031497
v 0.068855 0.365907 0.026344
v 0.072714 0.365907 -0.002765
v 0.066656 0.365907 -0.031497
v 0.068855 0.400332 0.026344
v 0.072714 0.400332 -0.002765
v 0.066656 0.400332 -0.031497
v 0.026345 0.469181 -0.068856
v -0.002764 0.469181 -0.072714
v -0.031496 0.469181 -0.066657
v 0.026345 0.503607 -0.068856
v -0.002764 0.503607 -0.072714
v -0.031496 0.503607 -0.066657
v 0.026345 0.538031 -0.068856
v -0.002764 0.538031 -0.072714
v -0.031496 0.538031 -0.066657
v -0.068855 0.469181 -0.026345
v -0.072714 0.469181 0.002764
v -0.066657 0.469181 0.031496
v -0.068855 0.503607 -0.026345
v -0.072714 0.503607 0.002764
v -0.066657 0.503607 0.031496
v -0.068855 0.538031 -0.026345
v -0.072714 0.538031 0.002764
v -0.066657 0.538031 0.031496
v -0.026344 0.469181 0.068856
v 0.002765 0.469181 0.072714
v 0.031496 0.469181 0.066656
v -0.026344 0.503607 0.068856
v 0.002765 0.503607 0.072714
v 0.031496 0.503607 0.066656
v -0.026344 0.538031 0.068856
v 0.002765 0.538031 0.072714
v 0.031496 0.538031 0.066656
v 0.068855 0.469181 0.026344
v 0.072714 0.469181 -0.002765
v 0.066656 0.469181 -0.031497
v 0.068855 0.503607 0.026344
v 0.072714 0.503607 -0.002765
v 0.066656 0.503607 -0.031497
v 0.068855 0.538031 0.026344
v 0.072714 0.538031 -0.002765
v 0.066656 0.538031 -0.031497
v 0.026345 0.675731 -0.068856
v -0.002764 0.675731 -0.072714
v -0.031496 0.675731 -0.066657
v -0.068855 0.675731 -0.026345
v -0.072714 0.675731 0.002764
v -0.066657 0.675731 0.031496
v -0.026344 0.675731 0.068856
v 0.002765 0.675731 0.072714
v 0.031496 0.675731 0.066656
v 0.068855 0.675731 0.026344
v 0.072714 0.675731 -0.002765
v 0.066656 0.675731 -0.031497
v 0.026343 0.744567 -0.068856
v -0.002764 0.744582 -0.072714
v -0.031495 0.744597 -0.066657
v 0.026333 0.778895 -0.068856
v -0.002763 0.779017 -0.072714
v -0.031483 0.779138 -0.066657
v 0.026306 0.813057 -0.068856
v -0.002761 0.813470 -0.072714
v -0.031451 0.813877 -0.066657
v -0.068852 0.744617 -0.026345
v -0.072710 0.744619 0.002764
v -0.066653 0.744616 0.031496
v -0.068826 0.779295 -0.026345
v -0.072683 0.779311 0.002764
v -0.066629 0.779285 0.031496
v -0.068756 0.814407 -0.026345
v -0.072609 0.814461 0.002764
v -0.066561 0.814375 0.031496
v -0.026343 0.744595 0.068856
v 0.002765 0.744579 0.072714
v 0.031494 0.744564 0.066656
v -0.026333 0.779116 0.068856
v 0.002764 0.778994 0.072714
v 0.031482 0.778873 0.066656
v -0.026307 0.813804 0.068856
v 0.002760 0.813391 0.072714
v 0.031450 0.812984 0.066656
v 0.068852 0.744545 0.026344
v 0.072711 0.744543 -0.002765
v 0.066653 0.744546 -0.031497
v 0.068827 0.778717 0.026344
v 0.072683 0.778700 -0.002765
v 0.066629 0.778726 -0.031497
v 0.068756 0.812455 0.026344
v 0.072609 0.812400 -0.002765
v 0.066560 0.812486 -0.031497
v 0.026241 0.880416 -0.068856
v -0.002647 0.882327 -0.072714
v -0.031162 0.884213 -0.066657
v 0.026622 0.912632 -0.068856
v -0.001944 0.915940 -0.072714
v -0.030139 0.919205 -0.066657
v 0.027822 0.942721 -0.068856
v -0.000051 0.947986 -0.072714
v -0.027564 0.953183 -0.066657
v -0.068238 0.886666 -0.026345
v -0.072067 0.886919 0.002764
v -0.066056 0.886521 0.031496
v -0.066800 0.923450 -0.026345
v -0.070586 0.923888 0.002764
v -0.064642 0.923200 0.031496
v -0.063338 0.959941 -0.026345
v -0.067033 0.960639 0.002764
v -0.061233 0.959544 0.031496
v -0.026049 0.883875 0.068856
v 0.002840 0.881964 0.072714
v 0.031353 0.880078 0.066656
v -0.025083 0.918619 0.068856
v 0.003482 0.915311 0.072714
v 0.031676 0.912046 0.066656
v -0.022631 0.952252 0.068856
v 0.005242 0.946986 0.072714
v 0.032755 0.941789 0.066656
v 0.068430 0.877625 0.026344
v 0.072260 0.877372 -0.002765
v 0.066249 0.877769 -0.031497
v 0.068338 0.907801 0.026344
v 0.072124 0.907362 -0.002765
v 0.066180 0.908051 -0.031497
v 0.068529 0.935031 0.026344
v 0.072223 0.934333 -0.002765
v 0.066424 0.935429 -0.031497
v 0.023023 -0.043008 -0.059145
v -0.002373 -0.043881 -0.062401
v -0.027446 -0.043007 -0.057226
v 0.025206 -0.024152 -0.065940
v -0.002648 -0.024419 -0.069654
v -0.030140 -0.024152 -0.063835
v 0.026203 0.000000 -0.068491
v -0.002749 -0.000034 -0.072332
v -0.031327 0.000000 -0.066305
v -0.059144 -0.043008 -0.023023
v -0.062401 -0.043881 0.002372
v -0.057226 -0.043007 0.027447
v -0.065939 -0.024152 -0.025207
v -0.069653 -0.024419 0.002648
v -0.063835 -0.024152 0.030140
v -0.068491 0.000000 -0.026203
v -0.072331 -0.000034 0.002750
v -0.066304 0.000000 0.031326
v -0.023023 -0.043008 0.059145
v 0.002372 -0.043881 0.062401
v 0.027447 -0.043007 0.057226
v -0.025207 -0.024152 0.065939
v 0.002648 -0.024419 0.069653
v 0.030140 -0.024152 0.063835
v -0.026202 0.000000 0.068491
v 0.002749 -0.000034 0.072331
v 0.031327 0.000000 0.066304
v 0.059145 -0.043008 0.023023
v 0.062401 -0.043881 -0.002373
v 0.057226 -0.043007 -0.027447
v 0.065939 -0.024152 0.025206
v 0.069653 -0.024419 -0.002648
v 0.063835 -0.024152 -0.030140
v 0.068491 0.000000 0.026202
v 0.072332 -0.000034 -0.002750
v 0.066304 0.000000 -0.031327
v 0.034462 0.993065 -0.068856
v 0.009691 1.004236 -0.072714
v -0.014760 1.015262 -0.066657
v 0.041167 1.012357 -0.068856
v 0.018866 1.027185 -0.072714
v -0.003146 1.041822 -0.066657
v 0.051224 1.027591 -0.068856
v 0.031879 1.046060 -0.072714
v 0.012786 1.064289 -0.066657
v -0.046553 1.029599 -0.026345
v -0.049836 1.031080 0.002764
v -0.044681 1.028755 0.031496
v -0.031769 1.060854 -0.026345
v -0.034725 1.062820 0.002764
v -0.030084 1.059734 0.031496
v -0.012042 1.087993 -0.026345
v -0.014607 1.090441 0.002764
v -0.010582 1.086598 0.031496
v -0.010376 1.013285 0.068856
v 0.014396 1.002115 0.072714
v 0.038846 0.991089 0.066656
v 0.000801 1.039198 0.068856
v 0.023102 1.024369 0.072714
v 0.045114 1.009732 0.066656
v 0.016209 1.061021 0.068856
v 0.035554 1.042552 0.072714
v 0.054648 1.024322 0.066656
v 0.070638 0.976752 0.026344
v 0.073922 0.975271 -0.002765
v 0.068768 0.977596 -0.031497
v 0.073737 0.990701 0.026344
v 0.076693 0.988735 -0.002765
v 0.072053 0.991821 -0.031497
v 0.079476 1.000619 0.026344
v 0.082040 0.998171 -0.002765
v 0.078014 1.002014 -0.031497
v 0.084467 1.045792 -0.068856
v 0.072038 1.070025 -0.072714
v 0.059771 1.093943 -0.066657
v 0.107651 1.049655 -0.068856
v 0.098775 1.075739 -0.072714
v 0.090013 1.101486 -0.066657
v 0.134186 1.051252 -0.068856
v 0.128530 1.078627 -0.072714
v 0.122948 1.105649 -0.066657
v 0.043821 1.125044 -0.026345
v 0.042173 1.128256 0.002764
v 0.044759 1.123214 0.031496
v 0.078620 1.134964 -0.026345
v 0.077443 1.138421 0.002764
v 0.079291 1.132993 0.031496
v 0.115689 1.140784 -0.026345
v 0.114940 1.144413 0.002764
v 0.116116 1.138716 0.031496
v 0.061971 1.089655 0.068856
v 0.074399 1.065422 0.072714
v 0.086667 1.041504 0.066656
v 0.091585 1.096870 0.068856
v 0.100461 1.070785 0.072714
v 0.109223 1.045038 0.066656
v 0.123949 1.100804 0.068856
v 0.129605 1.073428 0.072714
v 0.135187 1.046406 0.066656
v 0.102616 1.010403 0.026344
v 0.104264 1.007191 -0.002765
v 0.101678 1.012233 -0.031497
v 0.120615 1.011560 0.026344
v 0.121791 1.008103 -0.002765
v 0.119944 1.013531 -0.031497
v 0.142446 1.011271 0.026344
v 0.143196 1.007642 -0.002765
v 0.142019 1.013339 -0.031497
v 0.194022 1.051354 -0.068856
v 0.192692 1.080085 -0.072714
v 0.191379 1.108444 -0.066657
v 0.226084 1.050907 -0.068856
v 0.225770 1.079900 -0.072714
v 0.225461 1.108517 -0.066657
v 0.259015 1.050291 -0.068856
v 0.259213 1.079380 -0.072714
v 0.259409 1.108092 -0.066657
v 0.189672 1.145319 -0.026345
v 0.189495 1.149127 0.002764
v 0.189772 1.143148 0.031496
v 0.225058 1.145727 -0.026345
v 0.225018 1.149570 0.002764
v 0.225083 1.143537 0.031496
v 0.259664 1.145426 -0.026345
v 0.259690 1.149282 0.002764
v 0.259649 1.143228 0.031496
v 0.191614 1.103359 0.068856
v 0.192945 1.074628 0.072714
v 0.194258 1.046269 0.066656
v 0.225516 1.103386 0.068856
v 0.225830 1.074394 0.072714
v 0.226139 1.045777 0.066656
v 0.259374 1.102944 0.068856
v 0.259176 1.073855 0.072714
v 0.258979 1.045143 0.066656
v 0.195965 1.009395 0.026344
v 0.196142 1.005586 -0.002765
v 0.195865 1.011565 -0.031497
v 0.226541 1.008566 0.026344
v 0.226583 1.004723 -0.002765
v 0.226518 1.010756 -0.031497
v 0.258724 1.007809 0.026344
v 0.258698 1.003954 -0.002765
v 0.258739 1.010007 -0.031497
v 0.003478 0.569876 0.091477
v 0.039623 0.569876 0.083857
v 0.069058 0.569876 0.063999
v 0.359715 1.048189 -0.068856
v 0.360100 1.077258 -0.072714
v 0.360479 1.105951 -0.066657
v 0.393783 1.047543 -0.068856
v 0.393689 1.076535 -0.072714
v 0.393596 1.105151 -0.066657
v -0.086623 0.569876 -0.033143
v -0.091477 0.569876 0.003477
v -0.083857 0.569876 0.039623
v 0.360972 1.143260 -0.026345
v 0.361023 1.147113 0.002764
v 0.360943 1.141064 0.031496
v 0.393477 1.142359 -0.026345
v 0.393464 1.146202 0.002764
v 0.393484 1.140170 0.031496
v -0.063999 0.569876 0.069058
v 0.064000 0.569876 -0.069058
v 0.033142 0.569876 -0.086623
v 0.360410 1.100806 0.068856
v 0.360027 1.071737 0.072714
v 0.359648 1.043044 0.066656
v 0.393613 1.100020 0.068856
v 0.393706 1.071028 0.072714
v 0.393799 1.042413 0.066656
v -0.003477 0.569876 -0.091478
v -0.039623 0.569876 -0.083857
v -0.069058 0.569876 -0.064000
v 0.359154 1.005735 0.026344
v 0.359103 1.001882 -0.002765
v 0.359184 1.007931 -0.031496
v 0.393918 1.005204 0.026344
v 0.393932 1.001361 -0.002765
v 0.393912 1.007394 -0.031497
v 0.463205 1.046678 -0.068856
v 0.460574 1.075240 -0.072714
v 0.457977 1.103431 -0.066657
v 0.497784 1.047711 -0.068856
v 0.493006 1.075708 -0.072714
v 0.488290 1.103341 -0.066657
v 0.531130 1.051297 -0.068856
v 0.523676 1.078252 -0.072714
v 0.516317 1.104858 -0.066657
v 0.454602 1.140088 -0.026345
v 0.454253 1.143874 0.002764
v 0.454800 1.137931 0.031496
v 0.482157 1.139273 -0.026345
v 0.481523 1.142984 0.002764
v 0.482518 1.137158 0.031496
v 0.506750 1.139454 -0.026345
v 0.505762 1.143026 0.002764
v 0.507313 1.137417 0.031496
v 0.458444 1.098376 0.068856
v 0.461074 1.069815 0.072714
v 0.463670 1.041623 0.066656
v 0.489135 1.098387 0.068856
v 0.493913 1.070390 0.072714
v 0.498630 1.042757 0.066656
v 0.517637 1.100088 0.068856
v 0.525091 1.073132 0.072714
v 0.532449 1.046526 0.066656
v 0.467046 1.004966 0.026344
v 0.467396 1.001180 -0.002765
v 0.466848 1.007123 -0.031497
v 0.504762 1.006825 0.026344
v 0.505396 1.003114 -0.002765
v 0.504402 1.008940 -0.031497
v 0.542016 1.011931 0.026344
v 0.543003 1.008358 -0.002765
v 0.541453 1.013967 -0.031497
v 0.590541 1.070677 -0.068856
v 0.576399 1.093441 -0.072714
v 0.562440 1.115910 -0.066657
v 0.615000 1.086702 -0.068856
v 0.597224 1.106380 -0.072714
v 0.579680 1.125802 -0.066657
v 0.635006 1.105739 -0.068856
v 0.613829 1.121982 -0.072714
v 0.592927 1.138014 -0.066657
v 0.544289 1.145126 -0.026345
v 0.542414 1.148143 0.002764
v 0.545357 1.143406 0.031496
v 0.556868 1.151057 -0.026345
v 0.554512 1.153665 0.002764
v 0.558211 1.149570 0.031496
v 0.565748 1.158860 -0.026345
v 0.562942 1.161013 0.002764
v 0.567349 1.157633 0.031496
v 0.564943 1.111881 0.068856
v 0.579085 1.089118 0.072714
v 0.593044 1.066649 0.066656
v 0.582826 1.122320 0.068856
v 0.600601 1.102642 0.072714
v 0.618145 1.083220 0.066656
v 0.596676 1.135139 0.068856
v 0.617852 1.118897 0.072714
v 0.638754 1.102865 0.066656
v 0.611195 1.037433 0.026344
v 0.613070 1.034416 -0.002765
v 0.610127 1.039152 -0.031497
v 0.640957 1.057965 0.026344
v 0.643314 1.055357 -0.002765
v 0.639615 1.059452 -0.031497
v 0.665933 1.082018 0.026344
v 0.668739 1.079865 -0.002765
v 0.664332 1.083245 -0.031497
v 0.659197 1.148934 -0.068856
v 0.633137 1.158258 -0.072714
v 0.607414 1.167462 -0.066657
v 0.664103 1.171651 -0.068856
v 0.636711 1.177912 -0.072714
v 0.609672 1.184092 -0.066657
v 0.666000 1.194498 -0.068856
v 0.637803 1.198188 -0.072714
v 0.609970 1.201830 -0.066657
v 0.573967 1.179429 -0.026345
v 0.570513 1.180665 0.002764
v 0.575936 1.178724 0.031496
v 0.574514 1.192128 -0.026345
v 0.570883 1.192958 0.002764
v 0.576583 1.191655 0.031496
v 0.573780 1.206566 -0.026345
v 0.570043 1.207055 0.002764
v 0.575911 1.206288 0.031496
v 0.612026 1.165811 0.068856
v 0.638087 1.156487 0.072714
v 0.663810 1.147284 0.066656
v 0.614520 1.182984 0.068855
v 0.641913 1.176723 0.072714
v 0.668952 1.170543 0.066656
v 0.614961 1.201177 0.068855
v 0.643158 1.197487 0.072714
v 0.670991 1.193845 0.066656
v 0.697257 1.135317 0.026344
v 0.700711 1.134081 -0.002765
v 0.695289 1.136021 -0.031497
v 0.704109 1.162507 0.026344
v 0.707740 1.161678 -0.002765
v 0.702040 1.162980 -0.031497
v 0.707181 1.189109 0.026344
v 0.710919 1.188620 -0.002765
v 0.705050 1.189388 -0.031497
v 0.666258 1.239051 -0.068856
v 0.637343 1.239685 -0.072714
v 0.608802 1.240310 -0.066657
v 0.666147 1.261249 -0.068856
v 0.637096 1.261357 -0.072714
v 0.608422 1.261464 -0.066657
v 0.666082 1.284557 -0.068856
v 0.636982 1.284554 -0.072714
v 0.608259 1.284551 -0.066657
v 0.571690 1.241122 -0.026345
v 0.567858 1.241206 0.002764
v 0.573875 1.241074 0.031496
v 0.571137 1.261602 -0.026345
v 0.567287 1.261617 0.002764
v 0.573331 1.261594 0.031496
v 0.570910 1.284547 -0.026345
v 0.567052 1.284547 0.002764
v 0.573108 1.284547 0.031496
v 0.613920 1.240198 0.068855
v 0.642834 1.239564 0.072714
v 0.671375 1.238939 0.066656
v 0.613564 1.261444 0.068855
v 0.642613 1.261336 0.072714
v 0.671287 1.261230 0.066656
v 0.613408 1.284552 0.068855
v 0.642509 1.284554 0.072714
v 0.671232 1.284557 0.066656
v 0.708486 1.238126 0.026344
v 0.712319 1.238042 -0.002765
v 0.706303 1.238174 -0.031497
v 0.708572 1.261091 0.026344
v 0.712423 1.261076 -0.002765
v 0.706378 1.261099 -0.031497
v 0.708581 1.284561 0.026344
v 0.712438 1.284562 -0.002765
v 0.706382 1.284561 -0.031497
v 0.666471 1.337949 -0.068856
v 0.637364 1.338171 -0.072714
v 0.608634 1.338389 -0.066657
v 0.666962 1.368228 -0.068856
v 0.637858 1.368570 -0.072715
v 0.609128 1.368908 -0.066657
v 0.667579 1.400007 -0.068856
v 0.638475 1.400453 -0.072715
v 0.609748 1.400894 -0.066657
v 0.571278 1.338673 -0.026345
v 0.567420 1.338703 0.002764
v 0.573477 1.338657 0.031496
v 0.571774 1.369347 -0.026345
v 0.567915 1.369392 0.002764
v 0.573972 1.369321 0.031496
v 0.572393 1.401467 -0.026345
v 0.568536 1.401527 0.002764
v 0.574592 1.401434 0.031496
v 0.613786 1.338350 0.068855
v 0.642893 1.338129 0.072714
v 0.671622 1.337910 0.066656
v 0.614280 1.368847 0.068855
v 0.643385 1.368505 0.072714
v 0.672114 1.368167 0.066656
v 0.614898 1.400815 0.068855
v 0.644003 1.400369 0.072714
v 0.672730 1.399928 0.066656
v 0.708979 1.337625 0.026344
v 0.712837 1.337596 -0.002765
v 0.706780 1.337642 -0.031497
v 0.709469 1.367728 0.026344
v 0.713327 1.367683 -0.002765
v 0.707270 1.367754 -0.031497
v 0.710084 1.399354 0.026344
v 0.713942 1.399295 -0.002765
v 0.707885 1.399388 -0.031497
v 0.668947 1.465245 -0.068856
v 0.639845 1.465822 -0.072715
v 0.611119 1.466391 -0.066657
v 0.669637 1.497961 -0.068856
v 0.640535 1.498564 -0.072715
v 0.611809 1.499159 -0.066657
v 0.670327 1.530693 -0.068856
v 0.641225 1.531305 -0.072715
v 0.612500 1.531909 -0.066657
v 0.573767 1.467131 -0.026345
v 0.569909 1.467208 0.002764
v 0.575966 1.467088 0.031496
v 0.574458 1.499932 -0.026345
v 0.570600 1.500012 0.002764
v 0.576657 1.499887 0.031496
v 0.575148 1.532695 -0.026345
v 0.571290 1.532776 0.002764
v 0.577347 1.532648 0.031496
v 0.616269 1.466289 0.068855
v 0.645373 1.465712 0.072714
v 0.674098 1.465143 0.066656
v 0.616959 1.499052 0.068855
v 0.646063 1.498450 0.072714
v 0.674788 1.497855 0.066656
v 0.617650 1.531801 0.068855
v 0.646753 1.531189 0.072714
v 0.675478 1.530585 0.066656
v 0.711450 1.464403 0.026344
v 0.715308 1.464326 -0.002765
v 0.709251 1.464446 -0.031497
v 0.712139 1.497082 0.026344
v 0.715996 1.497002 -0.002765
v 0.709941 1.497127 -0.031497
v 0.712829 1.529799 0.026344
v 0.716686 1.529718 -0.002765
v 0.710631 1.529845 -0.031497
v 0.671707 1.596178 -0.068856
v 0.642605 1.596778 -0.072714
v 0.613881 1.597371 -0.066657
v 0.672394 1.628965 -0.068857
v 0.643298 1.629469 -0.072714
v 0.614580 1.629974 -0.066655
v 0.673075 1.661830 -0.068859
v 0.643998 1.662077 -0.072712
v 0.615295 1.662342 -0.066649
v 0.576531 1.598144 -0.026344
v 0.572673 1.598226 0.002764
v 0.578729 1.598103 0.031496
v 0.577236 1.630650 -0.026341
v 0.573379 1.630736 0.002768
v 0.579432 1.630648 0.031499
v 0.577969 1.662754 -0.026331
v 0.574110 1.662850 0.002777
v 0.580157 1.662858 0.031507
v 0.619030 1.597276 0.068855
v 0.648133 1.596676 0.072714
v 0.676857 1.596083 0.066656
v 0.619724 1.629969 0.068856
v 0.648819 1.629465 0.072713
v 0.677538 1.628960 0.066654
v 0.620422 1.662583 0.068858
v 0.649500 1.662336 0.072711
v 0.678202 1.662072 0.066648
v 0.714206 1.595309 0.026343
v 0.718064 1.595228 -0.002765
v 0.712009 1.595350 -0.031497
v 0.714881 1.628284 0.026340
v 0.718739 1.628198 -0.002769
v 0.712686 1.628285 -0.031500
v 0.715529 1.661659 0.026330
v 0.719387 1.661564 -0.002778
v 0.713340 1.661556 -0.031508
v 0.673854 1.761633 -0.069074
v 0.645087 1.759315 -0.072876
v 0.616683 1.757177 -0.066766
v 0.671620 1.796006 -0.069553
v 0.643297 1.791962 -0.073302
v 0.615329 1.788182 -0.067139
v 0.579719 1.754894 -0.026393
v 0.575877 1.755040 0.002717
v 0.581837 1.755950 0.031430
v 0.578927 1.783961 -0.026702
v 0.575139 1.784059 0.002412
v 0.581000 1.785498 0.031111
v 0.621647 1.759651 0.068704
v 0.650414 1.761970 0.072507
v 0.678819 1.764108 0.066396
v 0.620187 1.791783 0.068307
v 0.648509 1.795826 0.072056
v 0.676477 1.799606 0.065894
v 0.715783 1.766391 0.026023
v 0.719624 1.766245 -0.003086
v 0.713664 1.765335 -0.031800
v 0.712879 1.803828 0.025456
v 0.716668 1.803730 -0.003658
v 0.710806 1.802291 -0.032357
v 0.658259 1.867715 -0.071924
v 0.631956 1.858491 -0.075455
v 0.605985 1.849700 -0.069080
v 0.646669 1.903171 -0.073661
v 0.621974 1.890709 -0.077039
v 0.597599 1.878757 -0.070515
v 0.632319 1.935604 -0.075390
v 0.609546 1.919850 -0.078613
v 0.587080 1.904671 -0.071936
v 0.572187 1.839302 -0.028372
v 0.568677 1.839022 0.000763
v 0.574127 1.841831 0.029411
v 0.565904 1.864361 -0.029616
v 0.562629 1.863756 -0.000463
v 0.567766 1.867337 0.028150
v 0.557911 1.886151 -0.030842
v 0.554930 1.885176 -0.001671
v 0.559706 1.889503 0.026908
v 0.610528 1.855625 0.066299
v 0.636832 1.864849 0.069830
v 0.662803 1.873640 0.063455
v 0.601963 1.885727 0.064824
v 0.626657 1.898190 0.068202
v 0.651032 1.910142 0.061677
v 0.591286 1.912523 0.063365
v 0.614061 1.928277 0.066588
v 0.636526 1.943457 0.059911
v 0.696600 1.884038 0.022748
v 0.700111 1.884317 -0.006388
v 0.694660 1.881509 -0.035036
v 0.682728 1.924537 0.020779
v 0.686003 1.925142 -0.008374
v 0.680865 1.921562 -0.036988
v 0.665696 1.961976 0.018817
v 0.668675 1.962952 -0.010354
v 0.663900 1.958624 -0.038933
v 0.597137 1.983370 -0.077689
v 0.578833 1.962012 -0.080675
v 0.560828 1.941304 -0.073766
v 0.577290 1.998288 -0.078107
v 0.561347 1.974864 -0.081027
v 0.545706 1.952103 -0.074051
v 0.556656 2.009354 -0.078211
v 0.543010 1.984304 -0.081092
v 0.529670 1.959918 -0.074077
v 0.537617 1.915608 -0.032370
v 0.535375 1.913899 -0.003169
v 0.539357 1.919402 0.025360
v 0.525677 1.923688 -0.032569
v 0.523848 1.921662 -0.003358
v 0.527432 1.927554 0.025157
v 0.512749 1.929328 -0.032543
v 0.511327 1.927030 -0.003326
v 0.514532 1.933205 0.025182
v 0.564905 1.950193 0.061487
v 0.583209 1.971551 0.064474
v 0.601215 1.992259 0.057564
v 0.549816 1.961159 0.061193
v 0.565758 1.984583 0.064113
v 0.581401 2.007344 0.057137
v 0.533850 1.969000 0.061164
v 0.547496 1.994050 0.064045
v 0.560837 2.018436 0.057030
v 0.624425 2.017955 0.016168
v 0.626667 2.019664 -0.013033
v 0.622685 2.014162 -0.041561
v 0.601430 2.035759 0.015655
v 0.603259 2.037785 -0.013556
v 0.599675 2.031894 -0.042071
v 0.577759 2.049026 0.015495
v 0.579180 2.051325 -0.013721
v 0.575974 2.045149 -0.042229
v 0.514937 2.026582 -0.078041
v 0.505265 1.999384 -0.080900
v 0.495909 1.972845 -0.073863
v 0.493351 2.034044 -0.077844
v 0.485318 2.006207 -0.080713
v 0.477607 1.979027 -0.073686
v 0.469978 2.040254 -0.077491
v 0.463445 2.011980 -0.080380
v 0.457239 1.984362 -0.073373
v 0.484376 1.939347 -0.032301
v 0.483670 1.936664 -0.003080
v 0.486227 1.943193 0.025424
v 0.468298 1.944661 -0.032136
v 0.467888 1.941862 -0.002917
v 0.470178 1.948495 0.025589
v 0.449964 1.949404 -0.031850
v 0.449825 1.946527 -0.002634
v 0.451869 1.953231 0.025875
v 0.500246 1.981854 0.061378
v 0.509919 2.009051 0.064237
v 0.519275 2.035590 0.057201
v 0.482011 1.988009 0.061555
v 0.490043 2.015847 0.064424
v 0.497754 2.043026 0.057397
v 0.461702 1.993327 0.061867
v 0.468235 2.021601 0.064756
v 0.474442 2.049219 0.057749
v 0.530808 2.069087 0.015638
v 0.531513 2.071771 -0.013582
v 0.528956 2.065243 -0.042087
v 0.507063 2.077393 0.015847
v 0.507473 2.080191 -0.013371
v 0.505184 2.073558 -0.041878
v 0.481716 2.084177 0.016226
v 0.481855 2.087054 -0.012989
v 0.479811 2.080350 -0.041498
v 0.414051 2.047258 -0.076061
v 0.410374 2.018467 -0.079011
v 0.407033 1.990331 -0.072065
v 0.381514 2.048130 -0.074990
v 0.379176 2.019183 -0.077975
v 0.377178 1.990891 -0.071064
v 0.347226 2.047907 -0.073776
v 0.346052 2.018853 -0.076794
v 0.345221 1.990453 -0.069916
v 0.403633 1.954673 -0.030625
v 0.404009 1.951702 -0.001421
v 0.405587 1.958491 0.027098
v 0.375594 1.955019 -0.029672
v 0.376212 1.952021 -0.000474
v 0.377572 1.958834 0.028051
v 0.345216 1.954437 -0.028568
v 0.346042 1.951419 0.000624
v 0.347213 1.958250 0.029155
v 0.411612 1.999276 0.063172
v 0.415287 2.028066 0.066122
v 0.418628 2.056202 0.059176
v 0.381811 1.999828 0.064172
v 0.384147 2.028775 0.067157
v 0.386146 2.057068 0.060246
v 0.349900 1.999387 0.065319
v 0.351074 2.028441 0.068337
v 0.351906 2.056841 0.061459
v 0.422028 2.091861 0.017736
v 0.421653 2.094831 -0.011468
v 0.420074 2.088043 -0.039987
v 0.387729 2.092939 0.018854
v 0.387112 2.095938 -0.010344
v 0.385752 2.089124 -0.038869
v 0.351912 2.092857 0.020111
v 0.351084 2.095875 -0.009081
v 0.349914 2.089044 -0.037612
v 0.582307 1.754569 -0.061541
v 0.582121 1.724928 -0.061417
v 0.709328 1.728604 -0.066390
v 0.708624 1.762528 -0.066640
v 0.730435 1.696005 0.031803
v 0.735100 1.695893 -0.003368
v 0.209156 2.044308 -0.068686
v 0.209288 2.015174 -0.071743
v 0.209766 1.986693 -0.064905
v 0.727808 1.695704 -0.038079
v 0.615640 1.695460 0.083215
v 0.650734 1.695709 0.087861
v 0.685377 1.695907 0.080528
v 0.713592 1.696015 0.061445
v 0.712844 1.662991 0.061464
v 0.211530 1.950567 -0.023611
v 0.212593 1.947535 0.005574
v 0.213551 1.954379 0.034111
v 0.564425 1.694657 -0.031782
v 0.559761 1.694769 0.003389
v 0.567052 1.694957 0.038099
v 0.586073 1.695197 0.066359
v 0.585182 1.663904 0.066346
v 0.679220 1.695202 -0.083195
v 0.214497 1.995623 0.070328
v 0.214366 2.024758 0.073385
v 0.213889 2.053239 0.066547
v 0.644126 1.694952 -0.087841
v 0.609483 1.694755 -0.080507
v 0.581268 1.694647 -0.061424
v 0.580348 1.663720 -0.061444
v 0.708010 1.662807 -0.066326
v 0.708787 1.695464 -0.066338
v 0.212123 2.089364 0.025252
v 0.211062 2.092397 -0.003932
v 0.210104 2.085553 -0.032469
v 0.142813 2.042324 -0.066221
v 0.141001 2.013427 -0.069228
v 0.139530 1.985184 -0.062340
v 0.111198 2.041985 -0.065092
v 0.107656 2.013472 -0.068067
v 0.104448 1.985615 -0.061147
v 0.081587 2.042945 -0.064130
v 0.075763 2.015217 -0.067084
v 0.070267 1.988146 -0.060143
v 0.138659 1.949381 -0.020978
v 0.139371 1.946392 0.008216
v 0.140645 1.953197 0.036745
v 0.101230 1.950334 -0.019742
v 0.101630 1.947414 0.009458
v 0.103186 1.954156 0.037981
v 0.063954 1.953928 -0.018708
v 0.063942 1.951149 0.010495
v 0.065870 1.957764 0.039015
v 0.144183 1.994124 0.072895
v 0.145995 2.023021 0.075902
v 0.147467 2.051264 0.069014
v 0.109032 1.994571 0.074089
v 0.112575 2.023083 0.077065
v 0.115782 2.050941 0.070144
v 0.074759 1.997133 0.075095
v 0.080583 2.024862 0.078049
v 0.086078 2.051932 0.071107
v 0.148337 2.087066 0.027651
v 0.147625 2.090056 -0.001543
v 0.146351 2.083250 -0.030071
v 0.118999 2.086222 0.028739
v 0.118600 2.089142 -0.000461
v 0.117043 2.082399 -0.028984
v 0.092392 2.086151 0.029673
v 0.092403 2.088930 0.000470
v 0.090475 2.082315 -0.028050
v 0.031314 2.051392 -0.063005
v 0.019202 2.027066 -0.065994
v 0.007399 2.003408 -0.059087
v 0.011640 2.059760 -0.062943
v -0.004148 2.038054 -0.065998
v -0.019638 2.017023 -0.059159
v -0.004049 2.071192 -0.063248
v -0.023409 2.052507 -0.066405
v -0.042480 2.034506 -0.059666
v -0.007442 1.973804 -0.017699
v -0.008587 1.971639 0.011498
v -0.005633 1.977698 0.040024
v -0.039467 1.990973 -0.017862
v -0.041275 1.989279 0.011323
v -0.037721 1.994912 0.039859
v -0.067152 2.012554 -0.018507
v -0.069604 2.011405 0.010660
v -0.065468 2.016545 0.039213
v 0.011638 2.012532 0.076150
v 0.023750 2.036857 0.079138
v 0.035551 2.060516 0.072231
v -0.015548 2.026252 0.076074
v 0.000241 2.047959 0.079130
v 0.015731 2.068990 0.072291
v -0.038533 2.043857 0.075563
v -0.019173 2.062542 0.078720
v -0.000102 2.080543 0.071981
v 0.050394 2.090120 0.030844
v 0.051539 2.092285 0.001646
v 0.048584 2.086225 -0.026879
v 0.035559 2.095040 0.030994
v 0.037368 2.096733 0.001809
v 0.033813 2.091101 -0.026727
v 0.024571 2.102495 0.030821
v 0.027022 2.103644 0.001654
v 0.022886 2.098503 -0.026898
v -0.022772 2.103880 -0.065029
v -0.047589 2.091743 -0.068484
v -0.072133 2.080315 -0.062046
v -0.026742 2.124427 -0.066385
v -0.053222 2.115411 -0.070014
v -0.079437 2.107155 -0.063759
v -0.028601 2.146615 -0.067872
v -0.056194 2.140309 -0.071662
v -0.083529 2.134891 -0.065592
v -0.104209 2.067272 -0.021296
v -0.107645 2.067322 0.007814
v -0.102620 2.071413 0.036412
v -0.113778 2.098544 -0.023285
v -0.117520 2.099286 0.005768
v -0.112228 2.102989 0.034370
v -0.119400 2.130495 -0.025443
v -0.123358 2.132079 0.003510
v -0.117900 2.135672 0.032073
v -0.068410 2.090015 0.073155
v -0.043594 2.102152 0.076610
v -0.019049 2.113580 0.070172
v -0.075807 2.117571 0.071318
v -0.049326 2.126588 0.074946
v -0.023111 2.134842 0.068692
v -0.080013 2.147019 0.069161
v -0.052421 2.153324 0.072952
v -0.025085 2.158742 0.066882
v 0.013027 2.126623 0.029422
v 0.016464 2.126573 0.000312
v 0.011438 2.122483 -0.028286
v 0.011229 2.143454 0.028217
v 0.014971 2.142712 -0.000835
v 0.009680 2.139009 -0.029438
v 0.010786 2.163138 0.026733
v 0.014744 2.161554 -0.002221
v 0.009286 2.157961 -0.030784
v -0.030452 2.192328 -0.070761
v -0.059160 2.189358 -0.074747
v -0.087639 2.187886 -0.069002
v -0.031474 2.214509 -0.072462
v -0.060393 2.212124 -0.076447
v -0.089106 2.211772 -0.070871
v -0.032446 2.235640 -0.074890
v -0.061441 2.233354 -0.078790
v -0.090251 2.233811 -0.073443
v -0.125143 2.190770 -0.029706
v -0.129378 2.194759 -0.001171
v -0.123811 2.199508 0.027061
v -0.126986 2.217900 -0.032352
v -0.131319 2.223596 -0.004328
v -0.125772 2.229762 0.023424
v -0.128332 2.243324 -0.036254
v -0.132742 2.251166 -0.009159
v -0.127243 2.259322 0.017688
v -0.084519 2.208358 0.063995
v -0.055811 2.211329 0.067981
v -0.027332 2.212801 0.062236
v -0.086262 2.239564 0.059805
v -0.057342 2.241950 0.063790
v -0.028630 2.242302 0.058213
v -0.087700 2.271291 0.052935
v -0.058704 2.273577 0.056835
v -0.029894 2.273120 0.051488
v 0.010171 2.209917 0.022940
v 0.014407 2.205929 -0.005594
v 0.008840 2.201178 -0.033827
v 0.009250 2.236174 0.019695
v 0.013584 2.230478 -0.008330
v 0.008036 2.224312 -0.036081
v 0.008186 2.263607 0.014299
v 0.012597 2.255765 -0.012796
v 0.007097 2.247609 -0.039643
v -0.033717 2.273011 -0.083613
v -0.062717 2.270220 -0.087049
v -0.091570 2.272143 -0.082512
v -0.033958 2.288231 -0.090350
v -0.062958 2.285075 -0.093415
v -0.091821 2.287790 -0.089461
v -0.034037 2.300362 -0.098696
v -0.063035 2.296833 -0.101323
v -0.091907 2.300298 -0.098020
v -0.129830 2.290020 -0.050544
v -0.134353 2.303693 -0.027193
v -0.128959 2.317515 -0.004032
v -0.130141 2.310489 -0.061374
v -0.134706 2.327575 -0.040826
v -0.129351 2.344737 -0.020430
v -0.130273 2.327645 -0.074343
v -0.134869 2.348037 -0.056992
v -0.129545 2.368440 -0.039756
v -0.089529 2.336558 0.026459
v -0.060528 2.339349 0.029895
v -0.031675 2.337426 0.025358
v -0.089969 2.368028 0.006465
v -0.060969 2.371184 0.009530
v -0.032106 2.368469 0.005576
v -0.090201 2.395874 -0.016986
v -0.061203 2.399403 -0.014360
v -0.032331 2.395939 -0.017662
v 0.006585 2.319549 -0.006610
v 0.011108 2.305876 -0.029961
v 0.005713 2.292054 -0.053122
v 0.006213 2.345770 -0.022512
v 0.010779 2.328684 -0.043060
v 0.005423 2.311522 -0.063456
v 0.006035 2.368592 -0.041339
v 0.010631 2.348199 -0.058691
v 0.005307 2.327797 -0.075926
v -0.034025 2.313297 -0.120237
v -0.063020 2.309166 -0.121872
v -0.091902 2.313722 -0.119910
v -0.034018 2.314710 -0.133553
v -0.063011 2.310383 -0.134697
v -0.091896 2.315244 -0.133345
v -0.034012 2.314253 -0.148721
v -0.063005 2.309788 -0.149431
v -0.091891 2.314839 -0.148600
v -0.130323 2.348030 -0.105602
v -0.134958 2.373402 -0.095084
v -0.129670 2.398702 -0.084621
v -0.130330 2.351590 -0.123432
v -0.134973 2.378434 -0.116137
v -0.129693 2.405188 -0.108877
v -0.130331 2.352500 -0.142483
v -0.134978 2.380302 -0.137979
v -0.129703 2.408004 -0.133495
v -0.090371 2.432440 -0.070753
v -0.061377 2.436571 -0.069118
v -0.032494 2.432016 -0.071080
v -0.090405 2.440816 -0.099243
v -0.061411 2.445143 -0.098100
v -0.032526 2.440282 -0.099451
v -0.090420 2.444879 -0.127542
v -0.061427 2.449344 -0.126832
v -0.032541 2.444293 -0.127664
v 0.005927 2.397708 -0.085387
v 0.010562 2.372335 -0.095906
v 0.005274 2.347035 -0.106369
v 0.005908 2.403936 -0.109364
v 0.010551 2.377092 -0.116660
v 0.005271 2.350338 -0.123920
v 0.005899 2.406633 -0.133780
v 0.010546 2.378829 -0.138284
v 0.005272 2.351127 -0.142768
v -0.034006 2.312315 -0.185108
v -0.062998 2.307705 -0.185275
v -0.091885 2.312930 -0.185080
v -0.034004 2.311935 -0.206639
v -0.062997 2.307296 -0.206704
v -0.091884 2.312554 -0.206629
v -0.034004 2.311887 -0.230647
v -0.062997 2.307238 -0.230681
v -0.091884 2.312508 -0.230643
v -0.130329 2.351863 -0.183642
v -0.134979 2.380602 -0.182582
v -0.129706 2.409235 -0.181527
v -0.130328 2.351730 -0.206068
v -0.134979 2.380647 -0.205656
v -0.129707 2.409458 -0.205245
v -0.130328 2.351773 -0.230357
v -0.134979 2.380756 -0.230145
v -0.129707 2.409632 -0.229935
v -0.090427 2.447344 -0.180126
v -0.061433 2.451954 -0.179958
v -0.032547 2.446729 -0.180153
v -0.090428 2.447802 -0.204699
v -0.061434 2.452441 -0.204633
v -0.032548 2.447183 -0.204709
v -0.090428 2.448063 -0.229656
v -0.061436 2.452712 -0.229622
v -0.032549 2.447442 -0.229660
v 0.005896 2.407795 -0.181592
v 0.010546 2.379057 -0.182652
v 0.005274 2.350424 -0.183707
v 0.005896 2.408007 -0.205269
v 0.010546 2.379090 -0.205682
v 0.005274 2.350279 -0.206093
v 0.005896 2.408177 -0.229946
v 0.010546 2.379194 -0.230157
v 0.005274 2.350318 -0.230368
v -0.034004 2.312406 -0.286711
v -0.062997 2.307755 -0.286758
v -0.091884 2.313027 -0.286705
v -0.034004 2.312839 -0.318235
v -0.062997 2.308189 -0.318290
v -0.091884 2.313460 -0.318228
v -0.034004 2.313340 -0.351173
v -0.062997 2.308690 -0.351235
v -0.091884 2.313961 -0.351165
v -0.130328 2.352303 -0.286313
v -0.134979 2.381294 -0.286024
v -0.129707 2.410179 -0.285736
v -0.130328 2.352736 -0.317763
v -0.134979 2.381727 -0.317420
v -0.129707 2.410611 -0.317078
v -0.130328 2.353236 -0.350637
v -0.134979 2.382226 -0.350247
v -0.129707 2.411109 -0.349859
v -0.090428 2.448621 -0.285352
v -0.061436 2.453272 -0.285306
v -0.032549 2.448000 -0.285358
v -0.090428 2.449052 -0.316624
v -0.061436 2.453702 -0.316569
v -0.032549 2.448431 -0.316631
v -0.090428 2.449551 -0.349343
v -0.061436 2.454200 -0.349280
v -0.032549 2.448929 -0.349351
v 0.005896 2.408724 -0.285750
v 0.010546 2.379733 -0.286040
v 0.005274 2.350848 -0.286328
v 0.005896 2.409155 -0.317096
v 0.010546 2.380165 -0.317439
v 0.005274 2.351281 -0.317781
v 0.005896 2.409654 -0.349879
v 0.010546 2.380664 -0.350268
v 0.005274 2.351781 -0.350656
v -0.034006 2.314413 -0.418530
v -0.062997 2.309763 -0.418592
v -0.091883 2.315034 -0.418501
v -0.034012 2.314955 -0.452318
v -0.063000 2.310303 -0.452315
v -0.091880 2.315571 -0.452151
v -0.034029 2.315502 -0.486257
v -0.063005 2.310844 -0.486075
v -0.091874 2.316107 -0.485718
v -0.130327 2.354307 -0.417879
v -0.134977 2.383297 -0.417428
v -0.129705 2.412179 -0.416982
v -0.130317 2.354842 -0.451404
v -0.134966 2.383830 -0.450918
v -0.129694 2.412713 -0.450459
v -0.130291 2.355369 -0.484669
v -0.134935 2.384355 -0.484112
v -0.129663 2.413238 -0.483647
v -0.090428 2.450620 -0.416399
v -0.061436 2.455270 -0.416336
v -0.032549 2.449999 -0.416428
v -0.090421 2.451155 -0.449936
v -0.061433 2.455807 -0.449939
v -0.032552 2.450539 -0.450103
v -0.090403 2.451686 -0.483323
v -0.061428 2.456344 -0.483505
v -0.032559 2.451080 -0.483862
v 0.005894 2.410726 -0.417050
v 0.010545 2.381737 -0.417501
v 0.005273 2.352854 -0.417947
v 0.005885 2.411269 -0.450850
v 0.010533 2.382280 -0.451337
v 0.005261 2.353398 -0.451795
v 0.005858 2.411818 -0.484911
v 0.010503 2.382832 -0.485468
v 0.005231 2.353950 -0.485933
v -0.034178 2.316627 -0.554801
v -0.063093 2.311943 -0.553708
v -0.091897 2.317178 -0.552379
v -0.034671 2.317265 -0.588627
v -0.063531 2.312558 -0.586804
v -0.092275 2.317769 -0.584698
v -0.035903 2.318024 -0.621049
v -0.064684 2.313289 -0.618384
v -0.093344 2.318469 -0.615382
v -0.130215 2.356396 -0.549834
v -0.134837 2.385373 -0.548941
v -0.129564 2.414256 -0.548463
v -0.130500 2.356950 -0.580954
v -0.135101 2.385919 -0.579793
v -0.129828 2.414801 -0.579306
v -0.131441 2.357603 -0.610255
v -0.136013 2.386561 -0.608785
v -0.130739 2.415442 -0.608287
v -0.090372 2.452734 -0.549169
v -0.061456 2.457417 -0.550262
v -0.032653 2.452182 -0.551591
v -0.090700 2.453305 -0.580837
v -0.061841 2.458011 -0.582660
v -0.033097 2.452800 -0.584766
v -0.091700 2.453979 -0.610770
v -0.062919 2.458714 -0.613435
v -0.034259 2.453534 -0.616438
v 0.005665 2.412964 -0.554136
v 0.010286 2.383987 -0.555029
v 0.005014 2.355105 -0.555507
v 0.005128 2.413619 -0.588511
v 0.009729 2.384651 -0.589671
v 0.004455 2.355769 -0.590159
v 0.003837 2.414400 -0.621564
v 0.008410 2.385442 -0.623034
v 0.003136 2.356561 -0.623533
v -0.041947 2.320449 -0.678083
v -0.070351 2.315665 -0.673705
v -0.098605 2.320741 -0.668818
v -0.047106 2.324128 -0.700267
v -0.074375 2.319487 -0.695579
v -0.101382 2.324341 -0.689944
v -0.053243 2.331858 -0.716531
v -0.078175 2.327772 -0.712364
v -0.102576 2.332006 -0.706221
v -0.136124 2.359550 -0.660822
v -0.140598 2.388327 -0.658738
v -0.135339 2.417050 -0.658195
v -0.137323 2.361666 -0.681041
v -0.141652 2.389351 -0.678955
v -0.136524 2.416972 -0.678255
v -0.134247 2.365012 -0.697510
v -0.138170 2.390283 -0.695953
v -0.133490 2.415437 -0.694805
v -0.096765 2.455468 -0.662661
v -0.068375 2.460255 -0.667096
v -0.040106 2.455176 -0.671926
v -0.099505 2.454019 -0.683383
v -0.072358 2.458690 -0.688527
v -0.045229 2.453806 -0.693706
v -0.100816 2.448268 -0.699916
v -0.076282 2.452456 -0.705574
v -0.051483 2.448120 -0.710225
v -0.002588 2.416367 -0.679923
v 0.001871 2.387594 -0.682063
v -0.003372 2.358867 -0.682549
v -0.009289 2.416480 -0.702609
v -0.005081 2.388826 -0.705151
v -0.010087 2.361174 -0.705395
v -0.019812 2.415114 -0.718936
v -0.016287 2.389945 -0.721984
v -0.020569 2.364690 -0.721642
v 0.315736 1.954843 -0.063313
v 0.315278 1.982659 -0.083276
v 0.315209 2.017271 -0.091605
v 0.315507 2.052677 -0.087905
v 0.316154 2.082876 -0.071778
v 0.319659 1.963318 0.065009
v 0.318712 1.943393 0.037126
v 0.317619 1.935074 0.002435
v 0.316566 1.938759 -0.033049
v 0.320079 2.091350 0.056543
v 0.320536 2.063535 0.076506
v 0.320605 2.028923 0.084836
v 0.320306 1.993517 0.081136
v 0.317102 2.102801 -0.043896
v 0.318196 2.111119 -0.009205
v 0.319249 2.107435 0.026280
v 0.205857 2.079466 -0.067133
v 0.241808 2.080687 -0.068655
v 0.278594 2.081818 -0.070204
v 0.280286 1.953612 -0.061809
v 0.244076 1.952453 -0.060281
v 0.207044 1.951381 -0.058727
v 0.284228 1.962085 0.066511
v 0.248023 1.960926 0.068039
v 0.210982 1.959855 0.069593
v 0.282537 2.090291 0.058116
v 0.245756 2.089159 0.059665
v 0.209795 2.087941 0.061188
v 0.278423 2.051580 -0.086347
v 0.278701 2.016126 -0.090067
v 0.279349 1.981467 -0.081756
v 0.241767 2.050442 -0.084803
v 0.242202 2.014981 -0.088528
v 0.243007 1.980315 -0.080223
v 0.205573 2.049256 -0.083273
v 0.205713 2.013835 -0.086990
v 0.206222 1.979209 -0.078676
v 0.281418 1.937502 -0.031556
v 0.282575 1.933809 0.003925
v 0.283574 1.942136 0.038619
v 0.245288 1.936340 -0.030031
v 0.246474 1.932646 0.005449
v 0.247447 1.940973 0.040144
v 0.208103 1.935289 -0.028472
v 0.209237 1.931602 0.007009
v 0.210257 1.939924 0.041703
v 0.284400 1.992323 0.082654
v 0.284121 2.027777 0.086374
v 0.283474 2.062436 0.078063
v 0.248064 1.991170 0.084187
v 0.247629 2.026631 0.087912
v 0.246825 2.061298 0.079607
v 0.211268 1.990066 0.085734
v 0.211128 2.025487 0.089451
v 0.210619 2.060113 0.081137
v 0.281406 2.106401 0.027863
v 0.280248 2.110094 -0.007618
v 0.279249 2.101767 -0.042312
v 0.244543 2.105273 0.029415
v 0.243357 2.108967 -0.006065
v 0.242384 2.100639 -0.040760
v 0.208736 2.104032 0.030933
v 0.207604 2.107720 -0.004548
v 0.206582 2.099398 -0.039242
v 0.558829 1.663984 0.003367
v 0.566134 1.663991 0.038080
v 0.614786 1.663723 0.083211
v 0.649920 1.663482 0.087866
v 0.684601 1.663224 0.080541
v 0.729702 1.662821 0.031825
v 0.734363 1.662728 -0.003346
v 0.727058 1.662720 -0.038060
v 0.679839 1.727612 -0.083231
v 0.644834 1.726554 -0.087861
v 0.610274 1.725602 -0.080511
v 0.679348 1.760459 -0.083450
v 0.644588 1.758195 -0.088045
v 0.610268 1.756107 -0.080662
v 0.565311 1.724668 -0.031769
v 0.560649 1.724805 0.003402
v 0.567911 1.725287 0.038107
v 0.565604 1.753877 -0.031879
v 0.560964 1.754019 0.003293
v 0.568164 1.754908 0.037987
v 0.616365 1.727053 0.083197
v 0.651372 1.728111 0.087826
v 0.685931 1.729062 0.080476
v 0.616266 1.758523 0.083025
v 0.651024 1.760788 0.087619
v 0.685346 1.762876 0.080237
v 0.730894 1.729996 0.031733
v 0.735556 1.729859 -0.003437
v 0.728294 1.729377 -0.038142
v 0.730008 1.765106 0.031454
v 0.734650 1.764963 -0.003718
v 0.727448 1.764074 -0.038412
v 0.291635 1.014845 -0.066006
v 0.257621 1.015702 -0.066006
v 0.258360 1.142791 -0.061171
v 0.293200 1.141994 -0.061171
v 0.292854 1.113866 -0.080151
v 0.292429 1.079326 -0.087435
v 0.291998 1.044332 -0.082795
v 0.258332 1.137960 0.066005
v 0.293141 1.137160 0.066005
v 0.293374 1.156135 0.037872
v 0.293464 1.163417 0.003324
v 0.293407 1.158779 -0.031678
v 0.257593 1.010871 0.061171
v 0.291576 1.010011 0.061171
v 0.291922 1.038139 0.080150
v 0.292347 1.072679 0.087434
v 0.292778 1.107673 0.082794
v 0.291401 0.995869 -0.037873
v 0.291312 0.988588 -0.003324
v 0.291368 0.993226 0.031677
v 0.360593 1.013193 -0.066006
v 0.325923 1.013993 -0.066006
v 0.327818 1.141124 -0.061171
v 0.362022 1.140198 -0.061171
v 0.327745 1.136291 0.066005
v 0.361968 1.135370 0.066005
v 0.325850 1.009160 0.061171
v 0.360538 1.008365 0.061171
v 0.257792 1.045175 -0.082795
v 0.257996 1.080153 -0.087435
v 0.258197 1.114677 -0.080151
v 0.258458 1.159568 -0.031678
v 0.258484 1.164205 0.003324
v 0.258443 1.156926 0.037872
v 0.258161 1.108487 0.082794
v 0.257958 1.073509 0.087434
v 0.257757 1.038985 0.080150
v 0.257496 0.994093 0.031677
v 0.257468 0.989457 -0.003324
v 0.257511 0.996735 -0.037873
v 0.326362 1.043476 -0.082795
v 0.326884 1.078465 -0.087435
v 0.327398 1.113000 -0.080151
v 0.360924 1.042647 -0.082795
v 0.361318 1.077601 -0.087435
v 0.361706 1.112102 -0.080151
v 0.328068 1.157906 -0.031678
v 0.328136 1.162544 0.003324
v 0.328028 1.155263 0.037872
v 0.362211 1.156964 -0.031678
v 0.362263 1.161597 0.003324
v 0.362182 1.154323 0.037872
v 0.327306 1.106808 0.082794
v 0.326785 1.071819 0.087434
v 0.326270 1.037283 0.080150
v 0.361636 1.105916 0.082794
v 0.361243 1.070962 0.087434
v 0.360855 1.036461 0.080150
v 0.325601 0.992377 0.031677
v 0.325532 0.987740 -0.003324
v 0.325640 0.995020 -0.037873
v 0.360350 0.991599 0.031677
v 0.360297 0.986966 -0.003324
v 0.360380 0.994239 -0.037873
v -0.003477 0.642166 -0.091478
v -0.039623 0.642166 -0.083857
v 0.033142 0.678311 -0.086623
v -0.003477 0.678311 -0.091478
v -0.039623 0.678311 -0.083857
v -0.086623 0.606021 -0.033143
v -0.091477 0.606021 0.003477
v -0.083857 0.606021 0.039623
v -0.086623 0.642166 -0.033143
v -0.091477 0.642166 0.003477
v -0.083857 0.642166 0.039623
v -0.086623 0.678311 -0.033143
v -0.091477 0.678311 0.003477
v -0.083857 0.678311 0.039623
v -0.033143 0.606021 0.086623
v 0.003478 0.606021 0.091477
v 0.039623 0.606021 0.083857
v -0.033143 0.642166 0.086623
v 0.003478 0.642166 0.091477
v 0.039623 0.642166 0.083857
v -0.033143 0.678311 0.086623
v 0.003478 0.678311 0.091477
v 0.039623 0.678311 0.083857
v 0.086624 0.606021 0.033142
v 0.091478 0.606021 -0.003478
v 0.083857 0.606021 -0.039624
v 0.086624 0.642166 0.033142
v 0.091478 0.642166 -0.003478
v 0.083857 0.642166 -0.039624
v 0.086624 0.678311 0.033142
v 0.091478 0.678311 -0.003478
v 0.083857 0.678311 -0.039624
vn 0.2411 -0.9444 0.2234
vn 0.0091 -0.9709 0.2392
vn -0.0000 -1.0000 -0.0000
vn 0.2392 -0.9709 -0.0091
vn -0.2234 -0.9444 0.2411
vn -0.2392 -0.9709 0.0091
vn -0.0091 -0.9709 -0.2392
vn 0.2234 -0.9444 -0.2411
vn -0.2411 -0.9444 -0.2234
vn 0.4894 -0.7449 0.4535
vn 0.2683 -0.8083 0.5241
vn 0.5430 -0.8083 0.2277
vn 0.0210 -0.8327 0.5533
vn -0.2278 -0.8083 0.5430
vn -0.4535 -0.7449 0.4894
vn -0.5241 -0.8083 0.2683
vn -0.5533 -0.8327 0.0210
vn -0.5430 -0.8083 -0.2278
vn -0.4894 -0.7448 -0.4536
vn -0.2683 -0.8083 -0.5241
vn -0.0211 -0.8327 -0.5533
vn 0.2278 -0.8083 -0.5430
vn 0.5241 -0.8083 -0.2683
vn 0.4536 -0.7448 -0.4894
vn 0.5533 -0.8327 -0.0210
vn -0.0096 -0.1569 -0.9876
vn -0.2235 -0.1560 -0.9621
vn -0.2286 0.0602 -0.9717
vn -0.0089 0.0577 -0.9983
vn -0.4196 -0.1480 -0.8956
vn -0.4271 0.0588 -0.9023
vn -0.2170 0.2716 -0.9376
vn -0.0047 0.2682 -0.9634
vn -0.4121 0.2616 -0.8728
vn 0.2631 -0.4040 -0.8761
vn 0.0388 -0.4530 -0.8907
vn 0.3074 -0.1874 -0.9329
vn -0.1941 -0.4628 -0.8650
vn -0.4141 -0.4423 -0.7956
vn -0.6041 -0.3872 -0.6966
vn -0.6655 -0.1754 -0.7255
vn -0.6812 0.0515 -0.7303
vn -0.6573 0.2754 -0.7015
vn -0.5891 0.4789 -0.6508
vn -0.3983 0.5387 -0.7424
vn -0.1792 0.5600 -0.8089
vn 0.0517 0.5462 -0.8360
vn 0.3125 0.2806 -0.9075
vn 0.2735 0.4894 -0.8281
vn 0.3216 0.0481 -0.9457
vn 0.3190 -0.0000 -0.9478
vn -0.0380 -0.0000 -0.9993
vn -0.3900 -0.0000 -0.9208
vn 0.6797 -0.0071 -0.7334
vn 0.3190 -0.0069 -0.9477
vn 0.6797 -0.0000 -0.7334
vn -0.0380 -0.0068 -0.9993
vn -0.3900 -0.0069 -0.9208
vn -0.7334 -0.0071 -0.6797
vn -0.7335 -0.0000 -0.6797
vn 0.6797 -0.0000 -0.7335
vn -0.9478 -0.0000 -0.3190
vn -0.9993 -0.0000 0.0380
vn -0.9208 -0.0000 0.3900
vn -0.9477 -0.0069 -0.3190
vn -0.9993 -0.0068 0.0380
vn -0.9208 -0.0070 0.3901
vn -0.6797 -0.0071 0.7334
vn -0.6797 -0.0000 0.7335
vn -0.3190 -0.0000 0.9478
vn 0.0380 -0.0000 0.9993
vn 0.3900 -0.0000 0.9208
vn -0.3190 -0.0069 0.9477
vn 0.0380 -0.0068 0.9993
vn 0.3901 -0.0069 0.9208
vn 0.7335 -0.0071 0.6797
vn 0.7335 -0.0000 0.6797
vn 0.9478 -0.0000 0.3190
vn 0.9993 -0.0000 -0.0380
vn 0.9208 -0.0000 -0.3900
vn 0.9477 -0.0069 0.3190
vn 0.9993 -0.0068 -0.0380
vn 0.9208 -0.0069 -0.3900
vn 0.1278 0.9909 0.0421
vn 0.0971 0.9912 0.0900
vn 0.1273 0.9909 0.0434
vn -0.0052 0.9907 -0.1360
vn 0.0421 0.9909 -0.1278
vn 0.0434 0.9909 -0.1273
vn -0.0052 -0.9907 -0.1360
vn -0.0517 -0.9909 -0.1242
vn -0.0530 -0.9909 -0.1236
vn 0.0517 0.9909 0.1242
vn 0.0530 0.9909 0.1236
vn -0.0900 -0.9912 0.0971
vn -0.0421 -0.9909 0.1278
vn -0.0434 -0.9909 0.1273
vn -0.1242 0.9909 0.0517
vn -0.1360 0.9907 0.0052
vn -0.1236 0.9909 0.0530
vn -0.9993 0.0001 0.0380
vn -0.0971 -0.9912 -0.0900
vn 0.0900 0.9912 -0.0971
vn 0.0052 -0.9907 0.1360
vn -0.1278 0.9909 -0.0421
vn -0.1273 0.9909 -0.0434
vn 0.0517 -0.9909 0.1242
vn 0.0530 -0.9909 0.1236
vn 0.1242 0.9909 -0.0517
vn 0.1236 0.9909 -0.0530
vn 0.0971 -0.9912 0.0900
vn -0.0971 0.9912 -0.0900
vn 0.1278 -0.9909 0.0421
vn 0.1273 -0.9909 0.0434
vn -0.0517 0.9909 -0.1242
vn -0.0530 0.9909 -0.1236
vn 0.0052 0.9907 0.1360
vn 0.1360 -0.9907 -0.0052
vn -0.1278 -0.9909 -0.0421
vn -0.1273 -0.9909 -0.0434
vn -0.0421 0.9909 0.1278
vn -0.0434 0.9909 0.1273
vn 0.1242 -0.9909 -0.0517
vn 0.1236 -0.9909 -0.0530
vn -0.0900 0.9912 0.0971
vn -0.1360 -0.9907 0.0052
vn 0.0900 -0.9912 -0.0971
vn 0.1360 0.9907 -0.0052
vn -0.1242 -0.9909 0.0517
vn -0.1236 -0.9909 0.0530
vn 0.0421 -0.9909 -0.1278
vn 0.0434 -0.9909 -0.1273
vn 0.3190 0.0001 -0.9478
vn -0.0380 0.0001 -0.9993
vn 0.3191 0.0002 -0.9477
vn -0.3901 0.0001 -0.9208
vn -0.3902 0.0003 -0.9207
vn -0.0381 0.0001 -0.9993
vn 0.3194 0.0005 -0.9476
vn -0.3905 0.0006 -0.9206
vn 0.6798 0.0002 -0.7334
vn -0.7335 0.0002 -0.6797
vn -0.7337 0.0008 -0.6795
vn -0.7340 0.0017 -0.6791
vn -0.7348 0.0044 -0.6783
vn -0.3914 0.0017 -0.9202
vn -0.0383 0.0003 -0.9993
vn 0.3200 0.0005 -0.9474
vn 0.6804 0.0016 -0.7329
vn 0.6811 0.0023 -0.7322
vn 0.6800 0.0007 -0.7332
vn -0.9478 0.0004 -0.3189
vn -0.9993 0.0004 0.0380
vn -0.9993 0.0014 0.0380
vn -0.9478 0.0013 -0.3188
vn -0.9208 0.0004 0.3899
vn -0.9209 0.0012 0.3898
vn -0.9993 0.0030 0.0379
vn -0.9479 0.0027 -0.3185
vn -0.9210 0.0025 0.3895
vn -0.6798 0.0002 0.7334
vn -0.6800 0.0007 0.7332
vn -0.6803 0.0015 0.7329
vn -0.6812 0.0039 0.7321
vn -0.9213 0.0063 0.3887
vn -0.9993 0.0073 0.0378
vn -0.9481 0.0066 -0.3179
vn -0.3190 0.0001 0.9477
vn 0.0380 0.0001 0.9993
vn -0.3191 0.0002 0.9477
vn 0.3901 0.0001 0.9208
vn 0.3902 0.0003 0.9207
vn 0.0381 0.0001 0.9993
vn -0.3195 0.0004 0.9476
vn 0.3906 0.0006 0.9206
vn 0.7335 0.0002 0.6797
vn 0.7337 0.0008 0.6795
vn 0.7340 0.0018 0.6791
vn 0.7347 0.0027 0.6784
vn 0.3912 0.0007 0.9203
vn 0.0380 0.0002 0.9993
vn -0.3202 0.0013 0.9473
vn 0.9478 0.0004 0.3189
vn 0.9993 0.0004 -0.0380
vn 0.9993 0.0015 -0.0380
vn 0.9478 0.0013 0.3188
vn 0.9208 0.0004 -0.3900
vn 0.9209 0.0012 -0.3898
vn 0.9993 0.0032 -0.0379
vn 0.9479 0.0028 0.3185
vn 0.9211 0.0027 -0.3894
vn 0.9214 0.0042 -0.3887
vn 0.9993 0.0051 -0.0378
vn 0.9481 0.0045 0.3178
vn 0.3207 -0.0014 -0.9472
vn -0.0392 0.0009 -0.9992
vn -0.0429 0.0024 -0.9991
vn 0.3224 -0.0120 -0.9465
vn -0.3936 0.0073 -0.9193
vn -0.3990 0.0209 -0.9167
vn -0.0400 0.0052 -0.9992
vn 0.3257 -0.0215 -0.9452
vn -0.4007 0.0465 -0.9150
vn 0.6825 0.0001 -0.7309
vn -0.7365 0.0163 -0.6762
vn -0.7386 0.0455 -0.6726
vn -0.7390 0.0954 -0.6669
vn -0.7328 0.1684 -0.6593
vn -0.4025 0.0852 -0.9114
vn -0.0445 0.0066 -0.9990
vn 0.3281 -0.0450 -0.9436
vn 0.6909 -0.0267 -0.7224
vn 0.6964 -0.0633 -0.7149
vn 0.6830 -0.0081 -0.7304
vn -0.9483 0.0232 -0.3164
vn -0.9990 0.0251 0.0377
vn -0.9970 0.0674 0.0373
vn -0.9474 0.0628 -0.3138
vn -0.9218 0.0222 0.3870
vn -0.9213 0.0604 0.3840
vn -0.9898 0.1374 0.0368
vn -0.9421 0.1288 -0.3097
vn -0.9169 0.1242 0.3792
vn -0.6854 0.0136 0.7280
vn -0.6857 0.0414 0.7267
vn -0.6871 0.0871 0.7213
vn -0.6828 0.1548 0.7140
vn -0.9026 0.2152 0.3728
vn -0.9711 0.2359 0.0361
vn -0.9263 0.2224 -0.3042
vn -0.3192 0.0056 0.9477
vn 0.0375 0.0001 0.9993
vn 0.0334 0.0001 0.9994
vn -0.3251 0.0157 0.9455
vn 0.3922 -0.0014 0.9199
vn 0.3895 -0.0076 0.9210
vn 0.0305 -0.0002 0.9995
vn -0.3286 0.0350 0.9438
vn 0.3957 -0.0216 0.9181
vn 0.7350 0.0008 0.6780
vn 0.7341 -0.0070 0.6790
vn 0.7442 -0.0259 0.6675
vn 0.7495 -0.0629 0.6590
vn 0.4025 -0.0483 0.9141
vn 0.0350 -0.0032 0.9994
vn -0.3317 0.0690 0.9409
vn 0.9486 0.0037 0.3165
vn 0.9993 0.0049 -0.0376
vn 0.9993 -0.0011 -0.0372
vn 0.9495 -0.0066 0.3136
vn 0.9220 0.0032 -0.3872
vn 0.9234 -0.0041 -0.3838
vn 0.9992 -0.0157 -0.0365
vn 0.9512 -0.0193 0.3081
vn 0.9257 -0.0210 -0.3776
vn 0.9277 -0.0577 -0.3688
vn 0.9981 -0.0494 -0.0354
vn 0.9522 -0.0550 0.3004
vn 0.2756 -0.5171 -0.8103
vn -0.0321 -0.5341 -0.8448
vn -0.0370 -0.2305 -0.9724
vn 0.3126 -0.2313 -0.9213
vn -0.3363 -0.5171 -0.7871
vn -0.3817 -0.2313 -0.8949
vn -0.0379 -0.0617 -0.9974
vn 0.3191 -0.0630 -0.9456
vn -0.3900 -0.0630 -0.9187
vn 0.5890 -0.4991 -0.6355
vn -0.6356 -0.4991 -0.5890
vn -0.7133 -0.2327 -0.6611
vn -0.7319 -0.0644 -0.6783
vn 0.6783 -0.0644 -0.7319
vn 0.6611 -0.2327 -0.7133
vn -0.8103 -0.5171 -0.2756
vn -0.8448 -0.5341 0.0321
vn -0.9724 -0.2305 0.0370
vn -0.9213 -0.2313 -0.3126
vn -0.7871 -0.5171 0.3363
vn -0.8949 -0.2313 0.3817
vn -0.9974 -0.0617 0.0379
vn -0.9456 -0.0630 -0.3191
vn -0.9187 -0.0630 0.3900
vn -0.5890 -0.4991 0.6355
vn -0.6611 -0.2326 0.7133
vn -0.6783 -0.0644 0.7319
vn -0.2756 -0.5171 0.8103
vn 0.0321 -0.5341 0.8448
vn 0.0370 -0.2305 0.9724
vn -0.3126 -0.2313 0.9213
vn 0.3363 -0.5171 0.7871
vn 0.3817 -0.2313 0.8949
vn 0.0379 -0.0617 0.9974
vn -0.3191 -0.0630 0.9456
vn 0.3900 -0.0630 0.9187
vn 0.6356 -0.4991 0.5890
vn 0.7133 -0.2327 0.6611
vn 0.7319 -0.0644 0.6783
vn 0.8103 -0.5171 0.2755
vn 0.8448 -0.5341 -0.0321
vn 0.9724 -0.2305 -0.0370
vn 0.9213 -0.2313 0.3126
vn 0.7871 -0.5171 -0.3363
vn 0.8949 -0.2313 -0.3817
vn 0.9974 -0.0617 -0.0379
vn 0.9456 -0.0630 0.3191
vn 0.9187 -0.0630 -0.3900
vn 0.3227 -0.0815 -0.9430
vn -0.0462 0.0170 -0.9988
vn -0.0469 0.0266 -0.9985
vn 0.2946 -0.1438 -0.9447
vn -0.3960 0.1399 -0.9075
vn -0.3705 0.2103 -0.9047
vn -0.0424 0.0386 -0.9984
vn 0.2352 -0.2177 -0.9473
vn -0.3149 0.2897 -0.9038
vn 0.6896 -0.1404 -0.7105
vn -0.7108 0.2654 -0.6514
vn -0.6592 0.3848 -0.6461
vn -0.5622 0.5176 -0.6450
vn -0.4187 0.6380 -0.6463
vn -0.2297 0.3599 -0.9043
vn -0.0303 0.0481 -0.9984
vn 0.1563 -0.2824 -0.9465
vn 0.5054 -0.4680 -0.7250
vn 0.3117 -0.6202 -0.7198
vn 0.6387 -0.2823 -0.7158
vn -0.8908 0.3425 -0.2985
vn -0.9319 0.3611 0.0353
vn -0.8591 0.5106 0.0349
vn -0.8222 0.4869 -0.2950
vn -0.8690 0.3326 0.3662
vn -0.8025 0.4742 0.3620
vn -0.7352 0.6769 0.0348
vn -0.7030 0.6473 -0.2945
vn -0.6859 0.6315 0.3615
vn -0.6638 0.2456 0.7064
vn -0.6163 0.3582 0.7013
vn -0.5253 0.4836 0.7002
vn -0.3899 0.5967 0.7014
vn -0.5156 0.7762 0.3629
vn -0.5551 0.8310 0.0350
vn -0.5293 0.7952 -0.2957
vn -0.3274 0.1143 0.9379
vn 0.0318 -0.0069 0.9995
vn 0.0254 -0.0119 0.9996
vn -0.3073 0.1733 0.9357
vn 0.3966 -0.0968 0.9129
vn 0.3635 -0.1746 0.9151
vn 0.0174 -0.0165 0.9997
vn -0.2613 0.2403 0.9349
vn 0.2900 -0.2684 0.9186
vn 0.7427 -0.1440 0.6539
vn 0.6897 -0.2983 0.6598
vn 0.5446 -0.5045 0.6700
vn 0.3303 -0.6710 0.6639
vn 0.1904 -0.3496 0.9173
vn 0.0116 -0.0216 0.9997
vn -0.1897 0.2991 0.9352
vn 0.9443 -0.1464 0.2948
vn 0.9894 -0.1411 -0.0346
vn 0.9340 -0.3557 -0.0352
vn 0.8879 -0.3494 0.2992
vn 0.9200 -0.1488 -0.3626
vn 0.8634 -0.3456 -0.3675
vn 0.7322 -0.6801 -0.0364
vn 0.6973 -0.6471 0.3083
vn 0.6788 -0.6297 -0.3776
vn 0.3864 -0.8447 -0.3703
vn 0.3998 -0.9159 -0.0355
vn 0.3913 -0.8694 0.3016
vn 0.0836 -0.3219 -0.9431
vn -0.0171 0.0485 -0.9987
vn -0.0092 0.0455 -0.9989
vn 0.0350 -0.3336 -0.9421
vn -0.1416 0.3985 -0.9062
vn -0.0778 0.4091 -0.9092
vn -0.0044 0.0404 -0.9992
vn 0.0070 -0.3322 -0.9432
vn -0.0386 0.4066 -0.9128
vn 0.1441 -0.6903 -0.7090
vn -0.2681 0.7118 -0.6492
vn -0.1545 0.7401 -0.6545
vn -0.0816 0.7453 -0.6617
vn -0.0398 0.7423 -0.6689
vn -0.0190 0.4013 -0.9158
vn -0.0042 0.0411 -0.9991
vn -0.0041 -0.3273 -0.9449
vn 0.0014 -0.6988 -0.7153
vn -0.0194 -0.6910 -0.7226
vn 0.0467 -0.7039 -0.7088
vn -0.3454 0.8901 -0.2974
vn -0.3639 0.9308 0.0352
vn -0.2165 0.9756 0.0356
vn -0.2042 0.9316 -0.3007
vn -0.3355 0.8685 0.3649
vn -0.1976 0.9083 0.3688
vn -0.1194 0.9922 0.0362
vn -0.1116 0.9456 -0.3057
vn -0.1075 0.9210 0.3745
vn -0.2483 0.6651 0.7043
vn -0.1420 0.6903 0.7094
vn -0.0742 0.6937 0.7164
vn -0.0357 0.6896 0.7233
vn -0.0544 0.9232 0.3806
vn -0.0616 0.9974 0.0369
vn -0.0569 0.9488 -0.3108
vn -0.1157 0.3301 0.9368
vn 0.0072 -0.0297 0.9995
vn 0.0029 -0.0350 0.9994
vn -0.0628 0.3375 0.9392
vn 0.0994 -0.3963 0.9127
vn 0.0401 -0.4087 0.9118
vn -0.0032 -0.0421 0.9991
vn -0.0283 0.3340 0.9422
vn 0.0088 -0.4030 0.9152
vn 0.1477 -0.7436 0.6521
vn 0.0445 -0.7566 0.6523
vn -0.0023 -0.7515 0.6597
vn -0.0169 -0.7399 0.6725
vn -0.0072 -0.4000 0.9165
vn -0.0025 -0.0381 0.9993
vn -0.0124 0.3279 0.9446
vn 0.1502 -0.9444 0.2926
vn 0.1448 -0.9889 -0.0343
vn 0.0207 -0.9992 -0.0346
vn 0.0285 -0.9552 0.2945
vn 0.1526 -0.9204 -0.3601
vn 0.0323 -0.9316 -0.3621
vn -0.0278 -0.9990 -0.0356
vn -0.0209 -0.9532 0.3017
vn -0.0174 -0.9288 -0.3702
vn -0.0320 -0.9250 -0.3786
vn -0.0365 -0.9987 -0.0366
vn -0.0344 -0.9504 0.3090
vn -0.0042 -0.3228 -0.9465
vn -0.0010 0.0393 -0.9992
vn -0.0001 0.0387 -0.9993
vn -0.0057 -0.3202 -0.9473
vn -0.0058 0.3955 -0.9185
vn 0.0017 0.3924 -0.9198
vn 0.0003 0.0371 -0.9993
vn -0.0062 -0.3209 -0.9471
vn 0.0047 0.3901 -0.9208
vn -0.0148 -0.6850 -0.7284
vn -0.0157 0.7384 -0.6742
vn 0.0008 0.7357 -0.6773
vn 0.0075 0.7339 -0.6792
vn -0.0147 -0.6815 -0.7317
vn -0.0147 -0.6816 -0.7316
vn -0.0240 0.9489 -0.3148
vn -0.0264 0.9989 0.0374
vn -0.0017 0.9993 0.0378
vn -0.0010 0.9484 -0.3172
vn -0.0227 0.9226 0.3851
vn -0.0007 0.9217 0.3879
vn 0.0086 0.9992 0.0379
vn 0.0085 0.9479 -0.3184
vn 0.0084 0.9210 0.3894
vn -0.0137 0.6852 0.7282
vn 0.0011 0.6822 0.7312
vn 0.0071 0.6802 0.7330
vn -0.0040 0.3271 0.9450
vn -0.0010 -0.0379 0.9993
vn -0.0009 -0.0377 0.9993
vn 0.0016 0.3212 0.9470
vn -0.0057 -0.3946 0.9188
vn -0.0072 -0.3915 0.9201
vn -0.0009 -0.0391 0.9992
vn 0.0039 0.3189 0.9478
vn -0.0078 -0.3920 0.9199
vn -0.0171 -0.7383 0.6742
vn -0.0163 -0.7351 0.6778
vn -0.0161 -0.7351 0.6778
vn -0.0275 -0.9489 0.3144
vn -0.0308 -0.9988 -0.0374
vn -0.0256 -0.9990 -0.0378
vn -0.0235 -0.9480 0.3173
vn -0.0259 -0.9227 -0.3847
vn -0.0225 -0.9214 -0.3881
vn -0.0236 -0.9990 -0.0378
vn -0.0221 -0.9480 0.3176
vn -0.0212 -0.9212 -0.3885
vn -0.9967 -0.0198 -0.0788
vn -0.9966 0.0093 -0.0822
vn -0.9966 0.0091 -0.0822
vn -0.9967 -0.0208 -0.0784
vn 0.9963 -0.0856 -0.0028
vn 0.9964 -0.0815 0.0229
vn 0.9964 -0.0812 0.0237
vn -0.0059 -0.3190 -0.9477
vn 0.0011 0.0390 -0.9992
vn 0.0012 0.0382 -0.9993
vn -0.0055 -0.3203 -0.9473
vn 0.0096 0.3919 -0.9200
vn 0.0103 0.3916 -0.9201
vn -0.9967 -0.0258 0.0768
vn -0.9969 -0.0548 0.0565
vn -0.9969 -0.0549 0.0563
vn -0.9967 -0.0268 0.0764
vn -0.9964 0.0846 0.0030
vn -0.9965 0.0781 0.0299
vn -0.9965 0.0777 0.0307
vn 0.9967 0.0209 -0.0787
vn 0.9965 -0.0087 -0.0828
vn 0.9965 -0.0085 -0.0828
vn 0.9967 0.0220 -0.0783
vn 0.9969 0.0733 -0.0281
vn 0.9969 0.0517 -0.0588
vn 0.9969 0.0518 -0.0587
vn 0.9969 0.0730 -0.0289
vn -0.9969 -0.0502 -0.0608
vn -0.9969 -0.0504 -0.0607
vn 0.0193 0.7350 -0.6778
vn 0.0212 0.7349 -0.6778
vn 0.0244 0.7369 -0.6756
vn 0.0110 0.3935 -0.9193
vn 0.0013 0.0382 -0.9993
vn -0.0036 -0.3223 -0.9466
vn -0.0100 -0.6814 -0.7318
vn -0.0048 -0.6836 -0.7298
vn -0.0114 -0.6803 -0.7329
vn 0.9966 -0.0624 -0.0545
vn 0.9964 -0.0798 -0.0283
vn 0.9964 -0.0795 -0.0291
vn 0.9966 -0.0623 -0.0547
vn -0.9965 0.0800 -0.0243
vn -0.9965 0.0797 -0.0252
vn 0.9966 -0.0365 -0.0745
vn 0.9966 -0.0370 -0.0742
vn 0.0261 0.9478 -0.3177
vn 0.0278 0.9989 0.0378
vn 0.0312 0.9988 0.0378
vn 0.0291 0.9478 -0.3174
vn 0.0251 0.9211 0.3885
vn 0.0280 0.9211 0.3882
vn -0.9968 -0.0724 -0.0327
vn -0.9968 -0.0721 -0.0334
vn 0.9969 0.0707 0.0344
vn 0.9968 0.0793 0.0035
vn 0.9969 0.0703 0.0351
vn -0.9966 0.0629 -0.0525
vn -0.9966 0.0627 -0.0526
vn 0.0177 0.6814 0.7317
vn 0.0194 0.6814 0.7317
vn 0.0220 0.6835 0.7296
vn 0.0332 0.9219 0.3861
vn 0.0376 0.9986 0.0375
vn 0.0347 0.9483 -0.3155
vn -0.9966 0.0369 -0.0736
vn -0.9966 0.0374 -0.0733
vn -0.9966 0.0031 0.0826
vn -0.9966 0.0028 0.0826
vn 0.9967 0.0147 0.0804
vn 0.9969 0.0468 0.0631
vn 0.9969 0.0469 0.0630
vn 0.9967 0.0158 0.0801
vn 0.0078 0.3208 0.9471
vn -0.0006 -0.0373 0.9993
vn -0.0005 -0.0382 0.9993
vn 0.0083 0.3204 0.9473
vn -0.0071 -0.3902 0.9207
vn -0.0065 -0.3916 0.9201
vn -0.9966 0.0313 0.0760
vn -0.9966 0.0318 0.0758
vn -0.9966 0.0589 0.0568
vn -0.9966 0.0587 0.0570
vn -0.9968 -0.0802 -0.0033
vn 0.9965 -0.0418 0.0718
vn 0.9965 -0.0150 0.0821
vn 0.9965 -0.0148 0.0822
vn 0.9965 -0.0423 0.0715
vn -0.0121 -0.7340 0.6791
vn -0.0105 -0.7350 0.6780
vn -0.0047 -0.7370 0.6758
vn -0.0041 -0.3938 0.9192
vn -0.0001 -0.0387 0.9993
vn 0.0087 0.3220 0.9467
vn 0.9966 -0.0660 0.0501
vn 0.9966 -0.0659 0.0503
vn -0.9968 -0.0748 0.0267
vn -0.9968 -0.0745 0.0274
vn -0.0147 -0.9479 0.3183
vn -0.0152 -0.9992 -0.0379
vn -0.0124 -0.9992 -0.0378
vn -0.0122 -0.9482 0.3176
vn -0.0144 -0.9210 -0.3893
vn -0.0121 -0.9214 -0.3884
vn -0.0039 -0.9223 -0.3865
vn -0.0031 -0.9993 -0.0376
vn -0.0036 -0.9488 0.3160
vn 0.0045 -0.3251 -0.9457
vn 0.0040 0.0373 -0.9993
vn 0.0008 0.0296 -0.9996
vn 0.0210 -0.3305 -0.9436
vn 0.0118 0.3958 -0.9183
vn -0.0082 0.3955 -0.9184
vn -0.0028 0.0337 -0.9994
vn 0.0585 -0.3332 -0.9410
vn -0.0407 0.4003 -0.9155
vn 0.0138 -0.6875 -0.7261
vn 0.0205 0.7352 -0.6776
vn -0.0028 0.7443 -0.6678
vn -0.0533 0.7473 -0.6624
vn -0.1445 0.7389 -0.6581
vn -0.0941 0.3936 -0.9145
vn -0.0065 0.0307 -0.9995
vn 0.1095 -0.3279 -0.9384
vn 0.1320 -0.6866 -0.7150
vn 0.2356 -0.6657 -0.7081
vn 0.0576 -0.6904 -0.7211
vn 0.0319 0.9504 -0.3093
vn 0.0357 0.9987 0.0371
vn 0.0130 0.9992 0.0365
vn 0.0086 0.9512 -0.3083
vn 0.0337 0.9232 0.3827
vn 0.0065 0.9258 0.3778
vn -0.0428 0.9984 0.0358
vn -0.0472 0.9518 -0.3030
vn -0.0494 0.9270 0.3718
vn 0.0169 0.6916 0.7220
vn -0.0049 0.6911 0.7227
vn -0.0535 0.6940 0.7180
vn -0.1398 0.6858 0.7142
vn -0.1546 0.9174 0.3667
vn -0.1510 0.9879 0.0351
vn -0.1536 0.9420 -0.2985
vn 0.0053 0.3196 0.9476
vn -0.0016 -0.0385 0.9993
vn 0.0032 -0.0403 0.9992
vn -0.0107 0.3258 0.9454
vn 0.0037 -0.3974 0.9176
vn 0.0298 -0.4026 0.9149
vn 0.0086 -0.0452 0.9989
vn -0.0349 0.3264 0.9446
vn 0.0723 -0.4044 0.9117
vn 0.0158 -0.7405 0.6719
vn 0.0634 -0.7426 0.6667
vn 0.1437 -0.7371 0.6603
vn 0.2547 -0.7132 0.6531
vn 0.1340 -0.3965 0.9082
vn 0.0164 -0.0470 0.9988
vn -0.0788 0.3201 0.9441
vn 0.0243 -0.9494 0.3132
vn 0.0268 -0.9989 -0.0372
vn 0.0936 -0.9949 -0.0368
vn 0.0873 -0.9468 0.3096
vn 0.0230 -0.9233 -0.3833
vn 0.0840 -0.9215 -0.3791
vn 0.2023 -0.9787 -0.0362
vn 0.1905 -0.9330 0.3052
vn 0.1843 -0.9090 -0.3739
vn 0.3196 -0.8732 -0.3679
vn 0.3473 -0.9371 -0.0355
vn 0.3292 -0.8953 0.3000
vn 0.1670 -0.3089 -0.9363
vn -0.0117 0.0283 -0.9995
vn -0.0175 0.0241 -0.9996
vn 0.2203 -0.2771 -0.9352
vn -0.1646 0.3724 -0.9134
vn -0.2398 0.3285 -0.9136
vn -0.0222 0.0176 -0.9996
vn 0.2666 -0.2315 -0.9356
vn -0.3072 0.2594 -0.9156
vn 0.3478 -0.6213 -0.7022
vn -0.2758 0.7028 -0.6557
vn -0.4283 0.6197 -0.6577
vn -0.5739 0.4800 -0.6635
vn -0.6807 0.3015 -0.6676
vn -0.3574 0.1727 -0.9178
vn -0.0251 0.0107 -0.9996
vn 0.3043 -0.1710 -0.9371
vn 0.5390 -0.4678 -0.7005
vn 0.6151 -0.3523 -0.7054
vn 0.4495 -0.5561 -0.6991
vn -0.3180 0.9006 -0.2964
vn -0.3220 0.9461 0.0348
vn -0.5441 0.8383 0.0352
vn -0.5254 0.7967 -0.2988
vn -0.3153 0.8763 0.3643
vn -0.5151 0.7746 0.3668
vn -0.7713 0.6354 0.0359
vn -0.7340 0.6073 -0.3040
vn -0.7144 0.5922 0.3726
vn -0.2620 0.6515 0.7120
vn -0.4014 0.5743 0.7135
vn -0.5328 0.4466 0.7188
vn -0.6298 0.2842 0.7229
vn -0.8563 0.3546 0.3754
vn -0.9292 0.3679 0.0362
vn -0.8815 0.3595 -0.3062
vn -0.1362 0.3024 0.9434
vn 0.0251 -0.0451 0.9987
vn 0.0328 -0.0413 0.9986
vn -0.1964 0.2668 0.9435
vn 0.2031 -0.3729 0.9054
vn 0.2668 -0.3344 0.9039
vn 0.0399 -0.0357 0.9986
vn -0.2500 0.2112 0.9449
vn 0.3222 -0.2796 0.9045
vn 0.3740 -0.6646 0.6468
vn 0.4819 -0.5947 0.6436
vn 0.5771 -0.5009 0.6451
vn 0.6587 -0.3784 0.6503
vn 0.3675 -0.2072 0.9067
vn 0.0461 -0.0271 0.9986
vn -0.2898 0.1417 0.9465
vn 0.4749 -0.8290 0.2953
vn 0.4985 -0.8662 -0.0349
vn 0.6331 -0.7733 -0.0346
vn 0.6049 -0.7405 0.2928
vn 0.4623 -0.8093 -0.3624
vn 0.5900 -0.7230 -0.3595
vn 0.7544 -0.6555 -0.0347
vn 0.7216 -0.6268 0.2940
vn 0.7041 -0.6115 -0.3609
vn 0.8053 -0.4667 -0.3657
vn 0.8637 -0.5028 -0.0353
vn 0.8255 -0.4792 0.2982
vn 0.3264 -0.1049 -0.9394
vn -0.0289 0.0056 -0.9996
vn -0.0330 0.0014 -0.9995
vn 0.3326 -0.0511 -0.9417
vn -0.3871 0.0890 -0.9177
vn -0.3980 0.0276 -0.9170
vn -0.0413 -0.0033 -0.9991
vn 0.3296 -0.0150 -0.9440
vn -0.3957 -0.0056 -0.9184
vn 0.6657 -0.2248 -0.7116
vn -0.7335 0.1347 -0.6663
vn -0.7462 0.0228 -0.6654
vn -0.7437 -0.0290 -0.6679
vn -0.7381 -0.0362 -0.6737
vn -0.3961 -0.0158 -0.9181
vn -0.0383 -0.0020 -0.9993
vn 0.3224 -0.0007 -0.9466
vn 0.6897 -0.0455 -0.7226
vn 0.6854 -0.0096 -0.7281
vn 0.6870 -0.1169 -0.7172
vn -0.9425 0.1376 -0.3045
vn -0.9905 0.1324 0.0359
vn -0.9993 -0.0088 0.0360
vn -0.9524 0.0007 -0.3047
vn -0.9169 0.1399 0.3738
vn -0.9275 0.0054 0.3739
vn -0.9973 -0.0638 0.0365
vn -0.9498 -0.0551 -0.3081
vn -0.9246 -0.0506 0.3777
vn -0.6795 0.1311 0.7219
vn -0.6926 0.0264 0.7209
vn -0.6906 -0.0235 0.7229
vn -0.6878 -0.0316 0.7252
vn -0.9224 -0.0529 0.3826
vn -0.9974 -0.0621 0.0371
vn -0.9483 -0.0560 -0.3125
vn -0.3143 0.0746 0.9464
vn 0.0477 -0.0163 0.9987
vn 0.0456 -0.0079 0.9989
vn -0.3243 0.0245 0.9456
vn 0.3949 -0.1282 0.9097
vn 0.4037 -0.0633 0.9127
vn 0.0401 -0.0029 0.9992
vn -0.3257 -0.0049 0.9455
vn 0.4015 -0.0221 0.9156
vn 0.7138 -0.2429 0.6568
vn 0.7379 -0.1275 0.6627
vn 0.7422 -0.0507 0.6683
vn 0.7369 -0.0159 0.6758
vn 0.3969 -0.0073 0.9178
vn 0.0390 -0.0012 0.9992
vn -0.3242 -0.0122 0.9459
vn 0.8998 -0.3139 0.3029
vn 0.9429 -0.3311 -0.0359
vn 0.9828 -0.1810 -0.0364
vn 0.9364 -0.1702 0.3070
vn 0.8771 -0.3048 -0.3713
vn 0.9119 -0.1645 -0.3761
vn 0.9963 -0.0777 -0.0369
vn 0.9478 -0.0719 0.3108
vn 0.9222 -0.0689 -0.3804
vn 0.9228 -0.0225 -0.3846
vn 0.9989 -0.0268 -0.0374
vn 0.9490 -0.0240 0.3143
vn 0.3212 0.0006 -0.9470
vn -0.0385 -0.0014 -0.9993
vn -0.0384 -0.0007 -0.9993
vn 0.3196 0.0009 -0.9476
vn -0.3932 -0.0101 -0.9194
vn -0.3914 -0.0052 -0.9202
vn -0.0384 -0.0001 -0.9993
vn 0.3188 -0.0002 -0.9478
vn -0.3907 -0.0009 -0.9205
vn 0.6825 -0.0025 -0.7309
vn -0.7348 -0.0242 -0.6779
vn -0.7348 -0.0119 -0.6782
vn -0.7340 -0.0023 -0.6791
vn -0.7337 0.0049 -0.6794
vn -0.3904 0.0026 -0.9206
vn -0.0384 0.0003 -0.9993
vn 0.3186 -0.0023 -0.9479
vn 0.6798 -0.0009 -0.7334
vn 0.6795 -0.0049 -0.7337
vn 0.6807 0.0003 -0.7326
vn -0.9481 -0.0357 -0.3160
vn -0.9985 -0.0391 0.0376
vn -0.9991 -0.0187 0.0378
vn -0.9480 -0.0171 -0.3178
vn -0.9216 -0.0339 0.3866
vn -0.9212 -0.0164 0.3887
vn -0.9993 -0.0038 0.0379
vn -0.9479 -0.0035 -0.3186
vn -0.9210 -0.0033 0.3895
vn -0.6846 -0.0215 0.7286
vn -0.6812 -0.0107 0.7320
vn -0.6804 -0.0020 0.7329
vn -0.6801 0.0045 0.7331
vn -0.9209 0.0061 0.3898
vn -0.9993 0.0066 0.0380
vn -0.9478 0.0063 -0.3188
vn -0.3218 -0.0079 0.9468
vn 0.0381 -0.0004 0.9993
vn 0.0378 -0.0001 0.9993
vn -0.3203 -0.0041 0.9473
vn 0.3926 0.0004 0.9197
vn 0.3908 0.0010 0.9205
vn 0.0376 -0.0001 0.9993
vn -0.3197 -0.0007 0.9475
vn 0.3899 -0.0003 0.9208
vn 0.7360 -0.0034 0.6770
vn 0.7343 -0.0001 0.6788
vn 0.7335 -0.0011 0.6797
vn 0.7332 -0.0053 0.6800
vn 0.3896 -0.0028 0.9210
vn 0.0376 -0.0003 0.9993
vn -0.3194 0.0022 0.9476
vn 0.9485 -0.0077 0.3168
vn 0.9992 -0.0091 -0.0377
vn 0.9993 -0.0022 -0.0379
vn 0.9480 -0.0017 0.3182
vn 0.9219 -0.0070 -0.3875
vn 0.9212 -0.0013 -0.3891
vn 0.9993 -0.0021 -0.0380
vn 0.9478 -0.0018 0.3189
vn 0.9209 -0.0017 -0.3899
vn 0.9207 -0.0067 -0.3901
vn 0.9993 -0.0073 -0.0380
vn 0.9477 -0.0069 0.3191
vn 0.3187 -0.0043 -0.9479
vn -0.0383 0.0005 -0.9993
vn -0.0381 0.0007 -0.9993
vn 0.3188 -0.0057 -0.9478
vn -0.3903 0.0053 -0.9207
vn -0.3901 0.0069 -0.9207
vn -0.0381 0.0008 -0.9993
vn 0.3188 -0.0064 -0.9478
vn -0.3900 0.0078 -0.9208
vn 0.6795 -0.0092 -0.7336
vn -0.7336 0.0099 -0.6795
vn -0.7335 0.0130 -0.6796
vn -0.7334 0.0147 -0.6797
vn -0.7333 0.0153 -0.6797
vn -0.3899 0.0082 -0.9208
vn -0.0380 0.0008 -0.9993
vn 0.3189 -0.0067 -0.9478
vn 0.6795 -0.0137 -0.7335
vn 0.6796 -0.0143 -0.7335
vn 0.6795 -0.0121 -0.7336
vn -0.9477 0.0128 -0.3188
vn -0.9992 0.0135 0.0380
vn -0.9991 0.0177 0.0380
vn -0.9476 0.0168 -0.3189
vn -0.9208 0.0124 0.3899
vn -0.9207 0.0163 0.3899
vn -0.9991 0.0200 0.0380
vn -0.9476 0.0190 -0.3189
vn -0.9206 0.0185 0.3900
vn -0.6799 0.0092 0.7333
vn -0.6798 0.0121 0.7333
vn -0.6797 0.0136 0.7334
vn -0.6796 0.0142 0.7334
vn -0.9206 0.0193 0.3900
vn -0.9991 0.0209 0.0380
vn -0.9476 0.0198 -0.3190
vn -0.3193 0.0043 0.9477
vn 0.0377 -0.0005 0.9993
vn 0.0378 -0.0007 0.9993
vn -0.3191 0.0057 0.9477
vn 0.3897 -0.0053 0.9209
vn 0.3898 -0.0070 0.9209
vn 0.0379 -0.0008 0.9993
vn -0.3190 0.0064 0.9477
vn 0.3899 -0.0079 0.9208
vn 0.7332 -0.0100 0.6799
vn 0.7332 -0.0131 0.6798
vn 0.7333 -0.0148 0.6798
vn 0.7333 -0.0154 0.6797
vn 0.3899 -0.0082 0.9208
vn 0.0380 -0.0008 0.9993
vn -0.3189 0.0067 0.9478
vn 0.9476 -0.0129 0.3191
vn 0.9992 -0.0136 -0.0380
vn 0.9991 -0.0179 -0.0380
vn 0.9476 -0.0169 0.3190
vn 0.9207 -0.0125 -0.3901
vn 0.9206 -0.0164 -0.3901
vn 0.9991 -0.0202 -0.0380
vn 0.9476 -0.0191 0.3190
vn 0.9206 -0.0186 -0.3900
vn 0.9206 -0.0193 -0.3900
vn 0.9991 -0.0210 -0.0380
vn 0.9476 -0.0199 0.3190
vn -0.7333 0.0154 -0.6797
vn -0.7333 0.0155 -0.6797
vn -0.9476 0.0199 -0.3190
vn -0.9991 0.0210 0.0380
vn -0.9476 0.0200 -0.3190
vn -0.9206 0.0194 0.3900
vn -0.9991 0.0211 0.0380
vn -0.6796 0.0143 0.7335
vn 0.7333 -0.0155 0.6797
vn 0.9476 -0.0200 0.3190
vn 0.9991 -0.0211 -0.0380
vn 0.9206 -0.0194 -0.3900
vn -0.0381 0.0009 -0.9993
vn 0.3190 -0.0067 -0.9477
vn -0.3900 0.0083 -0.9208
vn -0.3901 0.0086 -0.9207
vn -0.0368 0.0009 -0.9993
vn 0.3204 -0.0066 -0.9473
vn -0.3889 0.0088 -0.9212
vn 0.6796 -0.0142 -0.7334
vn -0.7333 0.0157 -0.6797
vn -0.7334 0.0163 -0.6796
vn -0.7327 0.0167 -0.6803
vn 0.6798 -0.0139 -0.7333
vn 0.6808 -0.0138 -0.7323
vn -0.9476 0.0203 -0.3189
vn -0.9991 0.0214 0.0380
vn -0.9990 0.0222 0.0379
vn -0.9476 0.0211 -0.3189
vn -0.9206 0.0197 0.3899
vn -0.9207 0.0202 0.3898
vn -0.9990 0.0227 0.0382
vn -0.9475 0.0217 -0.3191
vn -0.9203 0.0206 0.3906
vn -0.6796 0.0144 0.7334
vn -0.6797 0.0147 0.7333
vn -0.6786 0.0149 0.7344
vn 0.0381 -0.0007 0.9993
vn -0.3190 0.0068 0.9477
vn 0.3900 -0.0081 0.9208
vn 0.3901 -0.0078 0.9207
vn 0.0394 -0.0007 0.9992
vn -0.3175 0.0068 0.9482
vn 0.3913 -0.0077 0.9202
vn 0.7333 -0.0152 0.6797
vn 0.7335 -0.0146 0.6796
vn 0.7341 -0.0143 0.6789
vn 0.9476 -0.0196 0.3189
vn 0.9991 -0.0207 -0.0379
vn 0.9991 -0.0200 -0.0379
vn 0.9476 -0.0189 0.3189
vn 0.9206 -0.0192 -0.3899
vn 0.9207 -0.0186 -0.3898
vn 0.9991 -0.0195 -0.0376
vn 0.9477 -0.0184 0.3187
vn 0.9210 -0.0182 -0.3891
vn 0.0771 -0.9970 -0.0014
vn 0.0698 -0.9971 -0.0303
vn 0.0694 -0.9971 -0.0311
vn -0.0207 0.9952 0.0960
vn -0.0635 0.9948 0.0798
vn -0.0636 0.9948 0.0797
vn -0.0197 0.9952 0.0961
vn 0.3195 0.0083 -0.9476
vn -0.0425 -0.0144 -0.9990
vn -0.0360 -0.0214 -0.9991
vn 0.3259 0.0153 -0.9453
vn -0.3989 -0.0277 -0.9166
vn -0.3931 -0.0460 -0.9183
vn 0.0743 0.9967 0.0330
vn 0.0341 0.9963 0.0790
vn 0.0337 0.9963 0.0792
vn 0.0736 0.9967 0.0345
vn -0.0523 -0.9974 0.0503
vn -0.0292 -0.9973 0.0680
vn -0.0300 -0.9973 0.0676
vn -0.0524 -0.9974 0.0502
vn -0.0912 0.9957 0.0131
vn -0.0817 0.9966 -0.0072
vn -0.0821 0.9966 -0.0068
vn -0.0912 0.9957 0.0133
vn 0.0708 -0.9971 0.0275
vn 0.0704 -0.9971 0.0284
vn -0.0869 0.9951 0.0468
vn -0.0873 0.9951 0.0459
vn -0.7408 -0.0325 -0.6710
vn -0.7371 -0.0589 -0.6732
vn -0.7350 -0.1194 -0.6675
vn -0.3919 -0.0874 -0.9158
vn -0.0340 -0.0368 -0.9987
vn 0.3275 0.0306 -0.9444
vn 0.6850 0.0616 -0.7259
vn 0.6818 0.1099 -0.7233
vn 0.6818 0.0390 -0.7305
vn -0.0682 -0.9973 0.0271
vn -0.0680 -0.9973 0.0277
vn 0.0580 0.9962 -0.0643
vn 0.0816 0.9965 -0.0186
vn 0.0816 0.9965 -0.0188
vn 0.0567 0.9962 -0.0658
vn 0.0503 -0.9972 0.0551
vn 0.0501 -0.9972 0.0552
vn -0.9491 -0.0302 -0.3135
vn -0.9990 -0.0262 0.0362
vn -0.9978 -0.0535 0.0381
vn -0.9479 -0.0590 -0.3129
vn -0.9238 -0.0227 0.3822
vn -0.9215 -0.0464 0.3855
vn 0.0221 -0.9971 0.0724
vn 0.0226 -0.9971 0.0722
vn -0.0104 -0.9971 -0.0753
vn -0.0354 -0.9972 -0.0654
vn -0.0362 -0.9972 -0.0649
vn -0.0105 -0.9971 -0.0753
vn -0.0397 0.9947 -0.0954
vn 0.0101 0.9955 -0.0946
vn 0.0095 0.9955 -0.0948
vn -0.0388 0.9947 -0.0957
vn -0.6878 -0.0157 0.7257
vn -0.6824 -0.0317 0.7303
vn -0.6822 -0.0693 0.7279
vn -0.9179 -0.1022 0.3835
vn -0.9922 -0.1178 0.0399
vn -0.9432 -0.1261 -0.3074
vn 0.0176 -0.9971 -0.0738
vn 0.0182 -0.9971 -0.0736
vn 0.0477 -0.9972 -0.0575
vn 0.0475 -0.9972 -0.0576
vn -0.3255 -0.0021 0.9456
vn 0.0373 0.0163 0.9992
vn 0.0432 0.0241 0.9988
vn -0.3190 -0.0066 0.9477
vn 0.3931 0.0394 0.9186
vn 0.3979 0.0599 0.9155
vn -0.0795 0.9959 -0.0423
vn -0.0697 0.9950 -0.0718
vn -0.0795 0.9960 -0.0418
vn -0.0741 -0.9972 0.0043
vn -0.0696 0.9975 -0.0139
vn -0.0756 0.9969 -0.0212
vn -0.0757 0.9969 -0.0213
vn -0.0697 0.9975 -0.0140
vn -0.0713 -0.9973 -0.0192
vn -0.0711 -0.9973 -0.0198
vn 0.7355 0.0637 0.6745
vn 0.7366 0.0960 0.6694
vn 0.7307 0.1645 0.6626
vn 0.3966 0.1036 0.9121
vn 0.0425 0.0405 0.9983
vn -0.3203 -0.0176 0.9471
vn -0.0046 -0.9971 0.0756
vn -0.0048 -0.9971 0.0756
vn -0.0715 0.9974 -0.0131
vn 0.9460 0.0775 0.3147
vn 0.9963 0.0773 -0.0379
vn 0.9925 0.1160 -0.0381
vn 0.9431 0.1160 0.3116
vn 0.9200 0.0648 -0.3864
vn 0.9182 0.0986 -0.3836
vn -0.0576 -0.9973 -0.0448
vn -0.0577 -0.9973 -0.0446
vn 0.9083 0.1704 -0.3820
vn 0.9794 0.1976 -0.0405
vn 0.9316 0.1973 0.3053
vn 0.3268 0.0500 -0.9438
vn -0.0312 -0.0511 -0.9982
vn -0.0244 -0.0599 -0.9979
vn 0.3228 0.0731 -0.9436
vn -0.3873 -0.1324 -0.9124
vn -0.3764 -0.1767 -0.9094
vn -0.0225 -0.0646 -0.9977
vn 0.3087 0.1119 -0.9445
vn -0.3543 -0.2231 -0.9081
vn 0.6730 0.1632 -0.7214
vn -0.7269 -0.1891 -0.6602
vn -0.7090 -0.2642 -0.6538
vn -0.6723 -0.3524 -0.6510
vn -0.5997 -0.4624 -0.6531
vn -0.3144 -0.2746 -0.9087
vn -0.0190 -0.0632 -0.9978
vn 0.2778 0.1613 -0.9470
vn 0.6245 0.2951 -0.7231
vn 0.5634 0.3882 -0.7293
vn 0.6565 0.2224 -0.7208
vn -0.9313 -0.2060 -0.3003
vn -0.9797 -0.1960 0.0424
vn -0.9567 -0.2874 0.0463
vn -0.9089 -0.2965 -0.2934
vn -0.9085 -0.1708 0.3813
vn -0.8890 -0.2530 0.3816
vn -0.9125 -0.4056 0.0523
vn -0.8653 -0.4099 -0.2884
vn -0.8484 -0.3606 0.3875
vn -0.6789 -0.1168 0.7248
vn -0.6670 -0.1758 0.7240
vn -0.6359 -0.2541 0.7287
vn -0.5662 -0.3608 0.7411
vn -0.7611 -0.5098 0.4009
vn -0.8201 -0.5689 0.0606
vn -0.7762 -0.5615 -0.2867
vn -0.3206 -0.0338 0.9466
vn 0.0399 0.0553 0.9977
vn 0.0349 0.0642 0.9973
vn -0.3170 -0.0610 0.9465
vn 0.3911 0.1484 0.9083
vn 0.3813 0.1906 0.9046
vn 0.0362 0.0713 0.9968
vn -0.3022 -0.0939 0.9486
vn 0.3637 0.2349 0.9014
vn 0.7183 0.2353 0.6547
vn 0.6985 0.3054 0.6472
vn 0.6645 0.3835 0.6413
vn 0.6040 0.4782 0.6376
vn 0.3320 0.2860 0.8989
vn 0.0376 0.0748 0.9965
vn -0.2650 -0.1426 0.9536
vn 0.9123 0.2813 0.2976
vn 0.9583 0.2823 -0.0442
vn 0.9281 0.3691 -0.0488
vn 0.8843 0.3660 0.2900
vn 0.8909 0.2462 -0.3816
vn 0.8644 0.3260 -0.3828
vn 0.8808 0.4703 -0.0547
vn 0.8398 0.4630 0.2834
vn 0.8205 0.4206 -0.3872
vn 0.7429 0.5401 -0.3955
vn 0.7995 0.5974 -0.0619
vn 0.7629 0.5835 0.2784
vn 0.2271 0.2128 -0.9503
vn -0.0207 -0.0602 -0.9980
vn -0.0247 -0.0601 -0.9979
vn 0.1725 0.2498 -0.9528
vn -0.2614 -0.3264 -0.9084
vn -0.2085 -0.3671 -0.9065
vn -0.0263 -0.0596 -0.9979
vn 0.1307 0.2675 -0.9547
vn -0.1696 -0.3876 -0.9061
vn 0.4715 0.4844 -0.7369
vn -0.4891 -0.5777 -0.6534
vn -0.3724 -0.6631 -0.6493
vn -0.2928 -0.7052 -0.6458
vn -0.2663 -0.7154 -0.6460
vn -0.1567 -0.3979 -0.9040
vn -0.0302 -0.0657 -0.9974
vn 0.1089 0.2716 -0.9562
vn 0.2964 0.5956 -0.7466
vn 0.2548 0.6100 -0.7503
vn 0.3730 0.5564 -0.7425
vn -0.6273 -0.7251 -0.2842
vn -0.6598 -0.7483 0.0688
vn -0.4793 -0.8746 0.0728
vn -0.4629 -0.8412 -0.2795
vn -0.6116 -0.6746 0.4134
vn -0.4443 -0.7933 0.4162
vn -0.3606 -0.9298 0.0734
vn -0.3539 -0.8933 -0.2771
vn -0.3326 -0.8469 0.4149
vn -0.4540 -0.4782 0.7518
vn -0.3329 -0.5672 0.7533
vn -0.2495 -0.6117 0.7507
vn -0.2216 -0.6226 0.7505
vn -0.3008 -0.8582 0.4159
vn -0.3294 -0.9413 0.0733
vn -0.3232 -0.9044 -0.2784
vn -0.2101 -0.1967 0.9577
vn 0.0375 0.0759 0.9964
vn 0.0358 0.0741 0.9966
vn -0.1536 -0.2406 0.9584
vn 0.2830 0.3368 0.8981
vn 0.2298 0.3734 0.8987
vn 0.0343 0.0702 0.9969
vn -0.1133 -0.2660 0.9573
vn 0.1889 0.3912 0.9007
vn 0.5138 0.5750 0.6367
vn 0.4165 0.6479 0.6378
vn 0.3401 0.6881 0.6410
vn 0.2988 0.7031 0.6453
vn 0.1676 0.3954 0.9031
vn 0.0330 0.0669 0.9972
vn -0.0975 -0.2742 0.9567
vn 0.6500 0.7083 0.2754
vn 0.6803 0.7297 -0.0684
vn 0.5514 0.8311 -0.0723
vn 0.5277 0.8039 0.2744
vn 0.6287 0.6642 -0.4044
vn 0.5059 0.7588 -0.4103
vn 0.4491 0.8904 -0.0736
vn 0.4309 0.8592 0.2757
vn 0.4091 0.8133 -0.4138
vn 0.3554 0.8367 -0.4166
vn 0.3921 0.9170 -0.0737
vn 0.3774 0.8832 0.2785
vn 0.0957 0.2757 -0.9565
vn -0.0306 -0.0644 -0.9975
vn -0.0309 -0.0625 -0.9976
vn 0.0750 0.2830 -0.9562
vn -0.1487 -0.3973 -0.9056
vn -0.1309 -0.3999 -0.9072
vn -0.0319 -0.0612 -0.9976
vn 0.0458 0.2909 -0.9557
vn -0.1039 -0.4051 -0.9084
vn 0.2272 0.6194 -0.7515
vn -0.2556 -0.7158 -0.6499
vn -0.2228 -0.7235 -0.6533
vn -0.1686 -0.7358 -0.6558
vn -0.1059 -0.7465 -0.6569
vn -0.0735 -0.4105 -0.9089
vn -0.0332 -0.0611 -0.9976
vn 0.0136 0.2964 -0.9550
vn 0.1285 0.6480 -0.7507
vn 0.0666 0.6588 -0.7494
vn 0.1855 0.6332 -0.7515
vn -0.3147 -0.9064 -0.2818
vn -0.3225 -0.9438 0.0732
vn -0.2803 -0.9571 0.0727
vn -0.2743 -0.9186 -0.2845
vn -0.2920 -0.8598 0.4188
vn -0.2513 -0.8718 0.4204
vn -0.2040 -0.9764 0.0714
vn -0.2029 -0.9363 -0.2868
vn -0.1794 -0.8895 0.4203
vn -0.2104 -0.6225 0.7538
vn -0.1770 -0.6300 0.7561
vn -0.1218 -0.6424 0.7566
vn -0.0580 -0.6532 0.7549
vn -0.0947 -0.9034 0.4182
vn -0.1135 -0.9911 0.0694
vn -0.1188 -0.9501 -0.2884
vn -0.0890 -0.2736 0.9577
vn 0.0331 0.0681 0.9971
vn 0.0337 0.0698 0.9970
vn -0.0704 -0.2762 0.9585
vn 0.1549 0.3994 0.9036
vn 0.1352 0.4064 0.9036
vn 0.0341 0.0707 0.9969
vn -0.0420 -0.2816 0.9586
vn 0.1073 0.4140 0.9040
vn 0.2717 0.7125 0.6469
vn 0.2308 0.7261 0.6477
vn 0.1747 0.7407 0.6487
vn 0.1139 0.7513 0.6501
vn 0.0801 0.4186 0.9046
vn 0.0380 0.0703 0.9968
vn -0.0102 -0.2872 0.9578
vn 0.3405 0.8975 0.2802
vn 0.3522 0.9330 -0.0735
vn 0.2931 0.9533 -0.0729
vn 0.2855 0.9161 0.2814
vn 0.3183 0.8510 -0.4177
vn 0.2629 0.8696 -0.4179
vn 0.2137 0.9743 -0.0717
vn 0.2114 0.9356 0.2829
vn 0.1883 0.8891 -0.4171
vn 0.1080 0.9032 -0.4153
vn 0.1283 0.9893 -0.0698
vn 0.1316 0.9496 0.2846
vn -0.0127 0.3002 -0.9538
vn -0.0393 -0.0626 -0.9973
vn -0.0343 -0.0610 -0.9975
vn -0.0310 0.2964 -0.9546
vn -0.0507 -0.4146 -0.9086
vn -0.0323 -0.4150 -0.9092
vn -0.0348 -0.0650 -0.9973
vn -0.0408 0.2950 -0.9546
vn -0.0243 -0.4165 -0.9088
vn 0.0157 0.6629 -0.7486
vn -0.0539 -0.7523 -0.6566
vn -0.0222 -0.7537 -0.6568
vn -0.0063 -0.7522 -0.6589
vn -0.0015 -0.7558 -0.6548
vn -0.0217 -0.4203 -0.9071
vn -0.0347 -0.0691 -0.9970
vn -0.0413 0.2907 -0.9559
vn -0.0353 0.6634 -0.7475
vn -0.0408 0.6584 -0.7515
vn -0.0168 0.6630 -0.7485
vn -0.0491 -0.9560 -0.2892
vn -0.0387 -0.9970 0.0672
vn 0.0063 -0.9978 0.0657
vn -0.0071 -0.9569 -0.2902
vn -0.0247 -0.9095 0.4150
vn 0.0175 -0.9105 0.4132
vn 0.0282 -0.9975 0.0649
vn 0.0164 -0.9565 -0.2914
vn 0.0381 -0.9112 0.4101
vn -0.0052 -0.6594 0.7518
vn 0.0270 -0.6609 0.7500
vn 0.0432 -0.6606 0.7495
vn 0.0479 -0.6632 0.7469
vn 0.0441 -0.9104 0.4113
vn 0.0344 -0.9973 0.0647
vn 0.0194 -0.9568 -0.2901
vn 0.0157 -0.2943 0.9556
vn 0.0295 0.0690 0.9972
vn 0.0349 0.0703 0.9969
vn 0.0342 -0.2934 0.9554
vn 0.0488 0.4205 0.9060
vn 0.0353 0.4182 0.9077
vn 0.0352 0.0666 0.9972
vn 0.0392 -0.2935 0.9552
vn 0.0267 0.4160 0.9090
vn 0.0639 0.7554 0.6521
vn 0.0320 0.7556 0.6543
vn 0.0143 0.7544 0.6563
vn 0.0087 0.7516 0.6596
vn 0.0241 0.4138 0.9101
vn 0.0354 0.0624 0.9974
vn 0.0438 -0.2975 0.9537
vn 0.0658 0.9558 0.2867
vn 0.0580 0.9960 -0.0679
vn 0.0127 0.9977 -0.0664
vn 0.0236 0.9571 0.2887
vn 0.0418 0.9095 -0.4137
vn -0.0008 0.9108 -0.4129
vn -0.0128 0.9978 -0.0655
vn -0.0001 0.9569 0.2905
vn -0.0246 0.9104 -0.4130
vn -0.0327 0.9096 -0.4143
vn -0.0213 0.9976 -0.0651
vn -0.0079 0.9562 0.2925
vn 0.7329 -0.0163 0.6802
vn 0.9475 -0.0209 0.3191
vn 0.9478 -0.0166 0.3185
vn 0.7344 -0.0129 0.6786
vn 0.9990 -0.0223 -0.0378
vn 0.9991 -0.0180 -0.0374
vn 0.9205 -0.0212 -0.3901
vn 0.9212 -0.0177 -0.3887
vn 0.6787 -0.0164 -0.7342
vn 0.6808 -0.0143 -0.7323
vn -0.6819 0.0192 0.7312
vn -0.3214 0.0087 0.9469
vn -0.3191 0.0084 0.9477
vn -0.6803 0.0185 0.7327
vn 0.0364 -0.0006 0.9993
vn 0.0388 -0.0001 0.9992
vn 0.3890 -0.0088 0.9212
vn 0.3914 -0.0069 0.9202
vn -0.7351 0.0222 -0.6776
vn -0.9476 0.0289 -0.3181
vn -0.9475 0.0283 -0.3185
vn -0.7340 0.0215 -0.6788
vn -0.9989 0.0301 0.0373
vn -0.9989 0.0296 0.0374
vn -0.0234 -0.4149 -0.9096
vn -0.0072 -0.7522 -0.6589
vn -0.0100 -0.7542 -0.6566
vn -0.0245 -0.4176 -0.9083
vn -0.0354 -0.0637 -0.9973
vn -0.0354 -0.0660 -0.9972
vn -0.0447 0.2960 -0.9541
vn -0.0446 0.2943 -0.9547
vn -0.0499 0.6620 -0.7478
vn -0.0503 0.6611 -0.7486
vn -0.9213 0.0270 0.3880
vn -0.9209 0.0264 0.3888
vn 0.3171 -0.0080 -0.9484
vn 0.3197 -0.0075 -0.9475
vn -0.0405 0.0014 -0.9992
vn -0.0383 0.0009 -0.9993
vn -0.3927 0.0117 -0.9196
vn -0.3909 0.0108 -0.9204
vn 0.9805 0.0886 0.1755
vn 0.9799 0.1630 0.1150
vn 0.9799 0.1618 0.1165
vn 0.9805 0.0892 0.1752
vn -0.9800 -0.0999 -0.1719
vn -0.9804 -0.0228 -0.1958
vn -0.9804 -0.0219 -0.1959
vn -0.9800 -0.1007 -0.1715
vn -0.9775 0.1904 0.0914
vn -0.9765 0.1413 0.1625
vn -0.9766 0.1422 0.1615
vn -0.9774 0.1900 0.0923
vn -0.9812 0.0572 -0.1842
vn -0.9812 0.0598 -0.1833
vn 0.9775 0.2085 0.0323
vn 0.9776 0.2075 0.0359
vn -0.9746 0.0731 0.2117
vn -0.9747 0.0759 0.2104
vn 0.0344 -0.9097 0.4139
vn 0.0422 -0.6592 0.7508
vn 0.0392 -0.6614 0.7490
vn 0.0300 -0.9103 0.4128
vn 0.0232 -0.9976 0.0651
vn 0.0183 -0.9977 0.0653
vn 0.0097 -0.9563 -0.2922
vn 0.0054 -0.9568 -0.2907
vn 0.9758 0.2140 -0.0456
vn 0.9758 0.2141 -0.0448
vn -0.9746 -0.1924 0.1149
vn -0.9748 -0.2183 0.0460
vn -0.9748 -0.2185 0.0452
vn -0.9746 -0.1916 0.1163
vn 0.9761 -0.1495 -0.1577
vn 0.9767 -0.1957 -0.0881
vn 0.9767 -0.1953 -0.0890
vn 0.9761 -0.1504 -0.1566
vn -0.9815 0.1376 -0.1333
vn -0.9815 0.1375 -0.1334
vn 0.9754 0.1868 -0.1170
vn 0.9754 0.1858 -0.1186
vn -0.9764 -0.2138 -0.0293
vn -0.9765 -0.2129 -0.0327
vn 0.9772 -0.2118 -0.0176
vn 0.9772 -0.2118 -0.0168
vn -0.9797 0.1922 -0.0576
vn -0.9797 0.1911 -0.0601
vn 0.9752 0.1274 -0.1813
vn 0.9751 0.1271 -0.1815
vn 0.9787 -0.1978 0.0554
vn 0.9787 -0.1968 0.0578
vn 0.9807 -0.1462 0.1298
vn -0.9790 -0.1712 -0.1105
vn -0.9791 -0.1701 -0.1118
vn 0.0208 0.4189 0.9078
vn -0.0004 0.7548 0.6560
vn -0.0007 0.7539 0.6570
vn 0.0210 0.4172 0.9086
vn 0.0348 0.0679 0.9971
vn 0.0347 0.0656 0.9972
vn 0.0421 -0.2918 0.9556
vn 0.0409 -0.2946 0.9547
vn 0.9740 0.0521 -0.2204
vn 0.9740 0.0533 -0.2201
vn -0.9735 0.0051 0.2285
vn -0.9735 0.0060 0.2285
vn 0.9736 -0.0178 -0.2274
vn 0.9736 -0.0188 -0.2274
vn -0.9738 -0.0638 0.2185
vn -0.9738 -0.0651 0.2180
vn 0.9745 -0.0844 -0.2077
vn 0.9746 -0.0872 -0.2063
vn 0.9809 -0.0688 0.1819
vn 0.9809 -0.0714 0.1808
vn -0.9746 -0.1361 0.1780
vn -0.9746 -0.1360 0.1781
vn -0.9781 0.2074 0.0180
vn -0.9781 0.2074 0.0172
vn 0.9804 0.0103 0.1965
vn 0.9804 0.0092 0.1966
vn -0.0468 0.9101 -0.4118
vn -0.0480 0.9099 -0.4120
vn -0.0373 0.9972 -0.0646
vn -0.0388 0.9972 -0.0645
vn -0.0220 0.9565 0.2909
vn -0.0232 0.9564 0.2912
vn -0.0415 0.2921 -0.9555
vn -0.0355 -0.0670 -0.9971
vn -0.0342 -0.0730 -0.9967
vn -0.0280 0.2980 -0.9542
vn -0.0299 -0.4201 -0.9070
vn -0.0475 -0.4268 -0.9031
vn -0.0362 -0.0699 -0.9969
vn -0.0087 0.3008 -0.9536
vn -0.0772 -0.4279 -0.9005
vn -0.0410 0.6634 -0.7472
vn -0.0251 -0.7569 -0.6531
vn -0.0613 -0.7596 -0.6475
vn -0.1225 -0.7589 -0.6396
vn -0.2089 -0.7478 -0.6301
vn -0.1209 -0.4271 -0.8961
vn -0.0366 -0.0719 -0.9967
vn 0.0281 0.3007 -0.9533
vn 0.0051 0.6719 -0.7406
vn 0.0683 0.6727 -0.7368
vn -0.0298 0.6670 -0.7444
vn -0.0161 -0.9576 -0.2877
vn -0.0054 -0.9978 0.0662
vn -0.0599 -0.9959 0.0680
vn -0.0662 -0.9569 -0.2827
vn 0.0081 -0.9114 0.4115
vn -0.0425 -0.9111 0.4101
vn -0.1487 -0.9864 0.0705
vn -0.1485 -0.9497 -0.2757
vn -0.1258 -0.9043 0.4079
vn 0.0236 -0.6644 0.7470
vn -0.0136 -0.6676 0.7444
vn -0.0763 -0.6675 0.7407
vn -0.1647 -0.6571 0.7356
vn -0.2394 -0.8826 0.4046
vn -0.2689 -0.9604 0.0729
vn -0.2611 -0.9275 -0.2675
vn 0.0337 -0.2965 0.9544
vn 0.0343 0.0644 0.9973
vn 0.0328 0.0580 0.9978
vn 0.0191 -0.3020 0.9531
vn 0.0207 0.4183 0.9081
vn 0.0344 0.4185 0.9076
vn 0.0317 0.0612 0.9976
vn -0.0148 -0.3058 0.9520
vn 0.0554 0.4229 0.9045
vn 0.0031 0.7523 0.6589
vn 0.0194 0.7591 0.6507
vn 0.0536 0.7632 0.6440
vn 0.1158 0.7631 0.6359
vn 0.0906 0.4224 0.9019
vn 0.0292 0.0592 0.9978
vn -0.0607 -0.3052 0.9504
vn -0.0203 0.9579 0.2865
vn -0.0365 0.9972 -0.0647
vn -0.0203 0.9977 -0.0654
vn -0.0035 0.9586 0.2847
vn -0.0477 0.9108 -0.4101
vn -0.0281 0.9128 -0.4074
vn 0.0169 0.9976 -0.0668
vn 0.0341 0.9601 0.2776
vn 0.0099 0.9150 -0.4034
vn 0.0820 0.9131 -0.3994
vn 0.0891 0.9936 -0.0693
vn 0.1057 0.9574 0.2688
vn 0.0827 0.2902 -0.9534
vn -0.0368 -0.0736 -0.9966
vn -0.0369 -0.0761 -0.9964
vn 0.1519 0.2575 -0.9543
vn -0.1752 -0.4163 -0.8922
vn -0.2348 -0.3904 -0.8902
vn -0.0378 -0.0786 -0.9962
vn 0.2250 0.1950 -0.9546
vn -0.2958 -0.3435 -0.8914
vn 0.1710 0.6557 -0.7354
vn -0.3111 -0.7187 -0.6219
vn -0.4195 -0.6650 -0.6179
vn -0.5300 -0.5776 -0.6208
vn -0.6310 -0.4525 -0.6301
vn -0.3497 -0.2742 -0.8958
vn -0.0388 -0.0786 -0.9962
vn 0.2865 0.1117 -0.9515
vn 0.4814 0.4659 -0.7425
vn 0.6160 0.2845 -0.7346
vn 0.3161 0.5950 -0.7389
vn -0.3901 -0.8831 -0.2606
vn -0.4052 -0.9112 0.0742
vn -0.5460 -0.8345 0.0735
vn -0.5244 -0.8115 -0.2578
vn -0.3695 -0.8386 0.4003
vn -0.5046 -0.7670 0.3964
vn -0.6909 -0.7196 0.0699
vn -0.6622 -0.7021 -0.2618
vn -0.6430 -0.6570 0.3936
vn -0.2688 -0.6282 0.7302
vn -0.3789 -0.5742 0.7257
vn -0.4910 -0.4856 0.7233
vn -0.5934 -0.3579 0.7209
vn -0.7728 -0.5009 0.3897
vn -0.8281 -0.5571 0.0626
vn -0.7915 -0.5473 -0.2720
vn -0.1175 -0.2941 0.9485
vn 0.0263 0.0579 0.9980
vn 0.0231 0.0569 0.9981
vn -0.1797 -0.2673 0.9467
vn 0.1427 0.4121 0.8999
vn 0.2086 0.3809 0.9008
vn 0.0190 0.0569 0.9982
vn -0.2431 -0.2183 0.9451
vn 0.2782 0.3217 0.9051
vn 0.2168 0.7457 0.6301
vn 0.3592 0.6863 0.6324
vn 0.5213 0.5607 0.6433
vn 0.6534 0.3830 0.6530
vn 0.3367 0.2424 0.9099
vn 0.0152 0.0606 0.9980
vn -0.2994 -0.1459 0.9429
vn 0.2316 0.9369 0.2618
vn 0.2204 0.9727 -0.0724
vn 0.4336 0.8981 -0.0742
vn 0.4281 0.8646 0.2632
vn 0.2087 0.8931 -0.3984
vn 0.4064 0.8202 -0.4026
vn 0.6995 0.7113 -0.0693
vn 0.6667 0.6928 0.2747
vn 0.6470 0.6461 -0.4049
vn 0.8341 0.3883 -0.3918
vn 0.9019 0.4284 -0.0553
vn 0.8524 0.4372 0.2869
vn 0.3250 0.0339 -0.9451
vn -0.0358 -0.0758 -0.9965
vn -0.0321 -0.0732 -0.9968
vn 0.3385 -0.0184 -0.9408
vn -0.3815 -0.1995 -0.9026
vn -0.3915 -0.1423 -0.9091
vn -0.0242 -0.0688 -0.9973
vn 0.3389 -0.0448 -0.9398
vn -0.3865 -0.1068 -0.9161
vn 0.6848 0.1197 -0.7189
vn -0.6976 -0.3165 -0.6428
vn -0.7259 -0.2092 -0.6552
vn -0.7319 -0.1415 -0.6665
vn -0.7288 -0.1100 -0.6759
vn -0.3836 -0.0900 -0.9191
vn -0.0280 -0.0673 -0.9973
vn 0.3352 -0.0508 -0.9408
vn 0.7010 -0.0259 -0.7126
vn 0.6952 -0.0351 -0.7179
vn 0.7026 0.0183 -0.7113
vn -0.8812 -0.3771 -0.2851
vn -0.9246 -0.3773 0.0528
vn -0.9718 -0.2315 0.0441
vn -0.9240 -0.2403 -0.2974
vn -0.8630 -0.3284 0.3839
vn -0.9057 -0.1890 0.3795
vn -0.9898 -0.1375 0.0381
vn -0.9390 -0.1525 -0.3081
vn -0.9202 -0.0994 0.3786
vn -0.6612 -0.2180 0.7179
vn -0.6896 -0.1067 0.7163
vn -0.6951 -0.0363 0.7180
vn -0.6916 0.0003 0.7223
vn -0.9228 -0.0543 0.3813
vn -0.9952 -0.0913 0.0355
vn -0.9422 -0.1105 -0.3163
vn -0.3329 -0.0669 0.9406
vn 0.0164 0.0672 0.9976
vn 0.0195 0.0725 0.9972
vn -0.3435 -0.0060 0.9391
vn 0.3737 0.1674 0.9123
vn 0.3870 0.1169 0.9146
vn 0.0258 0.0731 0.9970
vn -0.3414 0.0353 0.9393
vn 0.3857 0.0930 0.9179
vn 0.7213 0.2195 0.6569
vn 0.7391 0.1192 0.6630
vn 0.7372 0.0770 0.6713
vn 0.7306 0.0753 0.6787
vn 0.3825 0.0902 0.9195
vn 0.0255 0.0789 0.9966
vn -0.3357 0.0569 0.9403
vn 0.9314 0.2128 0.2953
vn 0.9817 0.1863 -0.0403
vn 0.9980 0.0549 -0.0309
vn 0.9484 0.0870 0.3050
vn 0.9134 0.1637 -0.3726
vn 0.9305 0.0371 -0.3645
vn 0.9996 0.0064 -0.0265
vn 0.9483 0.0392 0.3149
vn 0.9305 -0.0126 -0.3660
vn 0.9282 -0.0147 -0.3719
vn 0.9996 0.0079 -0.0257
vn 0.9457 0.0400 0.3227
vn 0.3243 -0.0536 -0.9444
vn -0.0255 -0.0678 -0.9974
vn -0.0234 -0.0955 -0.9952
vn 0.3276 -0.0771 -0.9417
vn -0.3779 -0.0912 -0.9213
vn -0.3719 -0.1124 -0.9214
vn -0.0208 -0.1454 -0.9892
vn 0.3248 -0.1281 -0.9371
vn -0.3648 -0.1578 -0.9176
vn 0.6896 -0.0373 -0.7233
vn -0.7244 -0.1045 -0.6814
vn -0.7196 -0.1174 -0.6843
vn -0.7137 -0.1502 -0.6842
vn -0.7062 -0.2051 -0.6777
vn -0.3563 -0.2313 -0.9053
vn -0.0176 -0.2256 -0.9741
vn 0.3220 -0.2101 -0.9231
vn 0.6815 -0.0948 -0.7256
vn 0.6779 -0.1673 -0.7158
vn 0.6852 -0.0503 -0.7266
vn -0.9438 -0.0965 -0.3160
vn -0.9971 -0.0674 0.0355
vn -0.9980 -0.0531 0.0345
vn -0.9414 -0.0978 -0.3227
vn -0.9223 -0.0269 0.3855
vn -0.9218 0.0090 0.3875
vn -0.9988 -0.0344 0.0356
vn -0.9402 -0.1055 -0.3240
vn -0.9212 0.0575 0.3849
vn -0.6873 0.0318 0.7257
vn -0.6842 0.0847 0.7244
vn -0.6809 0.1612 0.7145
vn -0.6765 0.2519 0.6920
vn -0.9199 0.1139 0.3753
vn -0.9993 -0.0186 0.0334
vn -0.9379 -0.1282 -0.3223
vn -0.3327 0.0841 0.9393
vn 0.0218 0.1132 0.9933
vn 0.0185 0.1750 0.9844
vn -0.3312 0.1456 0.9323
vn 0.3748 0.1195 0.9194
vn 0.3671 0.1763 0.9133
vn 0.0150 0.2668 0.9636
vn -0.3296 0.2365 0.9140
vn 0.3589 0.2591 0.8967
vn 0.7223 0.1005 0.6842
vn 0.7144 0.1452 0.6845
vn 0.7062 0.2064 0.6773
vn 0.6974 0.2793 0.6600
vn 0.3502 0.3583 0.8654
vn 0.0116 0.3761 0.9265
vn -0.3271 0.3445 0.8800
vn 0.9425 0.0622 0.3284
vn 0.9993 0.0276 -0.0260
vn 0.9991 0.0347 -0.0238
vn 0.9394 0.0889 0.3312
vn 0.9259 -0.0006 -0.3779
vn 0.9253 -0.0111 -0.3790
vn 0.9992 0.0339 -0.0222
vn 0.9365 0.1157 0.3309
vn 0.9238 -0.0376 -0.3810
vn 0.9233 -0.0830 -0.3749
vn 0.9995 0.0225 -0.0220
vn 0.9332 0.1483 0.3274
vn 0.3201 -0.3214 -0.8912
vn -0.0139 -0.3366 -0.9415
vn -0.0108 -0.4815 -0.8764
vn 0.3213 -0.4614 -0.8270
vn -0.3475 -0.3325 -0.8768
vn -0.3426 -0.4630 -0.8174
vn -0.0088 -0.6653 -0.7465
vn 0.3280 -0.6327 -0.7015
vn -0.3454 -0.6267 -0.6985
vn 0.6747 -0.2618 -0.6901
vn -0.6981 -0.2799 -0.6590
vn -0.6940 -0.3733 -0.6156
vn -0.6978 -0.4850 -0.5271
vn -0.7062 -0.6005 -0.3752
vn -0.3523 -0.7994 -0.4867
vn -0.0081 -0.8584 -0.5129
vn 0.3360 -0.8084 -0.4833
vn 0.6821 -0.4959 -0.5374
vn 0.6915 -0.6169 -0.3758
vn 0.6750 -0.3720 -0.6371
vn -0.9365 -0.1567 -0.3137
vn -0.9996 -0.0006 0.0271
vn -0.9997 0.0064 0.0245
vn -0.9340 -0.1984 -0.2971
vn -0.9182 0.1701 0.3577
vn -0.9168 0.2233 0.3311
vn -0.9997 0.0141 0.0213
vn -0.9352 -0.2452 -0.2554
vn -0.9166 0.2764 0.2887
vn -0.6715 0.3431 0.6568
vn -0.6678 0.4311 0.6068
vn -0.6677 0.5219 0.5309
vn -0.6709 0.6145 0.4150
vn -0.9178 0.3285 0.2230
vn -0.9996 0.0207 0.0175
vn -0.9381 -0.2924 -0.1856
vn -0.3238 0.4527 0.8308
vn 0.0092 0.4860 0.8739
vn 0.0078 0.5934 0.8049
vn -0.3214 0.5575 0.7655
vn 0.3426 0.4597 0.8194
vn 0.3377 0.5602 0.7564
vn 0.0075 0.7083 0.7059
vn -0.3216 0.6682 0.6708
vn 0.3371 0.6682 0.6632
vn 0.6896 0.3558 0.6308
vn 0.6841 0.4342 0.5860
vn 0.6829 0.5189 0.5142
vn 0.6857 0.6073 0.4014
vn 0.3404 0.7824 0.5216
vn 0.0079 0.8304 0.5571
vn -0.3244 0.7846 0.5284
vn 0.9310 0.1845 0.3149
vn 0.9997 0.0164 -0.0184
vn 0.9999 0.0050 -0.0113
vn 0.9276 0.2237 0.2993
vn 0.9226 -0.1396 -0.3595
vn 0.9230 -0.1992 -0.3291
vn 1.0000 0.0012 -0.0042
vn 0.9265 0.2677 0.2645
vn 0.9259 -0.2587 -0.2753
vn 0.9297 -0.3123 -0.1954
vn 1.0000 0.0018 0.0009
vn 0.9269 0.3143 0.2051
vn 0.3340 -0.9154 -0.2246
vn -0.0086 -0.9729 -0.2312
vn -0.0093 -0.9994 -0.0323
vn 0.3297 -0.9433 -0.0393
vn -0.3514 -0.9074 -0.2304
vn -0.3483 -0.9363 -0.0437
vn -0.0099 -0.9986 0.0518
vn 0.3313 -0.9426 0.0419
vn -0.3506 -0.9357 0.0394
vn 0.6903 -0.6980 -0.1907
vn -0.7057 -0.6812 -0.1949
vn -0.7013 -0.7107 -0.0558
vn -0.7016 -0.7124 0.0137
vn -0.7040 -0.7097 0.0266
vn -0.3559 -0.9333 0.0473
vn -0.0103 -0.9984 0.0559
vn 0.3363 -0.9405 0.0486
vn 0.6859 -0.7275 0.0167
vn 0.6902 -0.7229 0.0309
vn 0.6854 -0.7263 -0.0514
vn -0.9380 -0.3301 -0.1056
vn -0.9997 0.0220 0.0107
vn -0.9998 0.0188 0.0055
vn -0.9362 -0.3490 -0.0403
vn -0.9201 0.3648 0.1425
vn -0.9227 0.3785 0.0736
vn -0.9999 0.0118 0.0025
vn -0.9355 -0.3534 -0.0002
vn -0.9255 0.3777 0.0297
vn -0.6759 0.6843 0.2737
vn -0.6807 0.7171 0.1498
vn -0.6862 0.7243 0.0671
vn -0.6945 0.7188 0.0294
vn -0.9277 0.3731 0.0139
vn -0.9999 0.0114 0.0018
vn -0.9361 -0.3517 0.0097
vn -0.3278 0.8757 0.3544
vn 0.0087 0.9268 0.3753
vn 0.0096 0.9769 0.2136
vn -0.3308 0.9223 0.2000
vn 0.3449 0.8714 0.3490
vn 0.3492 0.9162 0.1965
vn 0.0101 0.9947 0.1026
vn -0.3344 0.9377 0.0945
vn 0.3537 0.9308 0.0928
vn 0.6906 0.6736 0.2634
vn 0.6957 0.7038 0.1435
vn 0.7014 0.7098 0.0641
vn 0.7098 0.7039 0.0273
vn 0.3584 0.9326 0.0419
vn 0.0105 0.9988 0.0474
vn -0.3387 0.9399 0.0427
vn 0.9287 0.3470 0.1303
vn 1.0000 0.0002 0.0011
vn 1.0000 -0.0039 0.0012
vn 0.9310 0.3588 0.0669
vn 0.9296 -0.3521 -0.1089
vn 0.9278 -0.3709 -0.0402
vn 0.9999 -0.0140 0.0038
vn 0.9337 0.3573 0.0237
vn 0.9285 -0.3714 -0.0015
vn 0.9281 -0.3722 0.0109
vn 0.9999 -0.0111 0.0010
vn 0.9369 0.3495 0.0068
vn 0.3409 -0.9397 0.0271
vn -0.0106 -0.9995 0.0309
vn -0.0107 -0.9999 0.0102
vn 0.3433 -0.9392 0.0088
vn -0.3608 -0.9323 0.0265
vn -0.3633 -0.9316 0.0086
vn -0.0107 -0.9999 -0.0024
vn 0.3443 -0.9389 -0.0025
vn -0.3643 -0.9313 -0.0025
vn 0.6951 -0.7187 0.0188
vn -0.7104 -0.7037 0.0156
vn -0.7130 -0.7011 0.0047
vn -0.7141 -0.7000 -0.0023
vn -0.7145 -0.6996 -0.0065
vn -0.3647 -0.9311 -0.0085
vn -0.0107 -0.9999 -0.0091
vn 0.3446 -0.9387 -0.0086
vn 0.6989 -0.7152 -0.0023
vn 0.6993 -0.7148 -0.0066
vn 0.6978 -0.7163 0.0050
vn -0.9381 -0.3462 0.0048
vn -0.9999 0.0107 0.0010
vn -0.9999 0.0106 0.0005
vn -0.9382 -0.3461 0.0011
vn -0.9299 0.3679 0.0053
vn -0.9307 0.3659 0.0033
vn -0.9999 0.0106 0.0002
vn -0.9385 -0.3452 -0.0015
vn -0.9310 0.3649 0.0029
vn -0.6960 0.7179 0.0148
vn -0.6982 0.7159 0.0087
vn -0.6992 0.7149 0.0063
vn -0.6996 0.7145 0.0071
vn -0.9312 0.3646 0.0036
vn -0.9999 0.0105 0.0001
vn -0.9386 -0.3449 -0.0032
vn -0.3418 0.9395 0.0233
vn 0.0106 0.9996 0.0262
vn 0.0107 0.9998 0.0149
vn -0.3436 0.9390 0.0133
vn 0.3617 0.9320 0.0229
vn 0.3636 0.9315 0.0131
vn 0.0107 0.9999 0.0096
vn -0.3444 0.9388 0.0088
vn 0.3645 0.9312 0.0087
vn 0.7113 0.7028 0.0142
vn 0.7134 0.7007 0.0084
vn 0.7144 0.6997 0.0061
vn 0.7147 0.6994 0.0069
vn 0.3648 0.9311 0.0093
vn 0.0107 0.9999 0.0100
vn -0.3447 0.9387 0.0093
vn 0.9376 0.3477 0.0048
vn 0.9999 -0.0110 0.0010
vn 0.9999 -0.0109 0.0004
vn 0.9383 0.3457 0.0031
vn 0.9296 -0.3685 0.0053
vn 0.9305 -0.3663 0.0013
vn 0.9999 -0.0109 0.0001
vn 0.9387 0.3448 0.0027
vn 0.9309 -0.3653 -0.0016
vn 0.9310 -0.3650 -0.0034
vn 0.9999 -0.0109 -0.0001
vn 0.9388 0.3445 0.0034
vn 0.3446 -0.9387 -0.0118
vn -0.0107 -0.9999 -0.0125
vn -0.0107 -0.9998 -0.0145
vn 0.3447 -0.9386 -0.0136
vn -0.3647 -0.9310 -0.0117
vn -0.3647 -0.9310 -0.0135
vn -0.0107 -0.9998 -0.0155
vn 0.3447 -0.9386 -0.0146
vn -0.3647 -0.9310 -0.0145
vn 0.6994 -0.7147 -0.0090
vn -0.7146 -0.6995 -0.0088
vn -0.7146 -0.6995 -0.0101
vn -0.7146 -0.6994 -0.0109
vn -0.7147 -0.6994 -0.0112
vn -0.3648 -0.9310 -0.0148
vn -0.0107 -0.9998 -0.0159
vn 0.3447 -0.9386 -0.0150
vn 0.6995 -0.7146 -0.0111
vn 0.6995 -0.7146 -0.0114
vn 0.6994 -0.7146 -0.0103
vn -0.9387 -0.3448 -0.0043
vn -0.9999 0.0106 0.0001
vn -0.9999 0.0107 0.0002
vn -0.9387 -0.3447 -0.0050
vn -0.9312 0.3646 0.0046
vn -0.9311 0.3646 0.0053
vn -0.9387 -0.3447 -0.0054
vn -0.9311 0.3647 0.0057
vn -0.6996 0.7145 0.0090
vn -0.6995 0.7145 0.0104
vn -0.6995 0.7145 0.0111
vn -0.6995 0.7146 0.0114
vn -0.9311 0.3647 0.0058
vn -0.9999 0.0107 0.0001
vn -0.9387 -0.3447 -0.0055
vn -0.3447 0.9386 0.0118
vn 0.0107 0.9999 0.0125
vn 0.0107 0.9998 0.0145
vn -0.3447 0.9386 0.0136
vn 0.3648 0.9310 0.0117
vn 0.3648 0.9310 0.0135
vn 0.0107 0.9998 0.0156
vn -0.3447 0.9386 0.0146
vn 0.3648 0.9310 0.0145
vn 0.7147 0.6993 0.0088
vn 0.7147 0.6994 0.0101
vn 0.7147 0.6994 0.0109
vn 0.7147 0.6994 0.0111
vn 0.3648 0.9310 0.0149
vn 0.0107 0.9998 0.0159
vn -0.3447 0.9386 0.0150
vn 0.9388 0.3445 0.0043
vn 0.9999 -0.0108 -0.0002
vn 0.9387 0.3446 0.0050
vn 0.9311 -0.3649 -0.0046
vn 0.9311 -0.3648 -0.0053
vn 0.9387 0.3446 0.0054
vn 0.9311 -0.3647 -0.0057
vn 0.9311 -0.3647 -0.0058
vn 0.9999 -0.0107 -0.0002
vn 0.9387 0.3446 0.0055
vn 0.3447 -0.9386 -0.0151
vn -0.0107 -0.9998 -0.0160
vn 0.3448 -0.9386 -0.0152
vn -0.3648 -0.9310 -0.0149
vn -0.0106 -0.9998 -0.0161
vn 0.3450 -0.9385 -0.0154
vn -0.3649 -0.9309 -0.0150
vn 0.6995 -0.7145 -0.0116
vn -0.7147 -0.6994 -0.0113
vn -0.7147 -0.6993 -0.0114
vn -0.7149 -0.6991 -0.0117
vn -0.7151 -0.6990 -0.0115
vn -0.3649 -0.9309 -0.0149
vn -0.0104 -0.9998 -0.0163
vn 0.3454 -0.9383 -0.0162
vn 0.6997 -0.7143 -0.0124
vn 0.7000 -0.7140 -0.0137
vn 0.6996 -0.7145 -0.0119
vn -0.9387 -0.3446 -0.0057
vn -0.9999 0.0108 -0.0000
vn -0.9999 0.0108 -0.0004
vn -0.9388 -0.3445 -0.0060
vn -0.9311 0.3647 0.0056
vn -0.9311 0.3647 0.0052
vn -0.9999 0.0109 -0.0011
vn -0.9388 -0.3443 -0.0065
vn -0.9312 0.3646 0.0045
vn -0.6995 0.7145 0.0113
vn -0.6996 0.7145 0.0110
vn -0.6997 0.7143 0.0105
vn -0.6999 0.7141 0.0105
vn -0.9312 0.3645 0.0044
vn -0.9999 0.0110 -0.0013
vn -0.9389 -0.3440 -0.0065
vn 0.0107 0.9998 0.0160
vn -0.3448 0.9386 0.0148
vn 0.0106 0.9998 0.0159
vn -0.3450 0.9385 0.0146
vn 0.3649 0.9309 0.0148
vn 0.7147 0.6993 0.0110
vn 0.7149 0.6992 0.0107
vn 0.7152 0.6988 0.0099
vn 0.3651 0.9309 0.0146
vn 0.0105 0.9998 0.0160
vn -0.3453 0.9384 0.0147
vn 0.9999 -0.0107 -0.0004
vn 0.9999 -0.0108 -0.0008
vn 0.9388 0.3445 0.0051
vn 0.9311 -0.3647 -0.0060
vn 0.9311 -0.3647 -0.0064
vn 0.9999 -0.0108 -0.0014
vn 0.9388 0.3444 0.0045
vn 0.9311 -0.3646 -0.0071
vn 0.9312 -0.3644 -0.0089
vn 0.9999 -0.0110 -0.0032
vn 0.9390 0.3440 0.0031
vn 0.3462 -0.9379 -0.0198
vn -0.0097 -0.9998 -0.0175
vn -0.0068 -0.9998 -0.0206
vn 0.3471 -0.9375 -0.0268
vn -0.3646 -0.9311 -0.0138
vn -0.3618 -0.9322 -0.0109
vn -0.0047 -0.9996 -0.0265
vn 0.3473 -0.9368 -0.0419
vn -0.3628 -0.9319 -0.0051
vn 0.7006 -0.7133 -0.0197
vn -0.7150 -0.6991 -0.0083
vn -0.7130 -0.7012 0.0012
vn -0.7133 -0.7006 0.0195
vn -0.7111 -0.7019 0.0392
vn -0.3622 -0.9321 -0.0041
vn -0.0093 -0.9990 -0.0427
vn 0.3448 -0.9355 -0.0775
vn 0.7003 -0.7113 -0.0605
vn 0.6965 -0.7096 -0.1065
vn 0.7009 -0.7124 -0.0343
vn -0.9390 -0.3439 -0.0018
vn -0.9999 0.0110 0.0040
vn -0.9997 0.0108 0.0203
vn -0.9388 -0.3442 0.0125
vn -0.9312 0.3643 0.0096
vn -0.9310 0.3640 0.0260
vn -0.9986 0.0099 0.0518
vn -0.9376 -0.3453 0.0399
vn -0.9298 0.3634 0.0575
vn -0.7000 0.7140 0.0150
vn -0.6997 0.7138 0.0288
vn -0.6983 0.7137 0.0551
vn -0.6954 0.7133 0.0877
vn -0.9268 0.3625 0.0984
vn -0.9956 0.0084 0.0929
vn -0.9349 -0.3471 0.0743
vn -0.3452 0.9384 0.0177
vn 0.0109 0.9998 0.0171
vn 0.0094 0.9997 0.0204
vn -0.3448 0.9383 0.0265
vn 0.3658 0.9306 0.0133
vn 0.3666 0.9303 0.0102
vn 0.0090 0.9996 0.0270
vn -0.3433 0.9381 0.0468
vn 0.3673 0.9301 0.0044
vn 0.7159 0.6982 0.0059
vn 0.7181 0.6960 -0.0039
vn 0.7164 0.6973 -0.0223
vn 0.7137 0.6981 -0.0567
vn 0.3661 0.9304 -0.0154
vn 0.0134 0.9994 0.0309
vn -0.3415 0.9379 0.0607
vn 0.9392 0.3435 -0.0031
vn 0.9999 -0.0111 -0.0104
vn 0.9995 -0.0110 -0.0280
vn 0.9391 0.3431 -0.0183
vn 0.9313 -0.3640 -0.0161
vn 0.9310 -0.3634 -0.0336
vn 0.9982 -0.0104 -0.0591
vn 0.9382 0.3432 -0.0455
vn 0.9297 -0.3625 -0.0648
vn 0.9252 -0.3607 -0.1179
vn 0.9937 -0.0087 -0.1122
vn 0.9341 0.3447 -0.0929
vn 0.3305 -0.9297 -0.1627
vn -0.0212 -0.9936 -0.1110
vn -0.0592 -0.9529 -0.2975
vn 0.2816 -0.8906 -0.3571
vn -0.3719 -0.9266 -0.0563
vn -0.3987 -0.8870 -0.2329
vn -0.1286 -0.7867 -0.6038
vn 0.1678 -0.7474 -0.6429
vn -0.4163 -0.7401 -0.5282
vn 0.6793 -0.7041 -0.2068
vn -0.7165 -0.6976 0.0048
vn -0.7286 -0.6655 -0.1619
vn -0.7012 -0.5589 -0.4426
vn 0.4688 -0.5697 -0.6750
vn 0.6175 -0.6723 -0.4082
vn -0.9368 -0.3455 0.0561
vn -0.9965 0.0093 0.0830
vn -0.9972 0.0178 -0.0727
vn -0.9395 -0.3267 -0.1029
vn -0.9276 0.3632 0.0870
vn -0.9298 0.3617 -0.0688
vn -0.9161 0.0352 -0.3993
vn -0.8753 -0.2598 -0.4077
vn -0.8660 0.3279 -0.3774
vn -0.6988 0.7122 0.0662
vn -0.7098 0.6980 -0.0943
vn -0.6833 0.6227 -0.3811
vn -0.3488 0.9368 0.0253
vn 0.0035 0.9997 -0.0237
vn -0.0333 0.9789 -0.2017
vn -0.3743 0.9161 -0.1434
vn 0.3541 0.9317 -0.0812
vn 0.3059 0.9135 -0.2681
vn -0.1058 0.8488 -0.5181
vn -0.3940 0.8029 -0.4474
vn 0.1888 0.8055 -0.5618
vn 0.6977 0.7014 -0.1455
vn 0.6361 0.6919 -0.3414
vn 0.4846 0.6239 -0.6132
vn 0.9166 0.3498 -0.1936
vn 0.9760 -0.0037 -0.2176
vn 0.9054 0.0082 -0.4244
vn 0.8476 0.3526 -0.3966
vn 0.9072 -0.3560 -0.2243
vn 0.8381 -0.3354 -0.4302
vn 0.6910 0.0284 -0.7223
vn 0.6549 0.3256 -0.6820
vn 0.6473 -0.2703 -0.7127
vn -0.0490 0.2929 -0.9549
vn -0.0399 -0.0658 -0.9970
vn -0.0400 -0.0658 -0.9970
vn -0.0497 0.2928 -0.9549
vn -0.0248 -0.4160 -0.9090
vn -0.0255 -0.4159 -0.9091
vn -0.0400 -0.0685 -0.9969
vn -0.0500 0.2903 -0.9556
vn -0.0257 -0.4187 -0.9078
vn -0.0500 0.6613 -0.7484
vn -0.0487 0.2964 -0.9538
vn -0.0509 0.6593 -0.7501
vn -0.0399 -0.0618 -0.9973
vn -0.0248 -0.4116 -0.9110
vn -0.0021 -0.7492 -0.6624
vn -0.0027 -0.7525 -0.6586
vn -0.0048 -0.7524 -0.6586
vn -0.0057 -0.7546 -0.6562
vn -0.0530 0.6592 -0.7501
vn -0.0541 0.6578 -0.7513
vn 0.0200 -0.9560 -0.2926
vn 0.0367 -0.9972 0.0647
vn 0.0328 -0.9974 0.0648
vn 0.0166 -0.9561 -0.2926
vn 0.0483 -0.9092 0.4135
vn 0.0449 -0.9093 0.4138
vn 0.0308 -0.9973 0.0659
vn 0.0150 -0.9567 -0.2906
vn 0.0431 -0.9093 0.4139
vn 0.0215 -0.9552 -0.2953
vn 0.0385 -0.9972 0.0636
vn 0.0500 -0.9089 0.4140
vn 0.0547 -0.6569 0.7520
vn 0.0537 -0.6593 0.7500
vn 0.0516 -0.6592 0.7502
vn 0.0505 -0.6602 0.7494
vn 0.0499 -0.2928 0.9549
vn 0.0401 0.0658 0.9970
vn 0.0399 0.0658 0.9970
vn 0.0492 -0.2928 0.9549
vn 0.0257 0.4160 0.9090
vn 0.0251 0.4159 0.9091
vn 0.0399 0.0632 0.9972
vn 0.0489 -0.2949 0.9543
vn 0.0249 0.4128 0.9105
vn 0.0502 -0.2891 0.9560
vn 0.0400 0.0698 0.9968
vn 0.0258 0.4201 0.9071
vn 0.0061 0.7556 0.6551
vn 0.0055 0.7525 0.6585
vn 0.0035 0.7524 0.6587
vn 0.0026 0.7499 0.6615
vn -0.0155 0.9562 0.2925
vn -0.0315 0.9974 -0.0649
vn -0.0353 0.9973 -0.0648
vn -0.0188 0.9560 0.2926
vn -0.0438 0.9093 -0.4137
vn -0.0471 0.9092 -0.4137
vn -0.0374 0.9973 -0.0637
vn -0.0205 0.9553 0.2948
vn -0.0490 0.9091 -0.4137
vn -0.0141 0.9569 0.2899
vn -0.0299 0.9974 -0.0660
vn -0.0423 0.9096 -0.4134
vn 0.3217 -0.0040 -0.9468
vn -0.0375 0.0003 -0.9993
vn -0.0334 -0.0055 -0.9994
vn 0.3256 -0.0009 -0.9455
vn -0.3911 0.0057 -0.9203
vn -0.3870 -0.0043 -0.9221
vn 0.6823 -0.0050 -0.7311
vn -0.7347 0.0112 -0.6783
vn -0.7320 0.0015 -0.6813
vn 0.6855 0.0090 -0.7280
vn -0.9479 0.0178 -0.3179
vn -0.9991 0.0197 0.0373
vn -0.9992 0.0102 0.0381
vn -0.9477 0.0076 -0.3190
vn -0.9214 0.0175 0.3883
vn -0.9204 0.0090 0.3909
vn -0.6805 0.0120 0.7327
vn -0.6765 0.0061 0.7365
vn -0.3163 0.0065 0.9486
vn 0.0406 0.0008 0.9992
vn 0.0450 0.0074 0.9990
vn -0.3133 0.0048 0.9496
vn 0.3933 0.0011 0.9194
vn 0.3974 0.0137 0.9175
vn 0.7361 0.0060 0.6768
vn 0.7379 0.0215 0.6745
vn 0.9482 0.0068 0.3175
vn 0.9993 0.0057 -0.0369
vn 0.9990 0.0250 -0.0366
vn 0.9483 0.0259 0.3164
vn 0.9221 0.0025 -0.3870
vn 0.9226 0.0192 -0.3854
vn 0.0091 0.3919 -0.9200
vn 0.0168 0.7346 -0.6783
vn 0.0176 0.7334 -0.6795
vn 0.0094 0.3901 -0.9207
vn 0.0009 0.0400 -0.9992
vn 0.0009 0.0380 -0.9993
vn -0.0079 -0.3170 -0.9484
vn -0.0079 -0.3190 -0.9477
vn -0.0171 -0.6782 -0.7347
vn -0.0170 -0.6797 -0.7333
vn 0.0209 0.9210 0.3891
vn 0.0156 0.6811 0.7321
vn 0.0163 0.6797 0.7333
vn 0.0220 0.9206 0.3898
vn 0.0225 0.9990 0.0379
vn 0.0238 0.9990 0.0380
vn 0.0214 0.9478 -0.3182
vn 0.0226 0.9475 -0.3188
vn -0.0097 -0.3881 0.9216
vn -0.0185 -0.7321 0.6810
vn -0.0184 -0.7334 0.6796
vn -0.0097 -0.3900 0.9208
vn -0.0009 -0.0360 0.9994
vn 0.0075 0.3210 0.9471
vn 0.0077 0.3191 0.9477
vn -0.0235 -0.9202 -0.3907
vn -0.0232 -0.9206 -0.3899
vn -0.0256 -0.9989 -0.0380
vn -0.0252 -0.9990 -0.0380
vn -0.0242 -0.9473 0.3195
vn -0.0239 -0.9475 0.3188
vn -0.0078 -0.3191 -0.9477
vn 0.0010 0.0380 -0.9993
vn 0.0010 0.0365 -0.9993
vn -0.0076 -0.3205 -0.9472
vn 0.0100 0.3901 -0.9207
vn 0.0102 0.3886 -0.9214
vn -0.0163 -0.6798 -0.7332
vn 0.0191 0.7334 -0.6795
vn 0.0198 0.7324 -0.6806
vn -0.0157 -0.6807 -0.7324
vn 0.0250 0.9475 -0.3188
vn 0.0264 0.9989 0.0380
vn 0.0276 0.9989 0.0380
vn 0.0261 0.9473 -0.3193
vn 0.0242 0.9206 0.3898
vn 0.0253 0.9203 0.3904
vn 0.0177 0.6798 0.7332
vn 0.0183 0.6786 0.7343
vn 0.0082 0.3191 0.9477
vn -0.0009 -0.0380 0.9993
vn -0.0009 -0.0395 0.9992
vn 0.0083 0.3175 0.9482
vn -0.0095 -0.3901 0.9207
vn -0.0092 -0.3914 0.9202
vn -0.0175 -0.7335 0.6795
vn -0.0168 -0.7343 0.6786
vn -0.0224 -0.9476 0.3188
vn -0.0235 -0.9990 -0.0380
vn -0.0223 -0.9990 -0.0379
vn -0.0213 -0.9477 0.3183
vn -0.0218 -0.9206 -0.3898
vn -0.0208 -0.9209 -0.3893
s 1
f 997//1 998//2 1001//3 1000//4
f 998//2 999//5 1002//6 1001//3
f 1000//4 1001//3 1004//7 1003//8
f 1001//3 1002//6 1005//9 1004//7
f 12//10 148//11 997//1 147//12
f 148//11 149//13 998//2 997//1
f 149//13 150//14 999//5 998//2
f 150//14 11//15 151//16 999//5
f 999//5 151//16 152//17 1002//6
f 1002//6 152//17 153//18 1005//9
f 1005//9 153//18 10//19 154//20
f 1004//7 1005//9 154//20 155//21
f 1003//8 1004//7 155//21 156//22
f 145//23 1003//8 156//22 9//24
f 146//25 1000//4 1003//8 145//23
f 147//12 997//1 1000//4 146//25
f 1006//26 1007//27 1010//28 1009//29
f 1007//27 1008//30 1011//31 1010//28
f 1009//29 1010//28 1013//32 1012//33
f 1010//28 1011//31 1014//34 1013//32
f 69//35 160//36 1006//26 159//37
f 160//36 161//38 1007//27 1006//26
f 161//38 162//39 1008//30 1007//27
f 162//39 70//40 163//41 1008//30
f 1008//30 163//41 164//42 1011//31
f 1011//31 164//42 165//43 1014//34
f 1014//34 165//43 71//44 166//45
f 1013//32 1014//34 166//45 167//46
f 1012//33 1013//32 167//46 168//47
f 157//48 1012//33 168//47 72//49
f 158//50 1009//29 1012//33 157//48
f 159//37 1006//26 1009//29 158//50
f 1015//51 1016//52 1019//52 1018//51
f 1016//52 1017//53 1020//53 1019//52
f 1018//51 1019//52 1022//52 1021//51
f 1019//52 1020//53 1023//53 1022//52
f 1//54 172//55 1015//51 171//56
f 172//55 173//57 1016//52 1015//51
f 173//57 174//58 1017//53 1016//52
f 174//58 2//59 175//60 1017//53
f 1017//53 175//60 176//60 1020//53
f 1020//53 176//60 177//60 1023//53
f 1023//53 177//60 74//60 178//53
f 1022//52 1023//53 178//53 179//52
f 1021//51 1022//52 179//52 180//51
f 169//56 1021//51 180//51 73//56
f 170//61 1018//51 1021//51 169//56
f 171//56 1015//51 1018//51 170//61
f 1024//62 1025//63 1028//63 1027//62
f 1025//63 1026//64 1029//64 1028//63
f 1027//62 1028//63 1031//63 1030//62
f 1028//63 1029//64 1032//64 1031//63
f 2//59 181//65 1024//62 175//60
f 181//65 182//66 1025//63 1024//62
f 182//66 183//67 1026//64 1025//63
f 183//67 3//68 184//69 1026//64
f 1026//64 184//69 185//69 1029//64
f 1029//64 185//69 186//69 1032//64
f 1032//64 186//69 75//69 187//64
f 1031//63 1032//64 187//64 188//63
f 1030//62 1031//63 188//63 189//62
f 177//60 1030//62 189//62 74//60
f 176//60 1027//62 1030//62 177//60
f 175//60 1024//62 1027//62 176//60
f 1033//70 1034//71 1037//71 1036//70
f 1034//71 1035//72 1038//72 1037//71
f 1036//70 1037//71 1040//71 1039//70
f 1037//71 1038//72 1041//72 1040//71
f 3//68 190//73 1033//70 184//69
f 190//73 191//74 1034//71 1033//70
f 191//74 192//75 1035//72 1034//71
f 192//75 4//76 193//77 1035//72
f 1035//72 193//77 194//77 1038//72
f 1038//72 194//77 195//77 1041//72
f 1041//72 195//77 76//77 196//72
f 1040//71 1041//72 196//72 197//71
f 1039//70 1040//71 197//71 198//70
f 186//69 1039//70 198//70 75//69
f 185//69 1036//70 1039//70 186//69
f 184//69 1033//70 1036//70 185//69
f 1042//78 1043//79 1046//79 1045//78
f 1043//79 1044//80 1047//80 1046//79
f 1045//78 1046//79 1049//79 1048//78
f 1046//79 1047//80 1050//80 1049//79
f 4//76 199//81 1042//78 193//77
f 199//81 200//82 1043//79 1042//78
f 200//82 201//83 1044//80 1043//79
f 201//83 1//54 171//56 1044//80
f 1044//80 171//56 170//61 1047//80
f 1047//80 170//61 169//56 1050//80
f 1050//80 169//56 73//56 202//80
f 1049//79 1050//80 202//80 203//79
f 1048//78 1049//79 203//79 204//78
f 195//77 1048//78 204//78 76//77
f 194//77 1045//78 1048//78 195//77
f 193//77 1042//78 1045//78 194//77
f 1051//51 1052//52 1055//52 1054//51
f 1052//52 1053//53 1056//53 1055//52
f 1054//51 1055//52 1058//52 1057//51
f 1055//52 1056//53 1059//53 1058//52
f 73//56 180//51 1051//51 207//56
f 180//51 179//52 1052//52 1051//51
f 179//52 178//53 1053//53 1052//52
f 178//53 74//60 208//60 1053//53
f 1053//53 208//60 209//60 1056//53
f 1056//53 209//60 210//60 1059//53
f 1059//53 210//60 78//60 211//53
f 1058//52 1059//53 211//53 212//52
f 1057//51 1058//52 212//52 213//51
f 205//56 1057//51 213//51 77//56
f 206//61 1054//51 1057//51 205//56
f 207//56 1051//51 1054//51 206//61
f 1060//62 1061//63 1064//63 1063//62
f 1061//63 1062//64 1065//64 1064//63
f 1063//62 1064//63 1067//63 1066//62
f 1064//63 1065//64 1068//64 1067//63
f 74//60 189//62 1060//62 208//60
f 189//62 188//63 1061//63 1060//62
f 188//63 187//64 1062//64 1061//63
f 187//64 75//69 214//69 1062//64
f 1062//64 214//69 215//69 1065//64
f 1065//64 215//69 216//69 1068//64
f 1068//64 216//69 79//69 217//64
f 1067//63 1068//64 217//64 218//63
f 1066//62 1067//63 218//63 219//62
f 210//60 1066//62 219//62 78//60
f 209//60 1063//62 1066//62 210//60
f 208//60 1060//62 1063//62 209//60
f 1069//70 1070//71 1073//71 1072//70
f 1070//71 1071//72 1074//72 1073//71
f 1072//70 1073//71 1076//71 1075//70
f 1073//71 1074//72 1077//72 1076//71
f 75//69 198//70 1069//70 214//69
f 198//70 197//71 1070//71 1069//70
f 197//71 196//72 1071//72 1070//71
f 196//72 76//77 220//77 1071//72
f 1071//72 220//77 221//77 1074//72
f 1074//72 221//77 222//77 1077//72
f 1077//72 222//77 80//77 223//72
f 1076//71 1077//72 223//72 224//71
f 1075//70 1076//71 224//71 225//70
f 216//69 1075//70 225//70 79//69
f 215//69 1072//70 1075//70 216//69
f 214//69 1069//70 1072//70 215//69
f 1078//78 1079//79 1082//79 1081//78
f 1079//79 1080//80 1083//80 1082//79
f 1081//78 1082//79 1085//79 1084//78
f 1082//79 1083//80 1086//80 1085//79
f 76//77 204//78 1078//78 220//77
f 204//78 203//79 1079//79 1078//78
f 203//79 202//80 1080//80 1079//79
f 202//80 73//56 207//56 1080//80
f 1080//80 207//56 206//61 1083//80
f 1083//80 206//61 205//56 1086//80
f 1086//80 205//56 77//56 226//80
f 1085//79 1086//80 226//80 227//79
f 1084//78 1085//79 227//79 228//78
f 222//77 1084//78 228//78 80//77
f 221//77 1081//78 1084//78 222//77
f 220//77 1078//78 1081//78 221//77
f 1087//51 1088//52 1091//52 1090//51
f 1088//52 1089//53 1092//53 1091//52
f 1090//51 1091//52 1094//52 1093//51
f 1091//52 1092//53 1095//53 1094//52
f 77//56 213//51 1087//51 231//56
f 213//51 212//52 1088//52 1087//51
f 212//52 211//53 1089//53 1088//52
f 211//53 78//60 232//60 1089//53
f 1089//53 232//60 233//60 1092//53
f 1092//53 233//60 234//60 1095//53
f 1095//53 234//60 82//60 235//53
f 1094//52 1095//53 235//53 236//52
f 1093//51 1094//52 236//52 237//51
f 229//61 1093//51 237//51 81//61
f 230//61 1090//51 1093//51 229//61
f 231//56 1087//51 1090//51 230//61
f 1096//62 1097//63 1100//63 1099//62
f 1097//63 1098//64 1101//64 1100//63
f 1099//62 1100//63 1103//63 1102//62
f 1100//63 1101//64 1104//64 1103//63
f 78//60 219//62 1096//62 232//60
f 219//62 218//63 1097//63 1096//62
f 218//63 217//64 1098//64 1097//63
f 217//64 79//69 238//69 1098//64
f 1098//64 238//69 239//69 1101//64
f 1101//64 239//69 240//69 1104//64
f 1104//64 240//69 83//69 241//64
f 1103//63 1104//64 241//64 242//63
f 1102//62 1103//63 242//63 243//62
f 234//60 1102//62 243//62 82//60
f 233//60 1099//62 1102//62 234//60
f 232//60 1096//62 1099//62 233//60
f 1105//70 1106//71 1109//71 1108//70
f 1106//71 1107//72 1110//72 1109//71
f 1108//70 1109//71 1112//71 1111//70
f 1109//71 1110//72 1113//72 1112//71
f 79//69 225//70 1105//70 238//69
f 225//70 224//71 1106//71 1105//70
f 224//71 223//72 1107//72 1106//71
f 223//72 80//77 244//77 1107//72
f 1107//72 244//77 245//77 1110//72
f 1110//72 245//77 246//77 1113//72
f 1113//72 246//77 84//77 247//72
f 1112//71 1113//72 247//72 248//71
f 1111//70 1112//71 248//71 249//70
f 240//69 1111//70 249//70 83//69
f 239//69 1108//70 1111//70 240//69
f 238//69 1105//70 1108//70 239//69
f 1114//78 1115//79 1118//79 1117//78
f 1115//79 1116//80 1119//80 1118//79
f 1117//78 1118//79 1121//79 1120//78
f 1118//79 1119//80 1122//80 1121//79
f 80//77 228//78 1114//78 244//77
f 228//78 227//79 1115//79 1114//78
f 227//79 226//80 1116//80 1115//79
f 226//80 77//56 231//56 1116//80
f 1116//80 231//56 230//61 1119//80
f 1119//80 230//61 229//61 1122//80
f 1122//80 229//61 81//61 250//80
f 1121//79 1122//80 250//80 251//79
f 1120//78 1121//79 251//79 252//78
f 246//77 1120//78 252//78 84//77
f 245//77 1117//78 1120//78 246//77
f 244//77 1114//78 1117//78 245//77
f 1123//51 1124//52 1127//52 1126//51
f 1124//52 1125//53 1128//53 1127//52
f 1126//51 1127//52 1130//52 1129//51
f 1127//52 1128//53 1131//53 1130//52
f 81//61 237//51 1123//51 255//61
f 237//51 236//52 1124//52 1123//51
f 236//52 235//53 1125//53 1124//52
f 235//53 82//60 256//60 1125//53
f 1125//53 256//60 257//60 1128//53
f 1128//53 257//60 258//60 1131//53
f 1131//53 258//60 86//60 259//53
f 1130//52 1131//53 259//53 260//52
f 1129//51 1130//52 260//52 261//51
f 253//61 1129//51 261//51 85//61
f 254//61 1126//51 1129//51 253//61
f 255//61 1123//51 1126//51 254//61
f 1132//62 1133//63 1136//63 1135//62
f 1133//63 1134//64 1137//64 1136//63
f 1135//62 1136//63 1139//63 1138//62
f 1136//63 1137//64 1140//64 1139//63
f 82//60 243//62 1132//62 256//60
f 243//62 242//63 1133//63 1132//62
f 242//63 241//64 1134//64 1133//63
f 241//64 83//69 262//69 1134//64
f 1134//64 262//69 263//69 1137//64
f 1137//64 263//69 264//69 1140//64
f 1140//64 264//69 87//69 265//64
f 1139//63 1140//64 265//64 266//63
f 1138//62 1139//63 266//63 267//62
f 258//60 1138//62 267//62 86//60
f 257//60 1135//62 1138//62 258//60
f 256//60 1132//62 1135//62 257//60
f 1141//70 1142//71 1145//71 1144//70
f 1142//71 1143//72 1146//72 1145//71
f 1144//70 1145//71 1148//71 1147//70
f 1145//71 1146//72 1149//72 1148//71
f 83//69 249//70 1141//70 262//69
f 249//70 248//71 1142//71 1141//70
f 248//71 247//72 1143//72 1142//71
f 247//72 84//77 268//77 1143//72
f 1143//72 268//77 269//77 1146//72
f 1146//72 269//77 270//77 1149//72
f 1149//72 270//77 88//77 271//72
f 1148//71 1149//72 271//72 272//71
f 1147//70 1148//71 272//71 273//70
f 264//69 1147//70 273//70 87//69
f 263//69 1144//70 1147//70 264//69
f 262//69 1141//70 1144//70 263//69
f 1150//78 1151//79 1154//79 1153//78
f 1151//79 1152//80 1155//80 1154//79
f 1153//78 1154//79 1157//79 1156//78
f 1154//79 1155//80 1158//80 1157//79
f 84//77 252//78 1150//78 268//77
f 252//78 251//79 1151//79 1150//78
f 251//79 250//80 1152//80 1151//79
f 250//80 81//61 255//61 1152//80
f 1152//80 255//61 254//61 1155//80
f 1155//80 254//61 253//61 1158//80
f 1158//80 253//61 85//61 274//80
f 1157//79 1158//80 274//80 275//79
f 1156//78 1157//79 275//79 276//78
f 270//77 1156//78 276//78 88//77
f 269//77 1153//78 1156//78 270//77
f 268//77 1150//78 1153//78 269//77
f 1161//53 278//60 90//60 279//53
f 1160//52 1161//53 279//53 280//52
f 1159//51 1160//52 280//52 281//51
f 277//61 1159//51 281//51 89//56
f 1162//84 278//85 419//85 2446//86
f 1166//87 1165//88 2455//89 2456//87
f 272//90 271//91 1388//92 1387//90
f 278//85 1161//93 2439//94 419//85
f 85//95 261//96 1407//97 1406//95
f 1170//98 1169//99 2465//99 2466//100
f 1164//64 282//69 91//69 283//64
f 1163//63 1164//64 283//64 284//101
f 1162//62 1163//63 284//101 285//62
f 278//60 1162//62 285//62 90//60
f 271//91 88//102 1389//102 1388//92
f 1165//88 282//103 413//103 2455//89
f 261//96 260//104 1414//104 1407//97
f 1169//99 1168//105 2464//106 2465//99
f 260//104 259//107 1415//108 1414//104
f 282//103 1164//109 2448//110 413//103
f 259//107 86//111 1416//111 1415//108
f 1168//105 286//112 407//112 2464//106
f 86//111 267//113 1396//114 1416//111
f 286//112 1167//115 2457//116 407//112
f 1161//93 1160//117 2438//117 2439//94
f 267//113 266//118 1397//118 1396//114
f 1167//72 286//77 92//77 287//72
f 1166//71 1167//72 287//72 288//71
f 1165//70 1166//71 288//71 289//70
f 282//69 1165//70 289//70 91//69
f 88//102 276//119 427//120 1389//102
f 1160//117 1159//121 2437//122 2438//117
f 266//118 265//123 1398//124 1397//118
f 277//125 1170//98 2466//100 424//125
f 276//119 275//126 428//126 427//120
f 265//123 87//127 1405//127 1398//124
f 1164//109 1163//128 2447//128 2448//110
f 275//126 274//129 434//130 428//126
f 1159//121 277//125 424//125 2437//122
f 1163//128 1162//84 2446//86 2447//128
f 274//129 85//95 1406//95 434//130
f 87//127 273//131 440//132 1405//127
f 1170//80 277//61 89//56 290//80
f 1169//79 1170//80 290//80 291//79
f 1168//78 1169//79 291//79 292//78
f 286//77 1168//78 292//78 92//77
f 1167//115 1166//87 2456//87 2457//116
f 273//131 272//90 1387//90 440//132
f 1171//133 1172//52 1175//134 1174//135
f 1172//52 1173//136 1176//137 1175//134
f 1174//135 1175//134 1178//138 1177//139
f 1175//134 1176//137 1179//140 1178//138
f 89//56 281//51 1171//133 295//141
f 281//51 280//52 1172//52 1171//133
f 280//52 279//53 1173//136 1172//52
f 279//53 90//60 296//142 1173//136
f 1173//136 296//142 297//143 1176//137
f 1176//137 297//143 298//144 1179//140
f 1179//140 298//144 94//145 299//146
f 1178//138 1179//140 299//146 300//147
f 1177//139 1178//138 300//147 301//148
f 293//149 1177//139 301//148 93//150
f 294//151 1174//135 1177//139 293//149
f 295//141 1171//133 1174//135 294//151
f 1180//152 1181//153 1184//154 1183//155
f 1181//153 1182//156 1185//157 1184//154
f 1183//155 1184//154 1187//158 1186//159
f 1184//154 1185//157 1188//160 1187//158
f 90//60 285//62 1180//152 296//142
f 285//62 284//101 1181//153 1180//152
f 284//101 283//64 1182//156 1181//153
f 283//64 91//69 302//161 1182//156
f 1182//156 302//161 303//162 1185//157
f 1185//157 303//162 304//163 1188//160
f 1188//160 304//163 95//164 305//165
f 1187//158 1188//160 305//165 306//166
f 1186//159 1187//158 306//166 307//167
f 298//144 1186//159 307//167 94//145
f 297//143 1183//155 1186//159 298//144
f 296//142 1180//152 1183//155 297//143
f 1189//168 1190//71 1193//169 1192//170
f 1190//71 1191//171 1194//172 1193//169
f 1192//170 1193//169 1196//173 1195//174
f 1193//169 1194//172 1197//175 1196//173
f 91//69 289//70 1189//168 302//161
f 289//70 288//71 1190//71 1189//168
f 288//71 287//72 1191//171 1190//71
f 287//72 92//77 308//176 1191//171
f 1191//171 308//176 309//177 1194//172
f 1194//172 309//177 310//178 1197//175
f 1197//175 310//178 96//179 311//180
f 1196//173 1197//175 311//180 312//181
f 1195//174 1196//173 312//181 313//182
f 304//163 1195//174 313//182 95//164
f 303//162 1192//170 1195//174 304//163
f 302//161 1189//168 1192//170 303//162
f 1198//183 1199//184 1202//185 1201//186
f 1199//184 1200//187 1203//188 1202//185
f 1201//186 1202//185 1205//189 1204//190
f 1202//185 1203//188 1206//191 1205//189
f 92//77 292//78 1198//183 308//176
f 292//78 291//79 1199//184 1198//183
f 291//79 290//80 1200//187 1199//184
f 290//80 89//56 295//141 1200//187
f 1200//187 295//141 294//151 1203//188
f 1203//188 294//151 293//149 1206//191
f 1206//191 293//149 93//150 314//192
f 1205//189 1206//191 314//192 315//193
f 1204//190 1205//189 315//193 316//194
f 310//178 1204//190 316//194 96//179
f 309//177 1201//186 1204//190 310//178
f 308//176 1198//183 1201//186 309//177
f 1207//195 1208//196 1211//197 1210//198
f 1208//196 1209//199 1212//200 1211//197
f 1210//198 1211//197 1214//201 1213//202
f 1211//197 1212//200 1215//203 1214//201
f 93//150 301//148 1207//195 319//204
f 301//148 300//147 1208//196 1207//195
f 300//147 299//146 1209//199 1208//196
f 299//146 94//145 320//205 1209//199
f 1209//199 320//205 321//206 1212//200
f 1212//200 321//206 322//207 1215//203
f 1215//203 322//207 6//208 323//209
f 1214//201 1215//203 323//209 324//210
f 1213//202 1214//201 324//210 325//211
f 317//212 1213//202 325//211 5//213
f 318//214 1210//198 1213//202 317//212
f 319//204 1207//195 1210//198 318//214
f 1216//215 1217//216 1220//217 1219//218
f 1217//216 1218//219 1221//220 1220//217
f 1219//218 1220//217 1223//221 1222//222
f 1220//217 1221//220 1224//223 1223//221
f 94//145 307//167 1216//215 320//205
f 307//167 306//166 1217//216 1216//215
f 306//166 305//165 1218//219 1217//216
f 305//165 95//164 326//224 1218//219
f 1218//219 326//224 327//225 1221//220
f 1221//220 327//225 328//226 1224//223
f 1224//223 328//226 7//227 329//228
f 1223//221 1224//223 329//228 330//229
f 1222//222 1223//221 330//229 331//230
f 322//207 1222//222 331//230 6//208
f 321//206 1219//218 1222//222 322//207
f 320//205 1216//215 1219//218 321//206
f 1225//231 1226//232 1229//233 1228//234
f 1226//232 1227//235 1230//236 1229//233
f 1228//234 1229//233 1232//237 1231//238
f 1229//233 1230//236 1233//239 1232//237
f 95//164 313//182 1225//231 326//224
f 313//182 312//181 1226//232 1225//231
f 312//181 311//180 1227//235 1226//232
f 311//180 96//179 332//240 1227//235
f 1227//235 332//240 333//241 1230//236
f 1230//236 333//241 334//242 1233//239
f 1233//239 334//242 8//243 335//244
f 1232//237 1233//239 335//244 336//245
f 1231//238 1232//237 336//245 337//246
f 328//226 1231//238 337//246 7//227
f 327//225 1228//234 1231//238 328//226
f 326//224 1225//231 1228//234 327//225
f 1234//247 1235//248 1238//249 1237//250
f 1235//248 1236//251 1239//252 1238//249
f 1237//250 1238//249 1241//253 1240//254
f 1238//249 1239//252 1242//255 1241//253
f 96//179 316//194 1234//247 332//240
f 316//194 315//193 1235//248 1234//247
f 315//193 314//192 1236//251 1235//248
f 314//192 93//150 319//204 1236//251
f 1236//251 319//204 318//214 1239//252
f 1239//252 318//214 317//212 1242//255
f 1242//255 317//212 5//213 338//256
f 1241//253 1242//255 338//256 339//257
f 1240//254 1241//253 339//257 340//258
f 334//242 1240//254 340//258 8//243
f 333//241 1237//250 1240//254 334//242
f 332//240 1234//247 1237//250 333//241
f 1243//259 1244//260 1247//261 1246//262
f 1244//260 1245//263 1248//264 1247//261
f 1246//262 1247//261 1250//265 1249//266
f 1247//261 1248//264 1251//267 1250//265
f 9//24 156//22 1243//259 343//268
f 156//22 155//21 1244//260 1243//259
f 155//21 154//20 1245//263 1244//260
f 154//20 10//19 344//269 1245//263
f 1245//263 344//269 345//270 1248//264
f 1248//264 345//270 346//271 1251//267
f 1251//267 346//271 2//59 174//58
f 1250//265 1251//267 174//58 173//57
f 1249//266 1250//265 173//57 172//55
f 341//272 1249//266 172//55 1//54
f 342//273 1246//262 1249//266 341//272
f 343//268 1243//259 1246//262 342//273
f 1252//274 1253//275 1256//276 1255//277
f 1253//275 1254//278 1257//279 1256//276
f 1255//277 1256//276 1259//280 1258//281
f 1256//276 1257//279 1260//282 1259//280
f 10//19 153//18 1252//274 344//269
f 153//18 152//17 1253//275 1252//274
f 152//17 151//16 1254//278 1253//275
f 151//16 11//15 347//283 1254//278
f 1254//278 347//283 348//284 1257//279
f 1257//279 348//284 349//285 1260//282
f 1260//282 349//285 3//68 183//67
f 1259//280 1260//282 183//67 182//66
f 1258//281 1259//280 182//66 181//65
f 346//271 1258//281 181//65 2//59
f 345//270 1255//277 1258//281 346//271
f 344//269 1252//274 1255//277 345//270
f 1261//286 1262//287 1265//288 1264//289
f 1262//287 1263//290 1266//291 1265//288
f 1264//289 1265//288 1268//292 1267//293
f 1265//288 1266//291 1269//294 1268//292
f 11//15 150//14 1261//286 347//283
f 150//14 149//13 1262//287 1261//286
f 149//13 148//11 1263//290 1262//287
f 148//11 12//10 350//295 1263//290
f 1263//290 350//295 351//296 1266//291
f 1266//291 351//296 352//297 1269//294
f 1269//294 352//297 4//76 192//75
f 1268//292 1269//294 192//75 191//74
f 1267//293 1268//292 191//74 190//73
f 349//285 1267//293 190//73 3//68
f 348//284 1264//289 1267//293 349//285
f 347//283 1261//286 1264//289 348//284
f 1270//298 1271//299 1274//300 1273//301
f 1271//299 1272//302 1275//303 1274//300
f 1273//301 1274//300 1277//304 1276//305
f 1274//300 1275//303 1278//306 1277//304
f 12//10 147//12 1270//298 350//295
f 147//12 146//25 1271//299 1270//298
f 146//25 145//23 1272//302 1271//299
f 145//23 9//24 343//268 1272//302
f 1272//302 343//268 342//273 1275//303
f 1275//303 342//273 341//272 1278//306
f 1278//306 341//272 1//54 201//83
f 1277//304 1278//306 201//83 200//82
f 1276//305 1277//304 200//82 199//81
f 352//297 1276//305 199//81 4//76
f 351//296 1273//301 1276//305 352//297
f 350//295 1270//298 1273//301 351//296
f 1279//307 1280//308 1283//309 1282//310
f 1280//308 1281//311 1284//312 1283//309
f 1282//310 1283//309 1286//313 1285//314
f 1283//309 1284//312 1287//315 1286//313
f 5//213 325//211 1279//307 355//316
f 325//211 324//210 1280//308 1279//307
f 324//210 323//209 1281//311 1280//308
f 323//209 6//208 356//317 1281//311
f 1281//311 356//317 357//318 1284//312
f 1284//312 357//318 358//319 1287//315
f 1287//315 358//319 14//320 359//321
f 1286//313 1287//315 359//321 360//322
f 1285//314 1286//313 360//322 361//323
f 353//324 1285//314 361//323 13//325
f 354//326 1282//310 1285//314 353//324
f 355//316 1279//307 1282//310 354//326
f 1288//327 1289//328 1292//329 1291//330
f 1289//328 1290//331 1293//332 1292//329
f 1291//330 1292//329 1295//333 1294//334
f 1292//329 1293//332 1296//335 1295//333
f 6//208 331//230 1288//327 356//317
f 331//230 330//229 1289//328 1288//327
f 330//229 329//228 1290//331 1289//328
f 329//228 7//227 362//336 1290//331
f 1290//331 362//336 363//337 1293//332
f 1293//332 363//337 364//338 1296//335
f 1296//335 364//338 15//339 365//340
f 1295//333 1296//335 365//340 366//341
f 1294//334 1295//333 366//341 367//342
f 358//319 1294//334 367//342 14//320
f 357//318 1291//330 1294//334 358//319
f 356//317 1288//327 1291//330 357//318
f 1297//343 1298//344 1301//345 1300//346
f 1298//344 1299//347 1302//348 1301//345
f 1300//346 1301//345 1304//349 1303//350
f 1301//345 1302//348 1305//351 1304//349
f 7//227 337//246 1297//343 362//336
f 337//246 336//245 1298//344 1297//343
f 336//245 335//244 1299//347 1298//344
f 335//244 8//243 368//352 1299//347
f 1299//347 368//352 369//353 1302//348
f 1302//348 369//353 370//354 1305//351
f 1305//351 370//354 16//355 371//356
f 1304//349 1305//351 371//356 372//357
f 1303//350 1304//349 372//357 373//358
f 364//338 1303//350 373//358 15//339
f 363//337 1300//346 1303//350 364//338
f 362//336 1297//343 1300//346 363//337
f 1306//359 1307//360 1310//361 1309//362
f 1307//360 1308//363 1311//364 1310//361
f 1309//362 1310//361 1313//365 1312//366
f 1310//361 1311//364 1314//367 1313//365
f 8//243 340//258 1306//359 368//352
f 340//258 339//257 1307//360 1306//359
f 339//257 338//256 1308//363 1307//360
f 338//256 5//213 355//316 1308//363
f 1308//363 355//316 354//326 1311//364
f 1311//364 354//326 353//324 1314//367
f 1314//367 353//324 13//325 374//368
f 1313//365 1314//367 374//368 375//369
f 1312//366 1313//365 375//369 376//370
f 370//354 1312//366 376//370 16//355
f 369//353 1309//362 1312//366 370//354
f 368//352 1306//359 1309//362 369//353
f 1315//371 1316//372 1319//373 1318//374
f 1316//372 1317//375 1320//376 1319//373
f 1318//374 1319//373 1322//377 1321//378
f 1319//373 1320//376 1323//379 1322//377
f 13//325 361//323 1315//371 379//380
f 361//323 360//322 1316//372 1315//371
f 360//322 359//321 1317//375 1316//372
f 359//321 14//320 380//381 1317//375
f 1317//375 380//381 381//382 1320//376
f 1320//376 381//382 382//383 1323//379
f 1323//379 382//383 18//384 383//385
f 1322//377 1323//379 383//385 384//386
f 1321//378 1322//377 384//386 385//387
f 377//388 1321//378 385//387 17//389
f 378//390 1318//374 1321//378 377//388
f 379//380 1315//371 1318//374 378//390
f 1324//391 1325//392 1328//393 1327//394
f 1325//392 1326//395 1329//396 1328//393
f 1327//394 1328//393 1331//397 1330//398
f 1328//393 1329//396 1332//399 1331//397
f 14//320 367//342 1324//391 380//381
f 367//342 366//341 1325//392 1324//391
f 366//341 365//340 1326//395 1325//392
f 365//340 15//339 386//400 1326//395
f 1326//395 386//400 387//401 1329//396
f 1329//396 387//401 388//402 1332//399
f 1332//399 388//402 19//403 389//404
f 1331//397 1332//399 389//404 390//405
f 1330//398 1331//397 390//405 391//406
f 382//383 1330//398 391//406 18//384
f 381//382 1327//394 1330//398 382//383
f 380//381 1324//391 1327//394 381//382
f 1333//407 1334//408 1337//409 1336//410
f 1334//408 1335//411 1338//412 1337//409
f 1336//410 1337//409 1340//413 1339//414
f 1337//409 1338//412 1341//415 1340//413
f 15//339 373//358 1333//407 386//400
f 373//358 372//357 1334//408 1333//407
f 372//357 371//356 1335//411 1334//408
f 371//356 16//355 392//416 1335//411
f 1335//411 392//416 393//417 1338//412
f 1338//412 393//417 394//418 1341//415
f 1341//415 394//418 20//419 395//420
f 1340//413 1341//415 395//420 396//421
f 1339//414 1340//413 396//421 397//422
f 388//402 1339//414 397//422 19//403
f 387//401 1336//410 1339//414 388//402
f 386//400 1333//407 1336//410 387//401
f 1342//423 1343//424 1346//425 1345//426
f 1343//424 1344//427 1347//428 1346//425
f 1345//426 1346//425 1349//429 1348//430
f 1346//425 1347//428 1350//431 1349//429
f 16//355 376//370 1342//423 392//416
f 376//370 375//369 1343//424 1342//423
f 375//369 374//368 1344//427 1343//424
f 374//368 13//325 379//380 1344//427
f 1344//427 379//380 378//390 1347//428
f 1347//428 378//390 377//388 1350//431
f 1350//431 377//388 17//389 398//432
f 1349//429 1350//431 398//432 399//433
f 1348//430 1349//429 399//433 400//434
f 394//418 1348//430 400//434 20//419
f 393//417 1345//426 1348//430 394//418
f 392//416 1342//423 1345//426 393//417
f 1351//435 1352//436 1355//437 1354//438
f 1352//436 1353//439 1356//440 1355//437
f 1354//438 1355//437 1358//441 1357//442
f 1355//437 1356//440 1359//443 1358//441
f 17//389 385//387 1351//435 403//444
f 385//387 384//386 1352//436 1351//435
f 384//386 383//385 1353//439 1352//436
f 383//385 18//384 404//445 1353//439
f 1353//439 404//445 405//446 1356//440
f 1356//440 405//446 406//447 1359//443
f 2444//63 2445//64 2448//64 2447//63
f 2443//62 2444//63 2447//63 2446//62
f 2441//63 2442//64 2445//64 2444//63
f 2440//62 2441//63 2444//63 2443//62
f 402//448 1354//438 1357//442 401//449
f 403//444 1351//435 1354//438 402//448
f 1360//450 1361//451 1364//452 1363//453
f 1361//451 1362//454 1365//455 1364//452
f 1363//453 1364//452 1367//456 1366//457
f 1364//452 1365//455 1368//458 1367//456
f 18//384 391//406 1360//450 404//445
f 391//406 390//405 1361//451 1360//450
f 390//405 389//404 1362//454 1361//451
f 389//404 19//403 410//459 1362//454
f 1362//454 410//459 411//460 1365//455
f 1365//455 411//460 412//461 1368//458
f 422//61 100//51 97//51 423//61
f 423//61 97//51 2437//51 424//61
f 2436//53 420//60 419//60 2439//53
f 98//53 421//60 420//60 2436//53
f 405//446 1363//453 1366//457 406//447
f 404//445 1360//450 1363//453 405//446
f 1369//462 1370//463 1373//464 1372//465
f 1370//463 1371//466 1374//467 1373//464
f 1372//465 1373//464 1376//468 1375//469
f 1373//464 1374//467 1377//470 1376//468
f 19//403 397//422 1369//462 410//459
f 397//422 396//421 1370//463 1369//462
f 396//421 395//420 1371//466 1370//463
f 395//420 20//419 416//471 1371//466
f 1371//466 416//471 417//472 1374//467
f 1374//467 417//472 418//473 1377//470
f 1415//53 1416//60 421//60 98//53
f 1414//52 1415//53 98//53 99//52
f 1407//51 1414//52 99//52 100//51
f 1406//61 1407//51 100//51 422//61
f 411//460 1372//465 1375//469 412//461
f 410//459 1369//462 1372//465 411//460
f 1378//474 1379//475 1382//476 1381//477
f 1379//475 1380//478 1383//479 1382//476
f 1381//477 1382//476 1385//480 1384//481
f 1382//476 1383//479 1386//482 1385//480
f 20//419 400//434 1378//474 416//471
f 400//434 399//433 1379//475 1378//474
f 399//433 398//432 1380//478 1379//475
f 398//432 17//389 403//444 1380//478
f 1380//478 403//444 402//448 1383//479
f 1383//479 402//448 401//449 1386//482
f 2435//52 2436//53 2439//53 2438//52
f 97//51 2435//52 2438//52 2437//51
f 99//52 98//53 2436//53 2435//52
f 100//51 99//52 2435//52 97//51
f 417//472 1381//477 1384//481 418//473
f 416//471 1378//474 1381//477 417//472
f 1375//483 1376//484 2406//485 2405//486
f 1400//487 1399//488 2420//489 2421//487
f 1390//490 1391//491 1394//492 1393//493
f 1391//491 1392//494 1395//495 1394//492
f 1359//496 406//497 2373//498 2401//499
f 1385//500 1386//501 2410//502 2409//500
f 1410//503 1409//504 2427//505 2428//506
f 1417//507 441//508 2398//509 2432//510
f 412//511 1375//483 2405//486 2378//512
f 1392//494 429//513 430//514 1395//495
f 1395//495 430//514 102//515 431//516
f 1394//492 1395//495 431//516 432//517
f 1393//493 1394//492 432//517 433//518
f 425//519 1393//493 433//518 101//520
f 426//521 1390//490 1393//493 425//519
f 435//522 1401//523 2422//524 2396//525
f 1384//526 1385//500 2409//500 2408//527
f 1409//504 1408//528 2426//529 2427//505
f 1399//530 1400//531 1403//532 1402//533
f 1400//531 1401//534 1404//535 1403//532
f 1368//536 412//511 2378//512 2404//537
f 1419//538 1418//539 2433//539 2434//540
f 418//541 1384//526 2408//527 2383//542
f 441//508 1410//503 2428//506 2398//509
f 1418//539 1417//507 2432//510 2433//539
f 1401//534 435//543 436//544 1404//535
f 1404//535 436//544 103//545 437//546
f 1403//532 1404//535 437//546 438//547
f 1402//533 1403//532 438//547 439//548
f 430//514 1402//533 439//548 102//515
f 429//513 1399//530 1402//533 430//514
f 1377//549 418//541 2383//542 2407//550
f 1358//551 1359//496 2401//499 2400//552
f 1390//553 426//554 2391//555 2414//556
f 1408//557 1409//558 1412//559 1411//560
f 1409//558 1410//561 1413//562 1412//559
f 1357//563 1358//551 2400//552 2399//564
f 426//554 1419//538 2434//540 2391//555
f 1386//501 401//565 2372//566 2410//502
f 1367//567 1368//536 2404//537 2403//567
f 1392//568 1391//569 2415//570 2416//571
f 1410//561 441//572 442//573 1413//562
f 1413//562 442//573 104//574 443//575
f 1412//559 1413//562 443//575 444//576
f 1411//560 1412//559 444//576 445//577
f 436//544 1411//560 445//577 103//545
f 435//543 1408//557 1411//560 436//544
f 1399//488 429//578 2394//579 2420//489
f 401//565 1357//563 2399//564 2372//566
f 1366//580 1367//567 2403//567 2402//581
f 1417//582 1418//583 1421//584 1420//585
f 1418//583 1419//586 1422//587 1421//584
f 1391//569 1390//553 2414//556 2415//570
f 1376//484 1377//549 2407//550 2406//485
f 1401//523 1400//487 2421//487 2422//524
f 1408//528 435//522 2396//525 2426//529
f 406//497 1366//580 2402//581 2373//498
f 1419//586 426//521 425//519 1422//587
f 1422//587 425//519 101//520 446//588
f 1421//584 1422//587 446//588 447//589
f 1420//585 1421//584 447//589 448//590
f 442//573 1420//585 448//590 104//574
f 441//572 1417//582 1420//585 442//573
f 429//578 1392//568 2416//571 2394//579
f 1423//591 1424//592 1427//593 1426//594
f 1424//592 1425//595 1428//596 1427//593
f 1426//594 1427//593 1430//597 1429//598
f 1427//593 1428//596 1431//599 1430//597
f 101//520 433//518 1423//591 451//600
f 433//518 432//517 1424//592 1423//591
f 432//517 431//516 1425//595 1424//592
f 431//516 102//515 452//601 1425//595
f 1425//595 452//601 453//602 1428//596
f 1428//596 453//602 454//603 1431//599
f 1431//599 454//603 22//604 455//605
f 1430//597 1431//599 455//605 456//606
f 1429//598 1430//597 456//606 457//607
f 449//608 1429//598 457//607 21//609
f 450//610 1426//594 1429//598 449//608
f 451//600 1423//591 1426//594 450//610
f 1432//611 1433//612 1436//613 1435//614
f 1433//612 1434//615 1437//616 1436//613
f 1435//614 1436//613 1439//617 1438//618
f 1436//613 1437//616 1440//619 1439//617
f 102//515 439//548 1432//611 452//601
f 439//548 438//547 1433//612 1432//611
f 438//547 437//546 1434//615 1433//612
f 437//546 103//545 458//620 1434//615
f 1434//615 458//620 459//621 1437//616
f 1437//616 459//621 460//622 1440//619
f 1440//619 460//622 23//623 461//624
f 1439//617 1440//619 461//624 462//625
f 1438//618 1439//617 462//625 463//626
f 454//603 1438//618 463//626 22//604
f 453//602 1435//614 1438//618 454//603
f 452//601 1432//611 1435//614 453//602
f 1441//627 1442//628 1445//629 1444//630
f 1442//628 1443//631 1446//632 1445//629
f 1444//630 1445//629 1448//633 1447//634
f 1445//629 1446//632 1449//635 1448//633
f 103//545 445//577 1441//627 458//620
f 445//577 444//576 1442//628 1441//627
f 444//576 443//575 1443//631 1442//628
f 443//575 104//574 464//636 1443//631
f 1443//631 464//636 465//637 1446//632
f 1446//632 465//637 466//638 1449//635
f 1449//635 466//638 24//639 467//640
f 1448//633 1449//635 467//640 468//641
f 1447//634 1448//633 468//641 469//642
f 460//622 1447//634 469//642 23//623
f 459//621 1444//630 1447//634 460//622
f 458//620 1441//627 1444//630 459//621
f 1450//643 1451//644 1454//645 1453//646
f 1451//644 1452//647 1455//648 1454//645
f 1453//646 1454//645 1457//649 1456//650
f 1454//645 1455//648 1458//651 1457//649
f 104//574 448//590 1450//643 464//636
f 448//590 447//589 1451//644 1450//643
f 447//589 446//588 1452//647 1451//644
f 446//588 101//520 451//600 1452//647
f 1452//647 451//600 450//610 1455//648
f 1455//648 450//610 449//608 1458//651
f 1458//651 449//608 21//609 470//652
f 1457//649 1458//651 470//652 471//653
f 1456//650 1457//649 471//653 472//654
f 466//638 1456//650 472//654 24//639
f 465//637 1453//646 1456//650 466//638
f 464//636 1450//643 1453//646 465//637
f 1459//655 1460//656 1463//657 1462//658
f 1460//656 1461//659 1464//660 1463//657
f 1462//658 1463//657 1466//661 1465//662
f 1463//657 1464//660 1467//663 1466//661
f 21//609 457//607 1459//655 475//664
f 457//607 456//606 1460//656 1459//655
f 456//606 455//605 1461//659 1460//656
f 455//605 22//604 476//665 1461//659
f 1461//659 476//665 477//666 1464//660
f 1464//660 477//666 478//667 1467//663
f 1467//663 478//667 26//668 479//669
f 1466//661 1467//663 479//669 480//670
f 1465//662 1466//661 480//670 481//671
f 473//672 1465//662 481//671 25//673
f 474//674 1462//658 1465//662 473//672
f 475//664 1459//655 1462//658 474//674
f 1468//675 1469//676 1472//677 1471//678
f 1469//676 1470//679 1473//680 1472//677
f 1471//678 1472//677 1475//681 1474//682
f 1472//677 1473//680 1476//683 1475//681
f 22//604 463//626 1468//675 476//665
f 463//626 462//625 1469//676 1468//675
f 462//625 461//624 1470//679 1469//676
f 461//624 23//623 482//684 1470//679
f 1470//679 482//684 483//685 1473//680
f 1473//680 483//685 484//686 1476//683
f 1476//683 484//686 27//687 485//688
f 1475//681 1476//683 485//688 486//689
f 1474//682 1475//681 486//689 487//690
f 478//667 1474//682 487//690 26//668
f 477//666 1471//678 1474//682 478//667
f 476//665 1468//675 1471//678 477//666
f 1477//691 1478//692 1481//693 1480//694
f 1478//692 1479//695 1482//696 1481//693
f 1480//694 1481//693 1484//697 1483//698
f 1481//693 1482//696 1485//699 1484//697
f 23//623 469//642 1477//691 482//684
f 469//642 468//641 1478//692 1477//691
f 468//641 467//640 1479//695 1478//692
f 467//640 24//639 488//700 1479//695
f 1479//695 488//700 489//701 1482//696
f 1482//696 489//701 490//702 1485//699
f 1485//699 490//702 28//703 491//704
f 1484//697 1485//699 491//704 492//705
f 1483//698 1484//697 492//705 493//706
f 484//686 1483//698 493//706 27//687
f 483//685 1480//694 1483//698 484//686
f 482//684 1477//691 1480//694 483//685
f 1486//707 1487//708 1490//709 1489//710
f 1487//708 1488//711 1491//712 1490//709
f 1489//710 1490//709 1493//713 1492//714
f 1490//709 1491//712 1494//715 1493//713
f 24//639 472//654 1486//707 488//700
f 472//654 471//653 1487//708 1486//707
f 471//653 470//652 1488//711 1487//708
f 470//652 21//609 475//664 1488//711
f 1488//711 475//664 474//674 1491//712
f 1491//712 474//674 473//672 1494//715
f 1494//715 473//672 25//673 494//716
f 1493//713 1494//715 494//716 495//717
f 1492//714 1493//713 495//717 496//718
f 490//702 1492//714 496//718 28//703
f 489//701 1489//710 1492//714 490//702
f 488//700 1486//707 1489//710 489//701
f 1495//719 1496//720 1499//721 1498//722
f 1496//720 1497//723 1500//724 1499//721
f 1498//722 1499//721 1502//725 1501//726
f 1499//721 1500//724 1503//727 1502//725
f 25//673 481//671 1495//719 499//728
f 481//671 480//670 1496//720 1495//719
f 480//670 479//669 1497//723 1496//720
f 479//669 26//668 500//729 1497//723
f 1497//723 500//729 501//730 1500//724
f 1500//724 501//730 502//731 1503//727
f 1503//727 502//731 106//732 503//733
f 1502//725 1503//727 503//733 504//734
f 1501//726 1502//725 504//734 505//735
f 497//736 1501//726 505//735 105//737
f 498//738 1498//722 1501//726 497//736
f 499//728 1495//719 1498//722 498//738
f 1504//739 1505//740 1508//741 1507//742
f 1505//740 1506//743 1509//744 1508//741
f 1507//742 1508//741 1511//745 1510//746
f 1508//741 1509//744 1512//747 1511//745
f 26//668 487//690 1504//739 500//729
f 487//690 486//689 1505//740 1504//739
f 486//689 485//688 1506//743 1505//740
f 485//688 27//687 506//748 1506//743
f 1506//743 506//748 507//749 1509//744
f 1509//744 507//749 508//750 1512//747
f 1512//747 508//750 107//751 509//752
f 1511//745 1512//747 509//752 510//753
f 1510//746 1511//745 510//753 511//754
f 502//731 1510//746 511//754 106//732
f 501//730 1507//742 1510//746 502//731
f 500//729 1504//739 1507//742 501//730
f 1513//755 1514//756 1517//757 1516//758
f 1514//756 1515//759 1518//760 1517//757
f 1516//758 1517//757 1520//761 1519//762
f 1517//757 1518//760 1521//763 1520//761
f 27//687 493//706 1513//755 506//748
f 493//706 492//705 1514//756 1513//755
f 492//705 491//704 1515//759 1514//756
f 491//704 28//703 512//764 1515//759
f 1515//759 512//764 513//765 1518//760
f 1518//760 513//765 514//766 1521//763
f 1521//763 514//766 108//767 515//768
f 1520//761 1521//763 515//768 516//769
f 1519//762 1520//761 516//769 517//770
f 508//750 1519//762 517//770 107//751
f 507//749 1516//758 1519//762 508//750
f 506//748 1513//755 1516//758 507//749
f 1522//771 1523//772 1526//773 1525//774
f 1523//772 1524//775 1527//776 1526//773
f 1525//774 1526//773 1529//777 1528//778
f 1526//773 1527//776 1530//779 1529//777
f 28//703 496//718 1522//771 512//764
f 496//718 495//717 1523//772 1522//771
f 495//717 494//716 1524//775 1523//772
f 494//716 25//673 499//728 1524//775
f 1524//775 499//728 498//738 1527//776
f 1527//776 498//738 497//736 1530//779
f 1530//779 497//736 105//737 518//780
f 1529//777 1530//779 518//780 519//781
f 1528//778 1529//777 519//781 520//782
f 514//766 1528//778 520//782 108//767
f 513//765 1525//774 1528//778 514//766
f 512//764 1522//771 1525//774 513//765
f 1531//783 1532//784 1535//785 1534//786
f 1532//784 1533//787 1536//788 1535//785
f 1534//786 1535//785 1538//789 1537//790
f 1535//785 1536//788 1539//791 1538//789
f 105//737 505//735 1531//783 523//792
f 505//735 504//734 1532//784 1531//783
f 504//734 503//733 1533//787 1532//784
f 503//733 106//732 524//793 1533//787
f 1533//787 524//793 525//794 1536//788
f 1536//788 525//794 526//795 1539//791
f 1539//791 526//795 30//796 527//797
f 1538//789 1539//791 527//797 528//798
f 1537//790 1538//789 528//798 529//799
f 521//800 1537//790 529//799 29//801
f 522//802 1534//786 1537//790 521//800
f 523//792 1531//783 1534//786 522//802
f 1540//803 1541//804 1544//805 1543//806
f 1541//804 1542//807 1545//808 1544//805
f 1543//806 1544//805 1547//809 1546//810
f 1544//805 1545//808 1548//811 1547//809
f 106//732 511//754 1540//803 524//793
f 511//754 510//753 1541//804 1540//803
f 510//753 509//752 1542//807 1541//804
f 509//752 107//751 530//812 1542//807
f 1542//807 530//812 531//813 1545//808
f 1545//808 531//813 532//814 1548//811
f 1548//811 532//814 31//815 533//816
f 1547//809 1548//811 533//816 534//817
f 1546//810 1547//809 534//817 535//818
f 526//795 1546//810 535//818 30//796
f 525//794 1543//806 1546//810 526//795
f 524//793 1540//803 1543//806 525//794
f 1549//819 1550//820 1553//821 1552//822
f 1550//820 1551//823 1554//824 1553//821
f 1552//822 1553//821 1556//825 1555//826
f 1553//821 1554//824 1557//827 1556//825
f 107//751 517//770 1549//819 530//812
f 517//770 516//769 1550//820 1549//819
f 516//769 515//768 1551//823 1550//820
f 515//768 108//767 536//828 1551//823
f 1551//823 536//828 537//829 1554//824
f 1554//824 537//829 538//830 1557//827
f 1557//827 538//830 32//831 539//832
f 1556//825 1557//827 539//832 540//833
f 1555//826 1556//825 540//833 541//834
f 532//814 1555//826 541//834 31//815
f 531//813 1552//822 1555//826 532//814
f 530//812 1549//819 1552//822 531//813
f 1558//835 1559//836 1562//837 1561//838
f 1559//836 1560//839 1563//840 1562//837
f 1561//838 1562//837 1565//841 1564//842
f 1562//837 1563//840 1566//843 1565//841
f 108//767 520//782 1558//835 536//828
f 520//782 519//781 1559//836 1558//835
f 519//781 518//780 1560//839 1559//836
f 518//780 105//737 523//792 1560//839
f 1560//839 523//792 522//802 1563//840
f 1563//840 522//802 521//800 1566//843
f 1566//843 521//800 29//801 542//844
f 1565//841 1566//843 542//844 543//845
f 1564//842 1565//841 543//845 544//846
f 538//830 1564//842 544//846 32//831
f 537//829 1561//838 1564//842 538//830
f 536//828 1558//835 1561//838 537//829
f 1567//847 1568//848 1571//849 1570//850
f 1568//848 1569//851 1572//852 1571//849
f 1570//850 1571//849 1574//853 1573//854
f 1571//849 1572//852 1575//855 1574//853
f 29//801 529//799 1567//847 547//856
f 529//799 528//798 1568//848 1567//847
f 528//798 527//797 1569//851 1568//848
f 527//797 30//796 548//857 1569//851
f 1569//851 548//857 549//858 1572//852
f 1572//852 549//858 550//859 1575//855
f 1575//855 550//859 110//860 551//861
f 1574//853 1575//855 551//861 552//862
f 1573//854 1574//853 552//862 553//863
f 545//864 1573//854 553//863 109//865
f 546//866 1570//850 1573//854 545//864
f 547//856 1567//847 1570//850 546//866
f 1576//867 1577//868 1580//869 1579//870
f 1577//868 1578//871 1581//872 1580//869
f 1579//870 1580//869 1583//873 1582//874
f 1580//869 1581//872 1584//875 1583//873
f 30//796 535//818 1576//867 548//857
f 535//818 534//817 1577//868 1576//867
f 534//817 533//816 1578//871 1577//868
f 533//816 31//815 554//876 1578//871
f 1578//871 554//876 555//877 1581//872
f 1581//872 555//877 556//878 1584//875
f 1584//875 556//878 111//879 557//880
f 1583//873 1584//875 557//880 558//881
f 1582//874 1583//873 558//881 559//882
f 550//859 1582//874 559//882 110//860
f 549//858 1579//870 1582//874 550//859
f 548//857 1576//867 1579//870 549//858
f 1585//883 1586//884 1589//885 1588//886
f 1586//884 1587//887 1590//888 1589//885
f 1588//886 1589//885 1592//889 1591//890
f 1589//885 1590//888 1593//891 1592//889
f 31//815 541//834 1585//883 554//876
f 541//834 540//833 1586//884 1585//883
f 540//833 539//832 1587//887 1586//884
f 539//832 32//831 560//892 1587//887
f 1587//887 560//892 561//893 1590//888
f 1590//888 561//893 562//894 1593//891
f 1593//891 562//894 112//895 563//896
f 1592//889 1593//891 563//896 564//897
f 1591//890 1592//889 564//897 565//898
f 556//878 1591//890 565//898 111//879
f 555//877 1588//886 1591//890 556//878
f 554//876 1585//883 1588//886 555//877
f 1594//899 1595//900 1598//901 1597//902
f 1595//900 1596//903 1599//904 1598//901
f 1597//902 1598//901 1601//905 1600//906
f 1598//901 1599//904 1602//907 1601//905
f 32//831 544//846 1594//899 560//892
f 544//846 543//845 1595//900 1594//899
f 543//845 542//844 1596//903 1595//900
f 542//844 29//801 547//856 1596//903
f 1596//903 547//856 546//866 1599//904
f 1599//904 546//866 545//864 1602//907
f 1602//907 545//864 109//865 566//908
f 1601//905 1602//907 566//908 567//909
f 1600//906 1601//905 567//909 568//910
f 562//894 1600//906 568//910 112//895
f 561//893 1597//902 1600//906 562//894
f 560//892 1594//899 1597//902 561//893
f 1603//863 1604//862 1607//862 1606//863
f 1604//862 1605//861 1608//861 1607//862
f 1606//863 1607//862 1610//862 1609//863
f 1607//862 1608//861 1611//861 1610//862
f 109//865 553//863 1603//863 571//865
f 553//863 552//862 1604//862 1603//863
f 552//862 551//861 1605//861 1604//862
f 551//861 110//860 572//911 1605//861
f 1605//861 572//911 573//911 1608//861
f 1608//861 573//911 574//912 1611//861
f 1611//861 574//912 114//912 575//861
f 1610//862 1611//861 575//861 576//862
f 1609//863 1610//862 576//862 577//863
f 569//865 1609//863 577//863 113//865
f 570//865 1606//863 1609//863 569//865
f 571//865 1603//863 1606//863 570//865
f 1612//913 1613//914 1616//914 1615//915
f 1613//914 1614//916 1617//916 1616//914
f 1615//915 1616//914 1619//917 1618//915
f 1616//914 1617//916 1620//916 1619//917
f 110//860 559//882 1612//913 572//911
f 559//882 558//881 1613//914 1612//913
f 558//881 557//880 1614//916 1613//914
f 557//880 111//879 578//918 1614//916
f 1614//916 578//918 579//918 1617//916
f 1617//916 579//918 580//918 1620//916
f 1620//916 580//918 115//918 581//916
f 1619//917 1620//916 581//916 582//917
f 1618//915 1619//917 582//917 583//915
f 574//912 1618//915 583//915 114//912
f 573//911 1615//915 1618//915 574//912
f 572//911 1612//913 1615//915 573//911
f 1621//898 1622//897 1625//897 1624//898
f 1622//897 1623//896 1626//896 1625//897
f 1624//898 1625//897 1628//897 1627//898
f 1625//897 1626//896 1629//896 1628//897
f 111//879 565//898 1621//898 578//918
f 565//898 564//897 1622//897 1621//898
f 564//897 563//896 1623//896 1622//897
f 563//896 112//895 584//919 1623//896
f 1623//896 584//919 585//919 1626//896
f 1626//896 585//919 586//919 1629//896
f 1629//896 586//919 116//895 587//896
f 1628//897 1629//896 587//896 588//897
f 1627//898 1628//897 588//897 589//898
f 580//918 1627//898 589//898 115//918
f 579//918 1624//898 1627//898 580//918
f 578//918 1621//898 1624//898 579//918
f 1630//920 1631//921 1634//921 1633//920
f 1631//921 1632//922 1635//922 1634//921
f 1633//920 1634//921 1637//921 1636//920
f 1634//921 1635//922 1638//922 1637//921
f 112//895 568//910 1630//920 584//919
f 568//910 567//909 1631//921 1630//920
f 567//909 566//908 1632//922 1631//921
f 566//908 109//865 571//865 1632//922
f 1632//922 571//865 570//865 1635//922
f 1635//922 570//865 569//865 1638//922
f 1638//922 569//865 113//865 590//922
f 1637//921 1638//922 590//922 591//909
f 1636//920 1637//921 591//909 592//910
f 586//919 1636//920 592//910 116//895
f 585//919 1633//920 1636//920 586//919
f 584//919 1630//920 1633//920 585//919
f 1639//863 1640//862 1643//923 1642//924
f 1640//862 1641//925 1644//926 1643//923
f 1642//924 1643//923 1646//927 1645//928
f 1643//923 1644//926 1647//929 1646//927
f 113//865 577//863 1639//863 595//930
f 577//863 576//862 1640//862 1639//863
f 576//862 575//861 1641//925 1640//862
f 575//861 114//912 596//931 1641//925
f 1641//925 596//931 597//932 1644//926
f 1644//926 597//932 598//933 1647//929
f 594//934 1642//924 1645//928 593//935
f 595//930 1639//863 1642//924 594//934
f 1648//936 1649//937 1652//938 1651//939
f 1649//937 1650//940 1653//941 1652//938
f 1651//939 1652//938 1655//942 1654//943
f 1652//938 1653//941 1656//944 1655//942
f 114//912 583//915 1648//936 596//931
f 583//915 582//917 1649//937 1648//936
f 582//917 581//916 1650//940 1649//937
f 581//916 115//918 599//945 1650//940
f 1650//940 599//945 600//946 1653//941
f 1653//941 600//946 601//947 1656//944
f 597//932 1651//939 1654//943 598//933
f 596//931 1648//936 1651//939 597//932
f 1657//898 1658//897 1661//948 1660//949
f 1658//897 1659//950 1662//951 1661//948
f 1660//949 1661//948 1664//952 1663//953
f 1661//948 1662//951 1665//954 1664//952
f 115//918 589//898 1657//898 599//945
f 589//898 588//897 1658//897 1657//898
f 588//897 587//896 1659//950 1658//897
f 587//896 116//895 602//955 1659//950
f 1659//950 602//955 603//956 1662//951
f 1662//951 603//956 604//957 1665//954
f 600//946 1660//949 1663//953 601//947
f 599//945 1657//898 1660//949 600//946
f 1666//958 1667//959 1670//960 1669//961
f 1667//959 1668//962 1671//963 1670//960
f 1669//961 1670//960 1673//964 1672//965
f 1670//960 1671//963 1674//966 1673//964
f 116//895 592//910 1666//958 602//955
f 592//910 591//909 1667//959 1666//958
f 591//909 590//922 1668//962 1667//959
f 590//922 113//865 595//930 1668//962
f 1668//962 595//930 594//934 1671//963
f 1671//963 594//934 593//935 1674//966
f 603//956 1669//961 1672//965 604//957
f 602//955 1666//958 1669//961 603//956
f 1673//967 1674//968 2346//969 2345//967
f 1689//970 1688//971 2363//972 2364//973
f 1675//974 1676//975 1679//976 1678//977
f 1676//975 1677//978 1680//979 1679//976
f 1693//980 617//981 730//982 2368//983
f 601//984 1663//985 2341//986 1865//987
f 612//988 1683//989 2358//990 736//991
f 1672//992 1673//967 2345//967 2344//993
f 1688//971 1687//994 2362//995 2363//972
f 1677//978 607//996 608//997 1680//979
f 1680//979 608//997 34//998 609//999
f 1679//976 1680//979 609//999 610//1000
f 1678//977 1679//976 610//1000 611//1001
f 605//1002 1678//977 611//1001 33//1003
f 606//1004 1675//974 1678//977 605//1002
f 1656//1005 601//984 1865//987 2340//1006
f 1695//1007 1694//1008 2369//1009 2370//1010
f 604//1011 1672//992 2344//993 1857//1012
f 1681//1013 1682//1014 1685//1015 1684//1016
f 1682//1014 1683//1017 1686//1018 1685//1015
f 617//981 1689//970 2364//973 730//982
f 1694//1008 1693//980 2368//983 2369//1009
f 1665//1019 604//1011 1857//1012 2343//1020
f 1646//1021 1647//1022 723//1023 724//1024
f 1675//1025 606//1026 1846//1027 2350//1028
f 1683//1017 612//1029 613//1030 1686//1018
f 1686//1018 613//1030 35//1031 614//1032
f 1685//1015 1686//1018 614//1032 615//1033
f 1684//1016 1685//1015 615//1033 616//1034
f 608//997 1684//1016 616//1034 34//998
f 607//996 1681//1013 1684//1016 608//997
f 1645//1035 1646//1021 724//1024 725//1036
f 606//1026 1695//1007 2370//1010 1846//1027
f 1674//968 593//1037 1874//1038 2346//969
f 1687//1039 1688//1040 1691//1041 1690//1042
f 1688//1040 1689//1043 1692//1044 1691//1041
f 1677//1045 1676//1046 2351//1046 2352//1047
f 1655//1048 1656//1005 2340//1006 2339//1048
f 1681//1049 607//1050 1843//1051 2356//1052
f 593//1037 1645//1035 725//1036 1874//1038
f 1654//1053 1655//1048 2339//1048 722//1054
f 1689//1043 617//1055 618//1056 1692//1044
f 1692//1044 618//1056 36//1057 619//1058
f 1691//1041 1692//1044 619//1058 620//1059
f 1690//1042 1691//1041 620//1059 621//1060
f 613//1030 1690//1042 621//1060 35//1031
f 612//1029 1687//1039 1690//1042 613//1030
f 1676//1046 1675//1025 2350//1028 2351//1046
f 1664//1061 1665//1019 2343//1020 2342//1062
f 1683//989 1682//1063 2357//1063 2358//990
f 1693//1064 1694//1065 1697//1066 1696//1067
f 1694//1065 1695//1068 1698//1069 1697//1066
f 1687//994 612//988 736//991 2362//995
f 598//1070 1654//1053 722//1054 1873//1071
f 607//1050 1677//1045 2352//1047 1843//1051
f 1663//985 1664//1061 2342//1062 2341//986
f 1682//1063 1681//1049 2356//1052 2357//1063
f 1695//1068 606//1004 605//1002 1698//1069
f 1698//1069 605//1002 33//1003 622//1072
f 1697//1066 1698//1069 622//1072 623//1073
f 1696//1067 1697//1066 623//1073 624//1074
f 618//1056 1696//1067 624//1074 36//1057
f 617//1055 1693//1064 1696//1067 618//1056
f 1647//1022 598//1070 1873//1071 723//1023
f 1699//1075 1700//1076 1703//1077 1702//1078
f 1700//1076 1701//1079 1704//1080 1703//1077
f 1702//1078 1703//1077 1706//1081 1705//1082
f 1703//1077 1704//1080 1707//1083 1706//1081
f 33//1003 611//1001 1699//1075 627//1084
f 611//1001 610//1000 1700//1076 1699//1075
f 610//1000 609//999 1701//1079 1700//1076
f 609//999 34//998 628//1085 1701//1079
f 1701//1079 628//1085 629//1086 1704//1080
f 1704//1080 629//1086 630//1087 1707//1083
f 1707//1083 630//1087 38//1088 631//1089
f 1706//1081 1707//1083 631//1089 632//1090
f 1705//1082 1706//1081 632//1090 633//1091
f 625//1092 1705//1082 633//1091 37//1093
f 626//1094 1702//1078 1705//1082 625//1092
f 627//1084 1699//1075 1702//1078 626//1094
f 1708//1095 1709//1096 1712//1097 1711//1098
f 1709//1096 1710//1099 1713//1100 1712//1097
f 1711//1098 1712//1097 1715//1101 1714//1102
f 1712//1097 1713//1100 1716//1103 1715//1101
f 34//998 616//1034 1708//1095 628//1085
f 616//1034 615//1033 1709//1096 1708//1095
f 615//1033 614//1032 1710//1099 1709//1096
f 614//1032 35//1031 634//1104 1710//1099
f 1710//1099 634//1104 635//1105 1713//1100
f 1713//1100 635//1105 636//1106 1716//1103
f 1716//1103 636//1106 39//1107 637//1108
f 1715//1101 1716//1103 637//1108 638//1109
f 1714//1102 1715//1101 638//1109 639//1110
f 630//1087 1714//1102 639//1110 38//1088
f 629//1086 1711//1098 1714//1102 630//1087
f 628//1085 1708//1095 1711//1098 629//1086
f 1717//1111 1718//1112 1721//1113 1720//1114
f 1718//1112 1719//1115 1722//1116 1721//1113
f 1720//1114 1721//1113 1724//1117 1723//1118
f 1721//1113 1722//1116 1725//1119 1724//1117
f 35//1031 621//1060 1717//1111 634//1104
f 621//1060 620//1059 1718//1112 1717//1111
f 620//1059 619//1058 1719//1115 1718//1112
f 619//1058 36//1057 640//1120 1719//1115
f 1719//1115 640//1120 641//1121 1722//1116
f 1722//1116 641//1121 642//1122 1725//1119
f 1725//1119 642//1122 40//1123 643//1124
f 1724//1117 1725//1119 643//1124 644//1125
f 1723//1118 1724//1117 644//1125 645//1126
f 636//1106 1723//1118 645//1126 39//1107
f 635//1105 1720//1114 1723//1118 636//1106
f 634//1104 1717//1111 1720//1114 635//1105
f 1726//1127 1727//1128 1730//1129 1729//1130
f 1727//1128 1728//1131 1731//1132 1730//1129
f 1729//1130 1730//1129 1733//1133 1732//1134
f 1730//1129 1731//1132 1734//1135 1733//1133
f 36//1057 624//1074 1726//1127 640//1120
f 624//1074 623//1073 1727//1128 1726//1127
f 623//1073 622//1072 1728//1131 1727//1128
f 622//1072 33//1003 627//1084 1728//1131
f 1728//1131 627//1084 626//1094 1731//1132
f 1731//1132 626//1094 625//1092 1734//1135
f 1734//1135 625//1092 37//1093 646//1136
f 1733//1133 1734//1135 646//1136 647//1137
f 1732//1134 1733//1133 647//1137 648//1138
f 642//1122 1732//1134 648//1138 40//1123
f 641//1121 1729//1130 1732//1134 642//1122
f 640//1120 1726//1127 1729//1130 641//1121
f 1735//1139 1736//1140 1739//1141 1738//1142
f 1736//1140 1737//1143 1740//1144 1739//1141
f 1738//1142 1739//1141 1742//1145 1741//1146
f 1739//1141 1740//1144 1743//1147 1742//1145
f 37//1093 633//1091 1735//1139 651//1148
f 633//1091 632//1090 1736//1140 1735//1139
f 632//1090 631//1089 1737//1143 1736//1140
f 631//1089 38//1088 652//1149 1737//1143
f 1737//1143 652//1149 653//1150 1740//1144
f 1740//1144 653//1150 654//1151 1743//1147
f 1743//1147 654//1151 118//1152 655//1153
f 1742//1145 1743//1147 655//1153 656//1154
f 1741//1146 1742//1145 656//1154 657//1155
f 649//1156 1741//1146 657//1155 117//1157
f 650//1158 1738//1142 1741//1146 649//1156
f 651//1148 1735//1139 1738//1142 650//1158
f 1744//1159 1745//1160 1748//1161 1747//1162
f 1745//1160 1746//1163 1749//1164 1748//1161
f 1747//1162 1748//1161 1751//1165 1750//1166
f 1748//1161 1749//1164 1752//1167 1751//1165
f 38//1088 639//1110 1744//1159 652//1149
f 639//1110 638//1109 1745//1160 1744//1159
f 638//1109 637//1108 1746//1163 1745//1160
f 637//1108 39//1107 658//1168 1746//1163
f 1746//1163 658//1168 659//1169 1749//1164
f 1749//1164 659//1169 660//1170 1752//1167
f 1752//1167 660//1170 119//1171 661//1172
f 1751//1165 1752//1167 661//1172 662//1173
f 1750//1166 1751//1165 662//1173 663//1174
f 654//1151 1750//1166 663//1174 118//1152
f 653//1150 1747//1162 1750//1166 654//1151
f 652//1149 1744//1159 1747//1162 653//1150
f 1753//1175 1754//1176 1757//1177 1756//1178
f 1754//1176 1755//1179 1758//1180 1757//1177
f 1756//1178 1757//1177 1760//1181 1759//1182
f 1757//1177 1758//1180 1761//1183 1760//1181
f 39//1107 645//1126 1753//1175 658//1168
f 645//1126 644//1125 1754//1176 1753//1175
f 644//1125 643//1124 1755//1179 1754//1176
f 643//1124 40//1123 664//1184 1755//1179
f 1755//1179 664//1184 665//1185 1758//1180
f 1758//1180 665//1185 666//1186 1761//1183
f 1761//1183 666//1186 120//1187 667//1188
f 1760//1181 1761//1183 667//1188 668//1189
f 1759//1182 1760//1181 668//1189 669//1190
f 660//1170 1759//1182 669//1190 119//1171
f 659//1169 1756//1178 1759//1182 660//1170
f 658//1168 1753//1175 1756//1178 659//1169
f 1762//1191 1763//1192 1766//1193 1765//1194
f 1763//1192 1764//1195 1767//1196 1766//1193
f 1765//1194 1766//1193 1769//1197 1768//1198
f 1766//1193 1767//1196 1770//1199 1769//1197
f 40//1123 648//1138 1762//1191 664//1184
f 648//1138 647//1137 1763//1192 1762//1191
f 647//1137 646//1136 1764//1195 1763//1192
f 646//1136 37//1093 651//1148 1764//1195
f 1764//1195 651//1148 650//1158 1767//1196
f 1767//1196 650//1158 649//1156 1770//1199
f 1770//1199 649//1156 117//1157 670//1200
f 1769//1197 1770//1199 670//1200 671//1201
f 1768//1198 1769//1197 671//1201 672//1202
f 666//1186 1768//1198 672//1202 120//1187
f 665//1185 1765//1194 1768//1198 666//1186
f 664//1184 1762//1191 1765//1194 665//1185
f 1771//1203 1772//1204 1775//1205 1774//1206
f 1772//1204 1773//1207 1776//1208 1775//1205
f 1774//1206 1775//1205 1778//1209 1777//1210
f 1775//1205 1776//1208 1779//1211 1778//1209
f 117//1157 657//1155 1771//1203 675//1212
f 657//1155 656//1154 1772//1204 1771//1203
f 656//1154 655//1153 1773//1207 1772//1204
f 655//1153 118//1152 676//1213 1773//1207
f 1773//1207 676//1213 677//1214 1776//1208
f 1776//1208 677//1214 678//1215 1779//1211
f 1779//1211 678//1215 42//1216 679//1217
f 1778//1209 1779//1211 679//1217 680//1218
f 1777//1210 1778//1209 680//1218 681//1219
f 673//1220 1777//1210 681//1219 41//1221
f 674//1222 1774//1206 1777//1210 673//1220
f 675//1212 1771//1203 1774//1206 674//1222
f 1780//1223 1781//1224 1784//1225 1783//1226
f 1781//1224 1782//1227 1785//1228 1784//1225
f 1783//1226 1784//1225 1787//1229 1786//1230
f 1784//1225 1785//1228 1788//1231 1787//1229
f 118//1152 663//1174 1780//1223 676//1213
f 663//1174 662//1173 1781//1224 1780//1223
f 662//1173 661//1172 1782//1227 1781//1224
f 661//1172 119//1171 682//1232 1782//1227
f 1782//1227 682//1232 683//1233 1785//1228
f 1785//1228 683//1233 684//1234 1788//1231
f 1788//1231 684//1234 43//1235 685//1236
f 1787//1229 1788//1231 685//1236 686//1237
f 1786//1230 1787//1229 686//1237 687//1238
f 678//1215 1786//1230 687//1238 42//1216
f 677//1214 1783//1226 1786//1230 678//1215
f 676//1213 1780//1223 1783//1226 677//1214
f 1789//1239 1790//1240 1793//1241 1792//1242
f 1790//1240 1791//1243 1794//1244 1793//1241
f 1792//1242 1793//1241 1796//1245 1795//1246
f 1793//1241 1794//1244 1797//1247 1796//1245
f 119//1171 669//1190 1789//1239 682//1232
f 669//1190 668//1189 1790//1240 1789//1239
f 668//1189 667//1188 1791//1243 1790//1240
f 667//1188 120//1187 688//1248 1791//1243
f 1791//1243 688//1248 689//1249 1794//1244
f 1794//1244 689//1249 690//1250 1797//1247
f 1797//1247 690//1250 44//1251 691//1252
f 1796//1245 1797//1247 691//1252 692//1253
f 1795//1246 1796//1245 692//1253 693//1254
f 684//1234 1795//1246 693//1254 43//1235
f 683//1233 1792//1242 1795//1246 684//1234
f 682//1232 1789//1239 1792//1242 683//1233
f 1798//1255 1799//1256 1802//1257 1801//1258
f 1799//1256 1800//1259 1803//1260 1802//1257
f 1801//1258 1802//1257 1805//1261 1804//1262
f 1802//1257 1803//1260 1806//1263 1805//1261
f 120//1187 672//1202 1798//1255 688//1248
f 672//1202 671//1201 1799//1256 1798//1255
f 671//1201 670//1200 1800//1259 1799//1256
f 670//1200 117//1157 675//1212 1800//1259
f 1800//1259 675//1212 674//1222 1803//1260
f 1803//1260 674//1222 673//1220 1806//1263
f 1806//1263 673//1220 41//1221 694//1264
f 1805//1261 1806//1263 694//1264 695//1265
f 1804//1262 1805//1261 695//1265 696//1266
f 690//1250 1804//1262 696//1266 44//1251
f 689//1249 1801//1258 1804//1262 690//1250
f 688//1248 1798//1255 1801//1258 689//1249
f 1807//1267 1808//1268 1811//1269 1810//1270
f 1808//1268 1809//1271 1812//1272 1811//1269
f 1810//1270 1811//1269 1814//1273 1813//1274
f 1811//1269 1812//1272 1815//1275 1814//1273
f 41//1221 681//1219 1807//1267 699//1276
f 681//1219 680//1218 1808//1268 1807//1267
f 680//1218 679//1217 1809//1271 1808//1268
f 679//1217 42//1216 700//1277 1809//1271
f 1809//1271 700//1277 701//1278 1812//1272
f 1812//1272 701//1278 702//1279 1815//1275
f 1815//1275 702//1279 122//1280 703//1281
f 1814//1273 1815//1275 703//1281 704//1282
f 1813//1274 1814//1273 704//1282 705//1283
f 697//1284 1813//1274 705//1283 121//1285
f 698//1286 1810//1270 1813//1274 697//1284
f 699//1276 1807//1267 1810//1270 698//1286
f 1816//1287 1817//1288 1820//1289 1819//1290
f 1817//1288 1818//1291 1821//1292 1820//1289
f 1819//1290 1820//1289 1823//1293 1822//1294
f 1820//1289 1821//1292 1824//1295 1823//1293
f 42//1216 687//1238 1816//1287 700//1277
f 687//1238 686//1237 1817//1288 1816//1287
f 686//1237 685//1236 1818//1291 1817//1288
f 685//1236 43//1235 706//1296 1818//1291
f 1818//1291 706//1296 707//1297 1821//1292
f 1821//1292 707//1297 708//1298 1824//1295
f 1824//1295 708//1298 123//1299 709//1300
f 1823//1293 1824//1295 709//1300 710//1301
f 1822//1294 1823//1293 710//1301 711//1302
f 702//1279 1822//1294 711//1302 122//1280
f 701//1278 1819//1290 1822//1294 702//1279
f 700//1277 1816//1287 1819//1290 701//1278
f 1825//1303 1826//1304 1829//1305 1828//1306
f 1826//1304 1827//1307 1830//1308 1829//1305
f 1828//1306 1829//1305 1832//1309 1831//1310
f 1829//1305 1830//1308 1833//1311 1832//1309
f 43//1235 693//1254 1825//1303 706//1296
f 693//1254 692//1253 1826//1304 1825//1303
f 692//1253 691//1252 1827//1307 1826//1304
f 691//1252 44//1251 712//1312 1827//1307
f 1827//1307 712//1312 713//1313 1830//1308
f 1830//1308 713//1313 714//1314 1833//1311
f 1833//1311 714//1314 124//1315 715//1316
f 1832//1309 1833//1311 715//1316 716//1317
f 1831//1310 1832//1309 716//1317 717//1318
f 708//1298 1831//1310 717//1318 123//1299
f 707//1297 1828//1306 1831//1310 708//1298
f 706//1296 1825//1303 1828//1306 707//1297
f 1834//1319 1835//1320 1838//1321 1837//1322
f 1835//1320 1836//1323 1839//1324 1838//1321
f 1837//1322 1838//1321 1841//1325 1840//1326
f 1838//1321 1839//1324 1842//1327 1841//1325
f 44//1251 696//1266 1834//1319 712//1312
f 696//1266 695//1265 1835//1320 1834//1319
f 695//1265 694//1264 1836//1323 1835//1320
f 694//1264 41//1221 699//1276 1836//1323
f 1836//1323 699//1276 698//1286 1839//1324
f 1839//1324 698//1286 697//1284 1842//1327
f 1842//1327 697//1284 121//1285 718//1328
f 1841//1325 1842//1327 718//1328 719//1329
f 1840//1326 1841//1325 719//1329 720//1330
f 714//1314 1840//1326 720//1330 124//1315
f 713//1313 1837//1322 1840//1326 714//1314
f 712//1312 1834//1319 1837//1322 713//1313
f 1857//1331 2344//1332 1847//1333 1856//1334
f 2344//1332 2345//1335 1848//1336 1847//1333
f 2345//1335 2346//1337 1852//1338 1848//1336
f 2346//1337 1874//1339 1875//1340 1852//1338
f 1865//1341 2341//1342 1853//1343 1864//1344
f 2341//1342 2342//1345 1854//1346 1853//1343
f 2342//1345 2343//1347 1855//1348 1854//1346
f 2343//1347 1857//1331 1856//1334 1855//1348
f 1873//1349 722//1350 1861//1351 1872//1352
f 722//1350 2339//1353 1862//1354 1861//1351
f 1851//1355 726//1356 126//1357 727//1358
f 1850//1359 1851//1355 727//1358 728//1360
f 1849//1361 1850//1359 728//1360 729//1362
f 721//1363 1849//1361 729//1362 125//1364
f 2339//1353 2340//1365 1863//1366 1862//1354
f 2340//1365 1865//1341 1864//1344 1863//1366
f 1874//1339 725//1367 1866//1368 1875//1340
f 725//1367 724//1369 1870//1370 1866//1368
f 724//1369 723//1371 1871//1372 1870//1370
f 723//1371 1873//1349 1872//1352 1871//1372
f 703//1373 122//1374 2275//1375 2276//1376
f 1869//1377 1868//1378 2328//1379 2329//1380
f 1858//1381 726//1382 2296//1383 2318//1384
f 1868//1378 1867//1385 2327//1386 2328//1379
f 122//1374 711//1387 2283//1388 2275//1375
f 726//1382 1851//1389 2311//1390 2296//1383
f 1860//1391 732//1392 127//1393 733//1394
f 1859//1395 1860//1391 733//1394 734//1396
f 1858//1397 1859//1395 734//1396 735//1398
f 726//1356 1858//1397 735//1398 126//1357
f 711//1387 710//1399 2282//1400 2283//1388
f 1878//1401 1877//1402 2337//1403 2338//1404
f 124//1405 720//1406 2290//1407 2284//1408
f 1867//1385 732//1409 2299//1410 2327//1386
f 710//1399 709//1411 2281//1412 2282//1400
f 1877//1402 1876//1413 2336//1414 2337//1403
f 720//1406 719//1415 2289//1416 2290//1407
f 732//1409 1860//1417 2320//1418 2299//1410
f 709//1411 123//1419 2280//1420 2281//1412
f 719//1415 718//1421 2288//1422 2289//1416
f 718//1421 121//1423 2279//1423 2288//1422
f 1876//1413 738//1424 2302//1425 2336//1414
f 1869//1426 738//1427 128//1428 739//1429
f 1868//1430 1869//1426 739//1429 740//1431
f 1867//1432 1868//1430 740//1431 741//1433
f 732//1392 1867//1432 741//1433 127//1393
f 123//1419 717//1434 2287//1435 2280//1420
f 738//1424 1869//1377 2329//1380 2302//1425
f 1851//1389 1850//1436 2310//1437 2311//1390
f 717//1434 716//1438 2286//1439 2287//1435
f 1850//1436 1849//1440 2309//1441 2310//1437
f 716//1438 715//1442 2285//1443 2286//1439
f 121//1423 705//1444 2278//1445 2279//1423
f 715//1442 124//1405 2284//1408 2285//1443
f 721//1446 1878//1401 2338//1404 2291//1447
f 1860//1417 1859//1448 2319//1449 2320//1418
f 705//1444 704//1450 2277//1451 2278//1445
f 1849//1440 721//1446 2291//1447 2309//1441
f 1878//1452 721//1363 125//1364 742//1453
f 1877//1454 1878//1452 742//1453 743//1455
f 1876//1456 1877//1454 743//1455 744//1457
f 738//1427 1876//1456 744//1457 128//1428
f 704//1450 703//1373 2276//1376 2277//1451
f 1859//1448 1858//1381 2318//1384 2319//1449
f 1879//1458 1880//1459 1883//1460 1882//1461
f 1880//1459 1881//1462 1884//1463 1883//1460
f 1882//1461 1883//1460 1886//1464 1885//1465
f 1883//1460 1884//1463 1887//1466 1886//1464
f 125//1364 729//1362 1879//1458 747//1467
f 729//1362 728//1360 1880//1459 1879//1458
f 728//1360 727//1358 1881//1462 1880//1459
f 727//1358 126//1357 748//1468 1881//1462
f 1881//1462 748//1468 749//1469 1884//1463
f 1884//1463 749//1469 750//1470 1887//1466
f 1887//1466 750//1470 46//1471 751//1472
f 1886//1464 1887//1466 751//1472 752//1473
f 1885//1465 1886//1464 752//1473 753//1474
f 745//1475 1885//1465 753//1474 45//1476
f 746//1477 1882//1461 1885//1465 745//1475
f 747//1467 1879//1458 1882//1461 746//1477
f 1888//1478 1889//1479 1892//1480 1891//1481
f 1889//1479 1890//1482 1893//1483 1892//1480
f 1891//1481 1892//1480 1895//1484 1894//1485
f 1892//1480 1893//1483 1896//1486 1895//1484
f 126//1357 735//1398 1888//1478 748//1468
f 735//1398 734//1396 1889//1479 1888//1478
f 734//1396 733//1394 1890//1482 1889//1479
f 733//1394 127//1393 754//1487 1890//1482
f 1890//1482 754//1487 755//1488 1893//1483
f 1893//1483 755//1488 756//1489 1896//1486
f 1896//1486 756//1489 47//1490 757//1491
f 1895//1484 1896//1486 757//1491 758//1492
f 1894//1485 1895//1484 758//1492 759//1493
f 750//1470 1894//1485 759//1493 46//1471
f 749//1469 1891//1481 1894//1485 750//1470
f 748//1468 1888//1478 1891//1481 749//1469
f 1897//1494 1898//1495 1901//1496 1900//1497
f 1898//1495 1899//1498 1902//1499 1901//1496
f 1900//1497 1901//1496 1904//1500 1903//1501
f 1901//1496 1902//1499 1905//1502 1904//1500
f 127//1393 741//1433 1897//1494 754//1487
f 741//1433 740//1431 1898//1495 1897//1494
f 740//1431 739//1429 1899//1498 1898//1495
f 739//1429 128//1428 760//1503 1899//1498
f 1899//1498 760//1503 761//1504 1902//1499
f 1902//1499 761//1504 762//1505 1905//1502
f 1905//1502 762//1505 48//1506 763//1507
f 1904//1500 1905//1502 763//1507 764//1508
f 1903//1501 1904//1500 764//1508 765//1509
f 756//1489 1903//1501 765//1509 47//1490
f 755//1488 1900//1497 1903//1501 756//1489
f 754//1487 1897//1494 1900//1497 755//1488
f 1906//1510 1907//1511 1910//1512 1909//1513
f 1907//1511 1908//1514 1911//1515 1910//1512
f 1909//1513 1910//1512 1913//1516 1912//1517
f 1910//1512 1911//1515 1914//1518 1913//1516
f 128//1428 744//1457 1906//1510 760//1503
f 744//1457 743//1455 1907//1511 1906//1510
f 743//1455 742//1453 1908//1514 1907//1511
f 742//1453 125//1364 747//1467 1908//1514
f 1908//1514 747//1467 746//1477 1911//1515
f 1911//1515 746//1477 745//1475 1914//1518
f 1914//1518 745//1475 45//1476 766//1519
f 1913//1516 1914//1518 766//1519 767//1520
f 1912//1517 1913//1516 767//1520 768//1521
f 762//1505 1912//1517 768//1521 48//1506
f 761//1504 1909//1513 1912//1517 762//1505
f 760//1503 1906//1510 1909//1513 761//1504
f 1915//1522 1916//1523 1919//1524 1918//1525
f 1916//1523 1917//1526 1920//1527 1919//1524
f 1918//1525 1919//1524 1922//1528 1921//1529
f 1919//1524 1920//1527 1923//1530 1922//1528
f 45//1476 753//1474 1915//1522 771//1531
f 753//1474 752//1473 1916//1523 1915//1522
f 752//1473 751//1472 1917//1526 1916//1523
f 751//1472 46//1471 772//1532 1917//1526
f 1917//1526 772//1532 773//1533 1920//1527
f 1920//1527 773//1533 774//1534 1923//1530
f 1923//1530 774//1534 50//1535 775//1536
f 1922//1528 1923//1530 775//1536 776//1537
f 1921//1529 1922//1528 776//1537 777//1538
f 769//1539 1921//1529 777//1538 49//1540
f 770//1541 1918//1525 1921//1529 769//1539
f 771//1531 1915//1522 1918//1525 770//1541
f 1924//1542 1925//1543 1928//1544 1927//1545
f 1925//1543 1926//1546 1929//1547 1928//1544
f 1927//1545 1928//1544 1931//1548 1930//1549
f 1928//1544 1929//1547 1932//1550 1931//1548
f 46//1471 759//1493 1924//1542 772//1532
f 759//1493 758//1492 1925//1543 1924//1542
f 758//1492 757//1491 1926//1546 1925//1543
f 757//1491 47//1490 778//1551 1926//1546
f 1926//1546 778//1551 779//1552 1929//1547
f 1929//1547 779//1552 780//1553 1932//1550
f 1932//1550 780//1553 51//1554 781//1555
f 1931//1548 1932//1550 781//1555 782//1556
f 1930//1549 1931//1548 782//1556 783//1557
f 774//1534 1930//1549 783//1557 50//1535
f 773//1533 1927//1545 1930//1549 774//1534
f 772//1532 1924//1542 1927//1545 773//1533
f 1933//1558 1934//1559 1937//1560 1936//1561
f 1934//1559 1935//1562 1938//1563 1937//1560
f 1936//1561 1937//1560 1940//1564 1939//1565
f 1937//1560 1938//1563 1941//1566 1940//1564
f 47//1490 765//1509 1933//1558 778//1551
f 765//1509 764//1508 1934//1559 1933//1558
f 764//1508 763//1507 1935//1562 1934//1559
f 763//1507 48//1506 784//1567 1935//1562
f 1935//1562 784//1567 785//1568 1938//1563
f 1938//1563 785//1568 786//1569 1941//1566
f 1941//1566 786//1569 52//1570 787//1571
f 1940//1564 1941//1566 787//1571 788//1572
f 1939//1565 1940//1564 788//1572 789//1573
f 780//1553 1939//1565 789//1573 51//1554
f 779//1552 1936//1561 1939//1565 780//1553
f 778//1551 1933//1558 1936//1561 779//1552
f 1942//1574 1943//1575 1946//1576 1945//1577
f 1943//1575 1944//1578 1947//1579 1946//1576
f 1945//1577 1946//1576 1949//1580 1948//1581
f 1946//1576 1947//1579 1950//1582 1949//1580
f 48//1506 768//1521 1942//1574 784//1567
f 768//1521 767//1520 1943//1575 1942//1574
f 767//1520 766//1519 1944//1578 1943//1575
f 766//1519 45//1476 771//1531 1944//1578
f 1944//1578 771//1531 770//1541 1947//1579
f 1947//1579 770//1541 769//1539 1950//1582
f 1950//1582 769//1539 49//1540 790//1583
f 1949//1580 1950//1582 790//1583 791//1584
f 1948//1581 1949//1580 791//1584 792//1585
f 786//1569 1948//1581 792//1585 52//1570
f 785//1568 1945//1577 1948//1581 786//1569
f 784//1567 1942//1574 1945//1577 785//1568
f 1951//1586 1952//1587 1955//1588 1954//1589
f 1952//1587 1953//1590 1956//1591 1955//1588
f 1954//1589 1955//1588 1958//1592 1957//1593
f 1955//1588 1956//1591 1959//1594 1958//1592
f 49//1540 777//1538 1951//1586 795//1595
f 777//1538 776//1537 1952//1587 1951//1586
f 776//1537 775//1536 1953//1590 1952//1587
f 775//1536 50//1535 796//1596 1953//1590
f 1953//1590 796//1596 797//1597 1956//1591
f 1956//1591 797//1597 798//1598 1959//1594
f 1959//1594 798//1598 130//1599 799//1600
f 1958//1592 1959//1594 799//1600 800//1601
f 1957//1593 1958//1592 800//1601 801//1602
f 793//1603 1957//1593 801//1602 129//1604
f 794//1605 1954//1589 1957//1593 793//1603
f 795//1595 1951//1586 1954//1589 794//1605
f 1960//1606 1961//1607 1964//1608 1963//1609
f 1961//1607 1962//1610 1965//1611 1964//1608
f 1963//1609 1964//1608 1967//1612 1966//1613
f 1964//1608 1965//1611 1968//1614 1967//1612
f 50//1535 783//1557 1960//1606 796//1596
f 783//1557 782//1556 1961//1607 1960//1606
f 782//1556 781//1555 1962//1610 1961//1607
f 781//1555 51//1554 802//1615 1962//1610
f 1962//1610 802//1615 803//1616 1965//1611
f 1965//1611 803//1616 804//1617 1968//1614
f 1968//1614 804//1617 131//1618 805//1619
f 1967//1612 1968//1614 805//1619 806//1620
f 1966//1613 1967//1612 806//1620 807//1621
f 798//1598 1966//1613 807//1621 130//1599
f 797//1597 1963//1609 1966//1613 798//1598
f 796//1596 1960//1606 1963//1609 797//1597
f 1969//1622 1970//1623 1973//1624 1972//1625
f 1970//1623 1971//1626 1974//1627 1973//1624
f 1972//1625 1973//1624 1976//1628 1975//1629
f 1973//1624 1974//1627 1977//1630 1976//1628
f 51//1554 789//1573 1969//1622 802//1615
f 789//1573 788//1572 1970//1623 1969//1622
f 788//1572 787//1571 1971//1626 1970//1623
f 787//1571 52//1570 808//1631 1971//1626
f 1971//1626 808//1631 809//1632 1974//1627
f 1974//1627 809//1632 810//1633 1977//1630
f 1977//1630 810//1633 132//1634 811//1635
f 1976//1628 1977//1630 811//1635 812//1636
f 1975//1629 1976//1628 812//1636 813//1637
f 804//1617 1975//1629 813//1637 131//1618
f 803//1616 1972//1625 1975//1629 804//1617
f 802//1615 1969//1622 1972//1625 803//1616
f 1978//1638 1979//1639 1982//1640 1981//1641
f 1979//1639 1980//1642 1983//1643 1982//1640
f 1981//1641 1982//1640 1985//1644 1984//1645
f 1982//1640 1983//1643 1986//1646 1985//1644
f 52//1570 792//1585 1978//1638 808//1631
f 792//1585 791//1584 1979//1639 1978//1638
f 791//1584 790//1583 1980//1642 1979//1639
f 790//1583 49//1540 795//1595 1980//1642
f 1980//1642 795//1595 794//1605 1983//1643
f 1983//1643 794//1605 793//1603 1986//1646
f 1986//1646 793//1603 129//1604 814//1647
f 1985//1644 1986//1646 814//1647 815//1648
f 1984//1645 1985//1644 815//1648 816//1649
f 810//1633 1984//1645 816//1649 132//1634
f 809//1632 1981//1641 1984//1645 810//1633
f 808//1631 1978//1638 1981//1641 809//1632
f 1987//1650 1988//1651 1991//1652 1990//1653
f 1988//1651 1989//1654 1992//1655 1991//1652
f 1990//1653 1991//1652 1994//1656 1993//1657
f 1991//1652 1992//1655 1995//1658 1994//1656
f 129//1604 801//1602 1987//1650 819//1659
f 801//1602 800//1601 1988//1651 1987//1650
f 800//1601 799//1600 1989//1654 1988//1651
f 799//1600 130//1599 820//1660 1989//1654
f 1989//1654 820//1660 821//1661 1992//1655
f 1992//1655 821//1661 822//1662 1995//1658
f 1995//1658 822//1662 54//1663 823//1664
f 1994//1656 1995//1658 823//1664 824//1665
f 1993//1657 1994//1656 824//1665 825//1666
f 817//1667 1993//1657 825//1666 53//1668
f 818//1669 1990//1653 1993//1657 817//1667
f 819//1659 1987//1650 1990//1653 818//1669
f 1996//1670 1997//1671 2000//1672 1999//1673
f 1997//1671 1998//1674 2001//1675 2000//1672
f 1999//1673 2000//1672 2003//1676 2002//1677
f 2000//1672 2001//1675 2004//1678 2003//1676
f 130//1599 807//1621 1996//1670 820//1660
f 807//1621 806//1620 1997//1671 1996//1670
f 806//1620 805//1619 1998//1674 1997//1671
f 805//1619 131//1618 826//1679 1998//1674
f 1998//1674 826//1679 827//1680 2001//1675
f 2001//1675 827//1680 828//1681 2004//1678
f 2004//1678 828//1681 55//1682 829//1683
f 2003//1676 2004//1678 829//1683 830//1684
f 2002//1677 2003//1676 830//1684 831//1685
f 822//1662 2002//1677 831//1685 54//1663
f 821//1661 1999//1673 2002//1677 822//1662
f 820//1660 1996//1670 1999//1673 821//1661
f 2005//1686 2006//1687 2009//1688 2008//1689
f 2006//1687 2007//1690 2010//1691 2009//1688
f 2008//1689 2009//1688 2012//1692 2011//1693
f 2009//1688 2010//1691 2013//1694 2012//1692
f 131//1618 813//1637 2005//1686 826//1679
f 813//1637 812//1636 2006//1687 2005//1686
f 812//1636 811//1635 2007//1690 2006//1687
f 811//1635 132//1634 832//1695 2007//1690
f 2007//1690 832//1695 833//1696 2010//1691
f 2010//1691 833//1696 834//1697 2013//1694
f 2013//1694 834//1697 56//1698 835//1699
f 2012//1692 2013//1694 835//1699 836//1700
f 2011//1693 2012//1692 836//1700 837//1701
f 828//1681 2011//1693 837//1701 55//1682
f 827//1680 2008//1689 2011//1693 828//1681
f 826//1679 2005//1686 2008//1689 827//1680
f 2014//1702 2015//1703 2018//1704 2017//1705
f 2015//1703 2016//1706 2019//1707 2018//1704
f 2017//1705 2018//1704 2021//1708 2020//1709
f 2018//1704 2019//1707 2022//1710 2021//1708
f 132//1634 816//1649 2014//1702 832//1695
f 816//1649 815//1648 2015//1703 2014//1702
f 815//1648 814//1647 2016//1706 2015//1703
f 814//1647 129//1604 819//1659 2016//1706
f 2016//1706 819//1659 818//1669 2019//1707
f 2019//1707 818//1669 817//1667 2022//1710
f 2022//1710 817//1667 53//1668 838//1711
f 2021//1708 2022//1710 838//1711 839//1712
f 2020//1709 2021//1708 839//1712 840//1713
f 834//1697 2020//1709 840//1713 56//1698
f 833//1696 2017//1705 2020//1709 834//1697
f 832//1695 2014//1702 2017//1705 833//1696
f 2023//1714 2024//1715 2027//1716 2026//1717
f 2024//1715 2025//1718 2028//1719 2027//1716
f 2026//1717 2027//1716 2030//1720 2029//1721
f 2027//1716 2028//1719 2031//1722 2030//1720
f 53//1668 825//1666 2023//1714 843//1723
f 825//1666 824//1665 2024//1715 2023//1714
f 824//1665 823//1664 2025//1718 2024//1715
f 823//1664 54//1663 844//1724 2025//1718
f 2025//1718 844//1724 845//1725 2028//1719
f 2028//1719 845//1725 846//1726 2031//1722
f 2031//1722 846//1726 58//1727 847//1728
f 2030//1720 2031//1722 847//1728 848//1729
f 2029//1721 2030//1720 848//1729 849//1730
f 841//1731 2029//1721 849//1730 57//1732
f 842//1733 2026//1717 2029//1721 841//1731
f 843//1723 2023//1714 2026//1717 842//1733
f 2032//1734 2033//1735 2036//1736 2035//1737
f 2033//1735 2034//1738 2037//1739 2036//1736
f 2035//1737 2036//1736 2039//1740 2038//1741
f 2036//1736 2037//1739 2040//1742 2039//1740
f 54//1663 831//1685 2032//1734 844//1724
f 831//1685 830//1684 2033//1735 2032//1734
f 830//1684 829//1683 2034//1738 2033//1735
f 829//1683 55//1682 850//1743 2034//1738
f 2034//1738 850//1743 851//1744 2037//1739
f 2037//1739 851//1744 852//1745 2040//1742
f 2040//1742 852//1745 59//1746 853//1747
f 2039//1740 2040//1742 853//1747 854//1748
f 2038//1741 2039//1740 854//1748 855//1749
f 846//1726 2038//1741 855//1749 58//1727
f 845//1725 2035//1737 2038//1741 846//1726
f 844//1724 2032//1734 2035//1737 845//1725
f 2041//1750 2042//1751 2045//1752 2044//1753
f 2042//1751 2043//1754 2046//1755 2045//1752
f 2044//1753 2045//1752 2048//1756 2047//1757
f 2045//1752 2046//1755 2049//1758 2048//1756
f 55//1682 837//1701 2041//1750 850//1743
f 837//1701 836//1700 2042//1751 2041//1750
f 836//1700 835//1699 2043//1754 2042//1751
f 835//1699 56//1698 856//1759 2043//1754
f 2043//1754 856//1759 857//1760 2046//1755
f 2046//1755 857//1760 858//1761 2049//1758
f 2049//1758 858//1761 60//1762 859//1763
f 2048//1756 2049//1758 859//1763 860//1764
f 2047//1757 2048//1756 860//1764 861//1765
f 852//1745 2047//1757 861//1765 59//1746
f 851//1744 2044//1753 2047//1757 852//1745
f 850//1743 2041//1750 2044//1753 851//1744
f 2050//1766 2051//1767 2054//1768 2053//1769
f 2051//1767 2052//1770 2055//1771 2054//1768
f 2053//1769 2054//1768 2057//1772 2056//1773
f 2054//1768 2055//1771 2058//1774 2057//1772
f 56//1698 840//1713 2050//1766 856//1759
f 840//1713 839//1712 2051//1767 2050//1766
f 839//1712 838//1711 2052//1770 2051//1767
f 838//1711 53//1668 843//1723 2052//1770
f 2052//1770 843//1723 842//1733 2055//1771
f 2055//1771 842//1733 841//1731 2058//1774
f 2058//1774 841//1731 57//1732 862//1775
f 2057//1772 2058//1774 862//1775 863//1776
f 2056//1773 2057//1772 863//1776 864//1777
f 858//1761 2056//1773 864//1777 60//1762
f 857//1760 2053//1769 2056//1773 858//1761
f 856//1759 2050//1766 2053//1769 857//1760
f 2059//1778 2060//1779 2063//1780 2062//1781
f 2060//1779 2061//1782 2064//1783 2063//1780
f 2062//1781 2063//1780 2066//1784 2065//1785
f 2063//1780 2064//1783 2067//1786 2066//1784
f 57//1732 849//1730 2059//1778 867//1787
f 849//1730 848//1729 2060//1779 2059//1778
f 848//1729 847//1728 2061//1782 2060//1779
f 847//1728 58//1727 868//1788 2061//1782
f 2061//1782 868//1788 869//1789 2064//1783
f 2064//1783 869//1789 870//1790 2067//1786
f 2067//1786 870//1790 134//1791 871//1792
f 2066//1784 2067//1786 871//1792 872//1793
f 2065//1785 2066//1784 872//1793 873//1794
f 865//1795 2065//1785 873//1794 133//1796
f 866//1797 2062//1781 2065//1785 865//1795
f 867//1787 2059//1778 2062//1781 866//1797
f 2068//1798 2069//1799 2072//1800 2071//1801
f 2069//1799 2070//1802 2073//1803 2072//1800
f 2071//1801 2072//1800 2075//1804 2074//1805
f 2072//1800 2073//1803 2076//1806 2075//1804
f 58//1727 855//1749 2068//1798 868//1788
f 855//1749 854//1748 2069//1799 2068//1798
f 854//1748 853//1747 2070//1802 2069//1799
f 853//1747 59//1746 874//1807 2070//1802
f 2070//1802 874//1807 875//1808 2073//1803
f 2073//1803 875//1808 876//1809 2076//1806
f 2076//1806 876//1809 135//1810 877//1811
f 2075//1804 2076//1806 877//1811 878//1812
f 2074//1805 2075//1804 878//1812 879//1813
f 870//1790 2074//1805 879//1813 134//1791
f 869//1789 2071//1801 2074//1805 870//1790
f 868//1788 2068//1798 2071//1801 869//1789
f 2077//1814 2078//1815 2081//1816 2080//1817
f 2078//1815 2079//1818 2082//1819 2081//1816
f 2080//1817 2081//1816 2084//1820 2083//1821
f 2081//1816 2082//1819 2085//1822 2084//1820
f 59//1746 861//1765 2077//1814 874//1807
f 861//1765 860//1764 2078//1815 2077//1814
f 860//1764 859//1763 2079//1818 2078//1815
f 859//1763 60//1762 880//1823 2079//1818
f 2079//1818 880//1823 881//1824 2082//1819
f 2082//1819 881//1824 882//1825 2085//1822
f 2085//1822 882//1825 136//1826 883//1827
f 2084//1820 2085//1822 883//1827 884//1828
f 2083//1821 2084//1820 884//1828 885//1829
f 876//1809 2083//1821 885//1829 135//1810
f 875//1808 2080//1817 2083//1821 876//1809
f 874//1807 2077//1814 2080//1817 875//1808
f 2086//1830 2087//1831 2090//1832 2089//1833
f 2087//1831 2088//1834 2091//1835 2090//1832
f 2089//1833 2090//1832 2093//1836 2092//1837
f 2090//1832 2091//1835 2094//1838 2093//1836
f 60//1762 864//1777 2086//1830 880//1823
f 864//1777 863//1776 2087//1831 2086//1830
f 863//1776 862//1775 2088//1834 2087//1831
f 862//1775 57//1732 867//1787 2088//1834
f 2088//1834 867//1787 866//1797 2091//1835
f 2091//1835 866//1797 865//1795 2094//1838
f 2094//1838 865//1795 133//1796 886//1839
f 2093//1836 2094//1838 886//1839 887//1840
f 2092//1837 2093//1836 887//1840 888//1841
f 882//1825 2092//1837 888//1841 136//1826
f 881//1824 2089//1833 2092//1837 882//1825
f 880//1823 2086//1830 2089//1833 881//1824
f 2095//1842 2096//1843 2099//1844 2098//1845
f 2096//1843 2097//1846 2100//1847 2099//1844
f 2098//1845 2099//1844 2102//1848 2101//1849
f 2099//1844 2100//1847 2103//1850 2102//1848
f 133//1796 873//1794 2095//1842 891//1851
f 873//1794 872//1793 2096//1843 2095//1842
f 872//1793 871//1792 2097//1846 2096//1843
f 871//1792 134//1791 892//1852 2097//1846
f 2097//1846 892//1852 893//1853 2100//1847
f 2100//1847 893//1853 894//1854 2103//1850
f 2103//1850 894//1854 62//1855 895//1856
f 2102//1848 2103//1850 895//1856 896//1857
f 2101//1849 2102//1848 896//1857 897//1858
f 889//1859 2101//1849 897//1858 61//1860
f 890//1861 2098//1845 2101//1849 889//1859
f 891//1851 2095//1842 2098//1845 890//1861
f 2104//1862 2105//1863 2108//1864 2107//1865
f 2105//1863 2106//1866 2109//1867 2108//1864
f 2107//1865 2108//1864 2111//1868 2110//1869
f 2108//1864 2109//1867 2112//1870 2111//1868
f 134//1791 879//1813 2104//1862 892//1852
f 879//1813 878//1812 2105//1863 2104//1862
f 878//1812 877//1811 2106//1866 2105//1863
f 877//1811 135//1810 898//1871 2106//1866
f 2106//1866 898//1871 899//1872 2109//1867
f 2109//1867 899//1872 900//1873 2112//1870
f 2112//1870 900//1873 63//1874 901//1875
f 2111//1868 2112//1870 901//1875 902//1876
f 2110//1869 2111//1868 902//1876 903//1877
f 894//1854 2110//1869 903//1877 62//1855
f 893//1853 2107//1865 2110//1869 894//1854
f 892//1852 2104//1862 2107//1865 893//1853
f 2113//1878 2114//1879 2117//1880 2116//1881
f 2114//1879 2115//1882 2118//1883 2117//1880
f 2116//1881 2117//1880 2120//1884 2119//1885
f 2117//1880 2118//1883 2121//1886 2120//1884
f 135//1810 885//1829 2113//1878 898//1871
f 885//1829 884//1828 2114//1879 2113//1878
f 884//1828 883//1827 2115//1882 2114//1879
f 883//1827 136//1826 904//1887 2115//1882
f 2115//1882 904//1887 905//1888 2118//1883
f 2118//1883 905//1888 906//1889 2121//1886
f 2121//1886 906//1889 64//1890 907//1891
f 2120//1884 2121//1886 907//1891 908//1892
f 2119//1885 2120//1884 908//1892 909//1893
f 900//1873 2119//1885 909//1893 63//1874
f 899//1872 2116//1881 2119//1885 900//1873
f 898//1871 2113//1878 2116//1881 899//1872
f 2122//1894 2123//1895 2126//1896 2125//1897
f 2123//1895 2124//1898 2127//1899 2126//1896
f 2125//1897 2126//1896 2129//1900 2128//1901
f 2126//1896 2127//1899 2130//1902 2129//1900
f 136//1826 888//1841 2122//1894 904//1887
f 888//1841 887//1840 2123//1895 2122//1894
f 887//1840 886//1839 2124//1898 2123//1895
f 886//1839 133//1796 891//1851 2124//1898
f 2124//1898 891//1851 890//1861 2127//1899
f 2127//1899 890//1861 889//1859 2130//1902
f 2130//1902 889//1859 61//1860 910//1903
f 2129//1900 2130//1902 910//1903 911//1904
f 2128//1901 2129//1900 911//1904 912//1905
f 906//1889 2128//1901 912//1905 64//1890
f 905//1888 2125//1897 2128//1901 906//1889
f 904//1887 2122//1894 2125//1897 905//1888
f 2131//1906 2132//1907 2135//1908 2134//1909
f 2132//1907 2133//1910 2136//1911 2135//1908
f 2134//1909 2135//1908 2138//1912 2137//1913
f 2135//1908 2136//1911 2139//1914 2138//1912
f 61//1860 897//1858 2131//1906 915//1915
f 897//1858 896//1857 2132//1907 2131//1906
f 896//1857 895//1856 2133//1910 2132//1907
f 895//1856 62//1855 916//1916 2133//1910
f 2133//1910 916//1916 917//1917 2136//1911
f 2136//1911 917//1917 918//1918 2139//1914
f 2139//1914 918//1918 138//1919 919//1920
f 2138//1912 2139//1914 919//1920 920//1921
f 2137//1913 2138//1912 920//1921 921//1922
f 913//1923 2137//1913 921//1922 137//1924
f 914//1925 2134//1909 2137//1913 913//1923
f 915//1915 2131//1906 2134//1909 914//1925
f 2140//1926 2141//1927 2144//1928 2143//1929
f 2141//1927 2142//1930 2145//1931 2144//1928
f 2143//1929 2144//1928 2147//1928 2146//1932
f 2144//1928 2145//1931 2148//1933 2147//1928
f 62//1855 903//1877 2140//1926 916//1916
f 903//1877 902//1876 2141//1927 2140//1926
f 902//1876 901//1875 2142//1930 2141//1927
f 901//1875 63//1874 922//1934 2142//1930
f 2142//1930 922//1934 923//1935 2145//1931
f 2145//1931 923//1935 924//1936 2148//1933
f 2148//1933 924//1936 139//1937 925//1938
f 2147//1928 2148//1933 925//1938 926//1939
f 2146//1932 2147//1928 926//1939 927//1940
f 918//1918 2146//1932 927//1940 138//1919
f 917//1917 2143//1929 2146//1932 918//1918
f 916//1916 2140//1926 2143//1929 917//1917
f 2149//1941 2150//1942 2153//1943 2152//1944
f 2150//1942 2151//1945 2154//1946 2153//1943
f 2152//1944 2153//1943 2156//1947 2155//1948
f 2153//1943 2154//1946 2157//1949 2156//1947
f 63//1874 909//1893 2149//1941 922//1934
f 909//1893 908//1892 2150//1942 2149//1941
f 908//1892 907//1891 2151//1945 2150//1942
f 907//1891 64//1890 928//1950 2151//1945
f 2151//1945 928//1950 929//1951 2154//1946
f 2154//1946 929//1951 930//1952 2157//1949
f 2157//1949 930//1952 140//1953 931//1954
f 2156//1947 2157//1949 931//1954 932//1955
f 2155//1948 2156//1947 932//1955 933//1956
f 924//1936 2155//1948 933//1956 139//1937
f 923//1935 2152//1944 2155//1948 924//1936
f 922//1934 2149//1941 2152//1944 923//1935
f 2158//1957 2159//1904 2162//1958 2161//1959
f 2159//1904 2160//1960 2163//1961 2162//1958
f 2161//1959 2162//1958 2165//1958 2164//1962
f 2162//1958 2163//1961 2166//1963 2165//1958
f 64//1890 912//1905 2158//1957 928//1950
f 912//1905 911//1904 2159//1904 2158//1957
f 911//1904 910//1903 2160//1960 2159//1904
f 910//1903 61//1860 915//1915 2160//1960
f 2160//1960 915//1915 914//1925 2163//1961
f 2163//1961 914//1925 913//1923 2166//1963
f 2166//1963 913//1923 137//1924 934//1964
f 2165//1958 2166//1963 934//1964 935//1965
f 2164//1962 2165//1958 935//1965 936//1966
f 930//1952 2164//1962 936//1966 140//1953
f 929//1951 2161//1959 2164//1962 930//1952
f 928//1950 2158//1957 2161//1959 929//1951
f 2167//1967 2168//1968 2171//1968 2170//1969
f 2168//1968 2169//1970 2172//1970 2171//1968
f 2170//1969 2171//1968 2174//1971 2173//1972
f 2171//1968 2172//1970 2175//1973 2174//1971
f 137//1924 921//1922 2167//1967 939//1974
f 921//1922 920//1921 2168//1968 2167//1967
f 920//1921 919//1920 2169//1970 2168//1968
f 919//1920 138//1919 940//1975 2169//1970
f 2169//1970 940//1975 941//1976 2172//1970
f 2172//1970 941//1976 942//1977 2175//1973
f 2175//1973 942//1977 142//1978 943//1979
f 2174//1971 2175//1973 943//1979 944//1980
f 2173//1972 2174//1971 944//1980 945//1981
f 937//1982 2173//1972 945//1981 141//1983
f 938//1984 2170//1969 2173//1972 937//1982
f 939//1974 2167//1967 2170//1969 938//1984
f 2176//1985 2177//1986 2180//1987 2179//1988
f 2177//1986 2178//1989 2181//1990 2180//1987
f 2179//1988 2180//1987 2183//1991 2182//1992
f 2180//1987 2181//1990 2184//1993 2183//1991
f 138//1919 927//1940 2176//1985 940//1975
f 927//1940 926//1939 2177//1986 2176//1985
f 926//1939 925//1938 2178//1989 2177//1986
f 925//1938 139//1937 946//1994 2178//1989
f 2178//1989 946//1994 947//1995 2181//1990
f 2181//1990 947//1995 948//1996 2184//1993
f 2184//1993 948//1996 143//1997 949//1998
f 2183//1991 2184//1993 949//1998 950//1999
f 2182//1992 2183//1991 950//1999 951//2000
f 942//1977 2182//1992 951//2000 142//1978
f 941//1976 2179//1988 2182//1992 942//1977
f 940//1975 2176//1985 2179//1988 941//1976
f 2185//1956 2186//2001 2189//2001 2188//2002
f 2186//2001 2187//1954 2190//1954 2189//2001
f 2188//2002 2189//2001 2192//2003 2191//2004
f 2189//2001 2190//1954 2193//2005 2192//2003
f 139//1937 933//1956 2185//1956 946//1994
f 933//1956 932//1955 2186//2001 2185//1956
f 932//1955 931//1954 2187//1954 2186//2001
f 931//1954 140//1953 952//1953 2187//1954
f 2187//1954 952//1953 953//2006 2190//1954
f 2190//1954 953//2006 954//2007 2193//2005
f 2193//2005 954//2007 144//2008 955//2009
f 2192//2003 2193//2005 955//2009 956//2010
f 2191//2004 2192//2003 956//2010 957//2011
f 948//1996 2191//2004 957//2011 143//1997
f 947//1995 2188//2002 2191//2004 948//1996
f 946//1994 2185//1956 2188//2002 947//1995
f 2194//1962 2195//2012 2198//2013 2197//2014
f 2195//2012 2196//2015 2199//2016 2198//2013
f 2197//2014 2198//2013 2201//2017 2200//2018
f 2198//2013 2199//2016 2202//2019 2201//2017
f 140//1953 936//1966 2194//1962 952//1953
f 936//1966 935//1965 2195//2012 2194//1962
f 935//1965 934//1964 2196//2015 2195//2012
f 934//1964 137//1924 939//1974 2196//2015
f 2196//2015 939//1974 938//1984 2199//2016
f 2199//2016 938//1984 937//1982 2202//2019
f 2202//2019 937//1982 141//1983 958//2020
f 2201//2017 2202//2019 958//2020 959//2021
f 2200//2018 2201//2017 959//2021 960//2022
f 954//2007 2200//2018 960//2022 144//2008
f 953//2006 2197//2014 2200//2018 954//2007
f 952//1953 2194//1962 2197//2014 953//2006
f 2203//2023 2204//2024 2207//2025 2206//2026
f 2204//2024 2205//2027 2208//2028 2207//2025
f 2206//2026 2207//2025 2210//2029 2209//2030
f 2207//2025 2208//2028 2211//2031 2210//2029
f 141//1983 945//1981 2203//2023 963//2032
f 945//1981 944//1980 2204//2024 2203//2023
f 944//1980 943//1979 2205//2027 2204//2024
f 943//1979 142//1978 964//2033 2205//2027
f 2205//2027 964//2033 965//2034 2208//2028
f 2208//2028 965//2034 966//2035 2211//2031
f 2211//2031 966//2035 66//2036 967//2037
f 2210//2029 2211//2031 967//2037 968//2038
f 2209//2030 2210//2029 968//2038 969//2039
f 961//2040 2209//2030 969//2039 65//2041
f 962//2042 2206//2026 2209//2030 961//2040
f 963//2032 2203//2023 2206//2026 962//2042
f 2212//2043 2213//2044 2216//2045 2215//2046
f 2213//2044 2214//2047 2217//2048 2216//2045
f 2215//2046 2216//2045 2219//2049 2218//2050
f 2216//2045 2217//2048 2220//2051 2219//2049
f 142//1978 951//2000 2212//2043 964//2033
f 951//2000 950//1999 2213//2044 2212//2043
f 950//1999 949//1998 2214//2047 2213//2044
f 949//1998 143//1997 970//2052 2214//2047
f 2214//2047 970//2052 971//2053 2217//2048
f 2217//2048 971//2053 972//2054 2220//2051
f 2220//2051 972//2054 67//2055 973//2056
f 2219//2049 2220//2051 973//2056 974//2057
f 2218//2050 2219//2049 974//2057 975//2058
f 966//2035 2218//2050 975//2058 66//2036
f 965//2034 2215//2046 2218//2050 966//2035
f 964//2033 2212//2043 2215//2046 965//2034
f 2221//2059 2222//2060 2225//2061 2224//2062
f 2222//2060 2223//2063 2226//2064 2225//2061
f 2224//2062 2225//2061 2228//2065 2227//2066
f 2225//2061 2226//2064 2229//2067 2228//2065
f 143//1997 957//2011 2221//2059 970//2052
f 957//2011 956//2010 2222//2060 2221//2059
f 956//2010 955//2009 2223//2063 2222//2060
f 955//2009 144//2008 976//2068 2223//2063
f 2223//2063 976//2068 977//2069 2226//2064
f 2226//2064 977//2069 978//2070 2229//2067
f 2229//2067 978//2070 68//2071 979//2072
f 2228//2065 2229//2067 979//2072 980//2073
f 2227//2066 2228//2065 980//2073 981//2074
f 972//2054 2227//2066 981//2074 67//2055
f 971//2053 2224//2062 2227//2066 972//2054
f 970//2052 2221//2059 2224//2062 971//2053
f 2230//2075 2231//2076 2234//2077 2233//2078
f 2231//2076 2232//2079 2235//2080 2234//2077
f 2233//2078 2234//2077 2237//2081 2236//2082
f 2234//2077 2235//2080 2238//2083 2237//2081
f 144//2008 960//2022 2230//2075 976//2068
f 960//2022 959//2021 2231//2076 2230//2075
f 959//2021 958//2020 2232//2079 2231//2076
f 958//2020 141//1983 963//2032 2232//2079
f 2232//2079 963//2032 962//2042 2235//2080
f 2235//2080 962//2042 961//2040 2238//2083
f 2238//2083 961//2040 65//2041 982//2084
f 2237//2081 2238//2083 982//2084 983//2085
f 2236//2082 2237//2081 983//2085 984//2086
f 978//2070 2236//2082 984//2086 68//2071
f 977//2069 2233//2078 2236//2082 978//2070
f 976//2068 2230//2075 2233//2078 977//2069
f 2239//2087 2240//2088 2243//2089 2242//2090
f 2240//2088 2241//2091 2244//2092 2243//2089
f 2242//2090 2243//2089 2246//2093 2245//2094
f 2243//2089 2244//2092 2247//2095 2246//2093
f 65//2041 969//2039 2239//2087 987//2096
f 969//2039 968//2038 2240//2088 2239//2087
f 968//2038 967//2037 2241//2091 2240//2088
f 967//2037 66//2036 988//2097 2241//2091
f 2241//2091 988//2097 989//2098 2244//2092
f 2244//2092 989//2098 990//2099 2247//2095
f 2247//2095 990//2099 70//40 162//39
f 2246//2093 2247//2095 162//39 161//38
f 2245//2094 2246//2093 161//38 160//36
f 985//2100 2245//2094 160//36 69//35
f 986//2101 2242//2090 2245//2094 985//2100
f 987//2096 2239//2087 2242//2090 986//2101
f 2248//2102 2249//2103 2252//2104 2251//2105
f 2249//2103 2250//2106 2253//2107 2252//2104
f 2251//2105 2252//2104 2255//2108 2254//2109
f 2252//2104 2253//2107 2256//2110 2255//2108
f 66//2036 975//2058 2248//2102 988//2097
f 975//2058 974//2057 2249//2103 2248//2102
f 974//2057 973//2056 2250//2106 2249//2103
f 973//2056 67//2055 991//2111 2250//2106
f 2250//2106 991//2111 992//2112 2253//2107
f 2253//2107 992//2112 993//2113 2256//2110
f 2256//2110 993//2113 71//44 165//43
f 2255//2108 2256//2110 165//43 164//42
f 2254//2109 2255//2108 164//42 163//41
f 990//2099 2254//2109 163//41 70//40
f 989//2098 2251//2105 2254//2109 990//2099
f 988//2097 2248//2102 2251//2105 989//2098
f 2257//2114 2258//2115 2261//2116 2260//2117
f 2258//2115 2259//2118 2262//2119 2261//2116
f 2260//2117 2261//2116 2264//2120 2263//2121
f 2261//2116 2262//2119 2265//2122 2264//2120
f 67//2055 981//2074 2257//2114 991//2111
f 981//2074 980//2073 2258//2115 2257//2114
f 980//2073 979//2072 2259//2118 2258//2115
f 979//2072 68//2071 994//2123 2259//2118
f 2259//2118 994//2123 995//2124 2262//2119
f 2262//2119 995//2124 996//2125 2265//2122
f 2265//2122 996//2125 72//49 168//47
f 2264//2120 2265//2122 168//47 167//46
f 2263//2121 2264//2120 167//46 166//45
f 993//2113 2263//2121 166//45 71//44
f 992//2112 2260//2117 2263//2121 993//2113
f 991//2111 2257//2114 2260//2117 992//2112
f 2266//2126 2267//2127 2270//2128 2269//2129
f 2267//2127 2268//2130 2271//2131 2270//2128
f 2269//2129 2270//2128 2273//2132 2272//2133
f 2270//2128 2271//2131 2274//2134 2273//2132
f 68//2071 984//2086 2266//2126 994//2123
f 984//2086 983//2085 2267//2127 2266//2126
f 983//2085 982//2084 2268//2130 2267//2127
f 982//2084 65//2041 987//2096 2268//2130
f 2268//2130 987//2096 986//2101 2271//2131
f 2271//2131 986//2101 985//2100 2274//2134
f 2274//2134 985//2100 69//35 159//37
f 2273//2132 2274//2134 159//37 158//50
f 2272//2133 2273//2132 158//50 157//48
f 996//2125 2272//2133 157//48 72//49
f 995//2124 2269//2129 2272//2133 996//2125
f 994//2123 2266//2126 2269//2129 995//2124
f 2303//2135 2304//2136 2307//2137 2306//2138
f 2304//2136 2305//2139 2308//2140 2307//2137
f 2306//2138 2307//2137 2310//2141 2309//2142
f 2307//2137 2308//2140 2311//2143 2310//2141
f 2279//2144 2278//2145 2303//2135 2293//2146
f 2278//2145 2277//2147 2304//2136 2303//2135
f 2277//2147 2276//2148 2305//2139 2304//2136
f 2276//2148 2275//2149 2294//2150 2305//2139
f 2305//2139 2294//2150 2295//2151 2308//2140
f 2308//2140 2295//2151 2296//2152 2311//2143
f 2292//2153 2306//2138 2309//2142 2291//2154
f 2293//2146 2303//2135 2306//2138 2292//2153
f 2312//2155 2313//2156 2316//2157 2315//2158
f 2313//2156 2314//2159 2317//2160 2316//2157
f 2315//2158 2316//2157 2319//2161 2318//2162
f 2316//2157 2317//2160 2320//2163 2319//2161
f 2275//2149 2283//2164 2312//2155 2294//2150
f 2283//2164 2282//2165 2313//2156 2312//2155
f 2282//2165 2281//2166 2314//2159 2313//2156
f 2281//2166 2280//2167 2297//2168 2314//2159
f 2314//2159 2297//2168 2298//2169 2317//2160
f 2317//2160 2298//2169 2299//2170 2320//2163
f 2295//2151 2315//2158 2318//2162 2296//2152
f 2294//2150 2312//2155 2315//2158 2295//2151
f 2321//2171 2322//2172 2325//2173 2324//2174
f 2322//2172 2323//2175 2326//2176 2325//2173
f 2324//2174 2325//2173 2328//2177 2327//2178
f 2325//2173 2326//2176 2329//2179 2328//2177
f 2280//2167 2287//2180 2321//2171 2297//2168
f 2287//2180 2286//2181 2322//2172 2321//2171
f 2286//2181 2285//2182 2323//2175 2322//2172
f 2285//2182 2284//2183 2300//2184 2323//2175
f 2323//2175 2300//2184 2301//2185 2326//2176
f 2326//2176 2301//2185 2302//2186 2329//2179
f 2298//2169 2324//2174 2327//2178 2299//2170
f 2297//2168 2321//2171 2324//2174 2298//2169
f 2330//2187 2331//2188 2334//2189 2333//2190
f 2331//2188 2332//2191 2335//2192 2334//2189
f 2333//2190 2334//2189 2337//2193 2336//2194
f 2334//2189 2335//2192 2338//2195 2337//2193
f 2284//2183 2290//2196 2330//2187 2300//2184
f 2290//2196 2289//2197 2331//2188 2330//2187
f 2289//2197 2288//2198 2332//2191 2331//2188
f 2288//2198 2279//2144 2293//2146 2332//2191
f 2332//2191 2293//2146 2292//2153 2335//2192
f 2335//2192 2292//2153 2291//2154 2338//2195
f 2301//2185 2333//2190 2336//2194 2302//2186
f 2300//2184 2330//2187 2333//2190 2301//2185
f 2347//2199 2348//2200 2351//2201 2350//2202
f 2348//2200 2349//2203 2352//2204 2351//2201
f 1875//1340 1866//1368 2347//2199 1845//2205
f 1866//1368 1870//1370 2348//2200 2347//2199
f 1870//1370 1871//1372 2349//2203 2348//2200
f 1871//1372 1872//1352 1844//2206 2349//2203
f 2349//2203 1844//2206 1843//2207 2352//2204
f 1845//2205 2347//2199 2350//2202 1846//2208
f 2353//2209 2354//2210 2357//2211 2356//2212
f 2354//2210 2355//2213 2358//2214 2357//2211
f 1872//1352 1861//1351 2353//2209 1844//2206
f 1861//1351 1862//1354 2354//2210 2353//2209
f 1862//1354 1863//1366 2355//2213 2354//2210
f 1863//1366 1864//1344 737//2215 2355//2213
f 2355//2213 737//2215 736//2216 2358//2214
f 1844//2206 2353//2209 2356//2212 1843//2207
f 2359//2217 2360//2218 2363//2219 2362//2220
f 2360//2218 2361//2221 2364//2222 2363//2219
f 1864//1344 1853//1343 2359//2217 737//2215
f 1853//1343 1854//1346 2360//2218 2359//2217
f 1854//1346 1855//1348 2361//2221 2360//2218
f 1855//1348 1856//1334 731//2223 2361//2221
f 2361//2221 731//2223 730//2224 2364//2222
f 737//2215 2359//2217 2362//2220 736//2216
f 2365//2225 2366//2226 2369//2227 2368//2228
f 2366//2226 2367//2229 2370//2230 2369//2227
f 1856//1334 1847//1333 2365//2225 731//2223
f 1847//1333 1848//1336 2366//2226 2365//2225
f 1848//1336 1852//1338 2367//2229 2366//2226
f 1852//1338 1875//1340 1845//2205 2367//2229
f 2367//2229 1845//2205 1846//2208 2370//2230
f 731//2223 2365//2225 2368//2228 730//2224
f 2401//2231 2373//2232 2374//2233 2375//2234
f 2400//2235 2401//2231 2375//2234 2376//2236
f 2399//2237 2400//2235 2376//2236 2377//2238
f 2372//2239 2399//2237 2377//2238 2371//2240
f 2404//2241 2378//2242 2379//2243 2380//2244
f 2403//2245 2404//2241 2380//2244 2381//2246
f 2402//2247 2403//2245 2381//2246 2382//2248
f 2373//2232 2402//2247 2382//2248 2374//2233
f 2407//2249 2383//2250 2384//2251 2385//2252
f 2406//2253 2407//2249 2385//2252 2386//463
f 2405//2254 2406//2253 2386//463 2387//2255
f 2378//2242 2405//2254 2387//2255 2379//2243
f 2410//2256 2372//2239 2371//2240 2388//2257
f 2409//2258 2410//2256 2388//2257 2389//2259
f 2408//2260 2409//2258 2389//2259 2390//2261
f 2383//2250 2408//2260 2390//2261 2384//2251
f 2411//2262 2412//2263 2415//2264 2414//2265
f 2412//2263 2413//2266 2416//2267 2415//2264
f 2371//2240 2377//2238 2411//2262 2392//2268
f 2377//2238 2376//2236 2412//2263 2411//2262
f 2376//2236 2375//2234 2413//2266 2412//2263
f 2375//2234 2374//2233 2393//2269 2413//2266
f 2413//2266 2393//2269 2394//2270 2416//2267
f 2392//2268 2411//2262 2414//2265 2391//2271
f 2417//2272 2418//2273 2421//2274 2420//2275
f 2418//2273 2419//2276 2422//2277 2421//2274
f 2374//2233 2382//2248 2417//2272 2393//2269
f 2382//2248 2381//2246 2418//2273 2417//2272
f 2381//2246 2380//2244 2419//2276 2418//2273
f 2380//2244 2379//2243 2395//2278 2419//2276
f 2419//2276 2395//2278 2396//2279 2422//2277
f 2393//2269 2417//2272 2420//2275 2394//2270
f 2423//2280 2424//2281 2427//2282 2426//2283
f 2424//2281 2425//2284 2428//2285 2427//2282
f 2379//2243 2387//2255 2423//2280 2395//2278
f 2387//2255 2386//463 2424//2281 2423//2280
f 2386//463 2385//2252 2425//2284 2424//2281
f 2385//2252 2384//2251 2397//2286 2425//2284
f 2425//2284 2397//2286 2398//2287 2428//2285
f 2395//2278 2423//2280 2426//2283 2396//2279
f 2429//2288 2430//2289 2433//2290 2432//2291
f 2430//2289 2431//2292 2434//2293 2433//2290
f 2384//2251 2390//2261 2429//2288 2397//2286
f 2390//2261 2389//2259 2430//2289 2429//2288
f 2389//2259 2388//2257 2431//2292 2430//2289
f 2388//2257 2371//2240 2392//2268 2431//2292
f 2431//2292 2392//2268 2391//2271 2434//2293
f 2397//2286 2429//2288 2432//2291 2398//2287
f 1416//60 1396//62 2440//62 421//60
f 1396//62 1397//63 2441//63 2440//62
f 1397//63 1398//64 2442//64 2441//63
f 1398//64 1405//69 415//69 2442//64
f 2442//64 415//69 414//69 2445//64
f 2445//64 414//69 413//69 2448//64
f 420//60 2443//62 2446//62 419//60
f 421//60 2440//62 2443//62 420//60
f 2449//70 2450//71 2453//71 2452//70
f 2450//71 2451//72 2454//72 2453//71
f 2452//70 2453//71 2456//71 2455//70
f 2453//71 2454//72 2457//72 2456//71
f 1405//69 440//70 2449//70 415//69
f 440//70 1387//71 2450//71 2449//70
f 1387//71 1388//72 2451//72 2450//71
f 1388//72 1389//77 409//77 2451//72
f 2451//72 409//77 408//77 2454//72
f 2454//72 408//77 407//77 2457//72
f 414//69 2452//70 2455//70 413//69
f 415//69 2449//70 2452//70 414//69
f 2458//78 2459//79 2462//79 2461//78
f 2459//79 2460//80 2463//80 2462//79
f 2461//78 2462//79 2465//79 2464//78
f 2462//79 2463//80 2466//80 2465//79
f 1389//77 427//78 2458//78 409//77
f 427//78 428//79 2459//79 2458//78
f 428//79 434//80 2460//80 2459//79
f 434//80 1406//61 422//61 2460//80
f 2460//80 422//61 423//61 2463//80
f 2463//80 423//61 424//61 2466//80
f 408//77 2461//78 2464//78 407//77
f 409//77 2458//78 2461//78 408//77
