# Blender 4.3.2
# www.blender.org
mtllib _piep_01_export.mtl
o _piep_01_export
v 0.053573 -0.033192 -0.010272
v -0.010272 -0.033192 -0.053573
v -0.053573 -0.033192 0.010272
v 0.010272 -0.033192 0.053573
v 0.071430 0.056638 -0.013696
v -0.013695 0.056638 -0.071430
v -0.071430 0.056638 0.013696
v 0.013695 0.056638 0.071430
v 0.071628 0.670725 -0.013696
v -0.013495 0.671235 -0.071430
v -0.071229 0.671581 0.013696
v 0.013895 0.671071 0.071430
v 0.079529 0.860852 -0.013695
v 0.000361 0.884485 -0.071430
v -0.053332 0.900514 0.013696
v 0.025835 0.876881 0.071430
v 0.123871 0.945696 -0.013695
v 0.067384 1.003826 -0.071430
v 0.029074 1.043251 0.013696
v 0.085560 0.985121 0.071430
v 0.200822 0.985282 -0.013695
v 0.175460 1.064622 -0.071430
v 0.158259 1.118433 0.013696
v 0.183621 1.039093 0.071430
v 0.349836 0.997681 -0.013695
v 0.363709 1.079235 -0.071430
v 0.373118 1.134546 0.013696
v 0.359245 1.052993 0.071430
v 0.436044 0.967678 -0.013695
v 0.486952 1.029735 -0.071430
v 0.521479 1.071824 0.013696
v 0.470571 1.009767 0.071430
v 0.476239 0.903876 -0.013695
v 0.554008 0.930290 -0.071430
v 0.606753 0.948205 0.013696
v 0.528984 0.921791 0.071430
v 0.480032 0.584045 -0.014152
v 0.561221 0.567737 -0.071059
v 0.618136 0.560684 0.014152
v 0.536947 0.576992 0.071059
v 0.453046 0.488510 -0.009605
v 0.511353 0.429779 -0.059294
v 0.565655 0.413690 0.026433
v 0.507347 0.472421 0.076122
v 0.381321 0.443645 0.024176
v 0.392402 0.352385 -0.004722
v 0.440108 0.333564 0.083757
v 0.429027 0.424824 0.112655
v 0.304393 0.442161 0.064753
v 0.263308 0.356060 0.057942
v 0.289416 0.343034 0.155177
v 0.330500 0.429135 0.161988
v 0.252001 0.495016 0.070291
v 0.165238 0.451715 0.071319
v 0.171026 0.449779 0.173431
v 0.257789 0.493081 0.172403
v 0.243477 0.811565 0.069488
v 0.140638 0.811199 0.071395
v 0.142545 0.811206 0.174234
v 0.245384 0.811572 0.172327
v 0.243344 1.390032 0.069488
v 0.140505 1.390032 0.071394
v 0.142411 1.390032 0.174234
v 0.245251 1.390032 0.172327
v 0.243344 1.927722 0.064319
v 0.140505 1.928433 0.065992
v 0.142411 1.966812 0.156217
v 0.245251 1.966100 0.154544
v 0.243344 1.988314 0.014836
v 0.140505 1.989834 0.015808
v 0.142411 2.071832 0.068242
v 0.245251 2.070311 0.067270
v 0.243344 2.010096 -0.092257
v 0.140505 2.011954 -0.091999
v 0.142411 2.112154 -0.078050
v 0.245251 2.110296 -0.078309
v 0.240017 2.008130 -0.385801
v 0.137933 2.009516 -0.374986
v 0.140678 2.111727 -0.366255
v 0.242761 2.110341 -0.377071
v 0.217997 2.029779 -0.456054
v 0.142141 2.030180 -0.442572
v 0.144981 2.106131 -0.430076
v 0.220837 2.105730 -0.443558
v 0.071430 0.179633 -0.013696
v -0.013695 0.179633 -0.071430
v -0.071430 0.179633 0.013696
v 0.013695 0.179633 0.071430
v 0.071430 0.303506 -0.013696
v -0.013695 0.303506 -0.071430
v -0.071430 0.303506 0.013696
v 0.013695 0.303506 0.071430
v 0.071430 0.427380 -0.013696
v -0.013695 0.427380 -0.071430
v -0.071430 0.427380 0.013696
v 0.013695 0.427380 0.071430
v 0.228182 1.463010 0.034708
v 0.154368 1.424400 0.036077
v 0.191158 1.424400 0.029066
v 0.228182 1.424400 0.034708
v 0.072298 0.771751 -0.013696
v -0.012434 0.775813 -0.071430
v -0.069903 0.778568 0.013696
v 0.014830 0.774506 0.071430
v 0.274871 0.996361 -0.013695
v 0.267388 1.080678 -0.071430
v 0.262313 1.137863 0.013696
v 0.269796 1.053547 0.071430
v 0.481288 0.807498 -0.013695
v 0.565890 0.812028 -0.071430
v 0.623269 0.815100 0.013696
v 0.538667 0.810570 0.071430
v 0.482122 0.694200 -0.013696
v 0.567157 0.693361 -0.071430
v 0.624831 0.692791 0.013696
v 0.539795 0.693630 0.071430
v 0.244237 0.584950 0.069488
v 0.142834 0.577477 0.071394
v 0.144713 0.577616 0.174234
v 0.246117 0.585089 0.172327
v 0.244142 0.693825 0.069488
v 0.141305 0.693154 0.071395
v 0.143211 0.693166 0.174234
v 0.246049 0.693837 0.172327
v 0.243344 0.952014 0.069488
v 0.140505 0.951953 0.071395
v 0.142411 0.951954 0.174234
v 0.245251 0.952015 0.172327
v 0.243344 1.098260 0.069488
v 0.140505 1.098260 0.071395
v 0.142411 1.098260 0.174234
v 0.245251 1.098260 0.172327
v 0.243344 1.244536 0.069488
v 0.140505 1.244536 0.071394
v 0.142411 1.244536 0.174234
v 0.245251 1.244536 0.172327
v 0.243344 1.532410 0.069488
v 0.140505 1.532410 0.071394
v 0.142411 1.532410 0.174234
v 0.245251 1.532410 0.172327
v 0.243344 1.674008 0.069488
v 0.140505 1.674008 0.071394
v 0.142411 1.674008 0.174234
v 0.245251 1.674008 0.172327
v 0.243344 1.812598 0.070022
v 0.140505 1.812707 0.071910
v 0.142411 1.818614 0.173700
v 0.245251 1.818504 0.171812
v 0.243244 2.009273 -0.237106
v 0.140500 2.011127 -0.235311
v 0.142511 2.113805 -0.234615
v 0.245256 2.111951 -0.236410
v 0.049424 -0.037517 0.005869
v 0.038917 -0.039689 0.026395
v 0.023733 -0.037517 0.043748
v -0.005869 -0.037517 0.049424
v -0.026395 -0.039689 0.038917
v -0.043748 -0.037517 0.023733
v -0.049424 -0.037517 -0.005869
v -0.038917 -0.039689 -0.026395
v -0.023733 -0.037517 -0.043748
v 0.005869 -0.037517 -0.049424
v 0.026395 -0.039689 -0.038917
v 0.043748 -0.037517 -0.023733
v 0.225217 2.090830 -0.449804
v 0.226854 2.068583 -0.455442
v 0.223520 2.045780 -0.457293
v 0.201775 2.024909 -0.457036
v 0.178878 2.022535 -0.454871
v 0.156780 2.025137 -0.448969
v 0.136654 2.046187 -0.441498
v 0.134461 2.068990 -0.438458
v 0.138351 2.091237 -0.434009
v 0.160096 2.112108 -0.434266
v 0.182437 2.115038 -0.439029
v 0.205091 2.111881 -0.442333
v 0.071048 0.026949 -0.013622
v 0.068371 0.000321 -0.013109
v 0.061769 -0.020650 -0.011843
v -0.011843 -0.020650 -0.061769
v -0.013109 0.000321 -0.068371
v -0.013622 0.026949 -0.071048
v 0.013710 0.056638 -0.070320
v 0.039693 0.056638 -0.058524
v 0.060263 0.056638 -0.038747
v -0.061769 -0.020650 0.011843
v -0.068371 0.000321 0.013109
v -0.071048 0.026949 0.013622
v -0.070320 0.056638 -0.013710
v -0.058524 0.056638 -0.039693
v -0.038747 0.056638 -0.060263
v 0.011843 -0.020650 0.061769
v 0.013109 0.000321 0.068371
v 0.013622 0.026949 0.071048
v -0.013710 0.056638 0.070320
v -0.039693 0.056638 0.058524
v -0.060263 0.056638 0.038747
v 0.070320 0.056638 0.013710
v 0.058524 0.056638 0.039693
v 0.038747 0.056638 0.060263
v 0.071430 0.148678 -0.013696
v 0.071430 0.117806 -0.013696
v 0.071430 0.087099 -0.013696
v -0.013695 0.087099 -0.071430
v -0.013695 0.117806 -0.071430
v -0.013695 0.148678 -0.071430
v 0.013710 0.179633 -0.070320
v 0.039693 0.179633 -0.058524
v 0.060263 0.179633 -0.038747
v -0.071430 0.087099 0.013696
v -0.071430 0.117806 0.013696
v -0.071430 0.148678 0.013696
v -0.070320 0.179633 -0.013710
v -0.058524 0.179633 -0.039693
v -0.038747 0.179633 -0.060263
v 0.013695 0.087099 0.071430
v 0.013695 0.117806 0.071430
v 0.013695 0.148678 0.071430
v -0.013710 0.179633 0.070320
v -0.039693 0.179633 0.058524
v -0.060263 0.179633 0.038747
v 0.070320 0.179633 0.013710
v 0.058524 0.179633 0.039693
v 0.038747 0.179633 0.060263
v 0.071430 0.272538 -0.013696
v 0.071430 0.241570 -0.013696
v 0.071430 0.210601 -0.013696
v -0.013695 0.210601 -0.071430
v -0.013695 0.241570 -0.071430
v -0.013695 0.272538 -0.071430
v 0.013710 0.303506 -0.070320
v 0.039693 0.303506 -0.058524
v 0.060263 0.303506 -0.038747
v -0.071430 0.210601 0.013696
v -0.071430 0.241570 0.013696
v -0.071430 0.272538 0.013696
v -0.070320 0.303506 -0.013710
v -0.058524 0.303506 -0.039693
v -0.038747 0.303506 -0.060263
v 0.013695 0.210601 0.071430
v 0.013695 0.241570 0.071430
v 0.013695 0.272538 0.071430
v -0.013710 0.303506 0.070320
v -0.039693 0.303506 0.058524
v -0.060263 0.303506 0.038747
v 0.070320 0.303506 0.013710
v 0.058524 0.303506 0.039693
v 0.038747 0.303506 0.060263
v 0.071430 0.396411 -0.013696
v 0.071430 0.365443 -0.013696
v 0.071430 0.334475 -0.013696
v -0.013695 0.334475 -0.071430
v -0.013695 0.365443 -0.071430
v -0.013695 0.396411 -0.071430
v 0.013710 0.427380 -0.070320
v 0.039693 0.427380 -0.058524
v 0.060263 0.427380 -0.038747
v -0.071430 0.334475 0.013696
v -0.071430 0.365443 0.013696
v -0.071430 0.396411 0.013696
v -0.070320 0.427380 -0.013710
v -0.058524 0.427380 -0.039693
v -0.038747 0.427380 -0.060263
v 0.013695 0.334475 0.071430
v 0.013695 0.365443 0.071430
v 0.013695 0.396411 0.071430
v -0.013710 0.427380 0.070320
v -0.039693 0.427380 0.058524
v -0.060263 0.427380 0.038747
v 0.070320 0.427380 0.013710
v 0.058524 0.427380 0.039693
v 0.038747 0.427380 0.060263
v 0.261616 1.501462 0.188097
v 0.071430 0.489307 -0.013696
v 0.071430 0.458347 -0.013696
v -0.013695 0.458348 -0.071430
v -0.013695 0.489318 -0.071430
v 0.261616 1.463011 0.188097
v 0.261616 1.424400 0.188097
v 0.126642 1.501462 0.190600
v 0.126642 1.463011 0.190600
v -0.071430 0.458349 0.013696
v -0.071430 0.489325 0.013696
v 0.126642 1.424400 0.190600
v 0.124139 1.501462 0.055625
v 0.124139 1.463011 0.055625
v 0.124139 1.424400 0.055625
v 0.013695 0.458348 0.071430
v 0.013695 0.489315 0.071430
v 0.259114 1.424400 0.053122
v 0.259114 1.463011 0.053122
v 0.259114 1.501462 0.053122
v 0.280030 1.385552 0.157165
v 0.285673 1.385552 0.120141
v 0.278662 1.385552 0.083351
v 0.157574 1.385552 0.209013
v 0.071513 0.642160 -0.013696
v 0.071454 0.612470 -0.013696
v 0.071433 0.582022 -0.013696
v -0.013692 0.582186 -0.071430
v -0.013671 0.612736 -0.071430
v -0.013611 0.642543 -0.071430
v 0.013909 0.671071 -0.070320
v 0.039891 0.670915 -0.058524
v 0.060461 0.670792 -0.038747
v -0.071427 0.582296 0.013696
v -0.071404 0.612916 0.013696
v -0.071345 0.642803 0.013696
v -0.070119 0.671574 -0.013710
v -0.058323 0.671503 -0.039693
v -0.038546 0.671385 -0.060263
v 0.013699 0.582133 0.071430
v 0.013720 0.612650 0.071430
v 0.013779 0.642420 0.071430
v -0.013510 0.671235 0.070320
v -0.039492 0.671390 0.058524
v -0.060061 0.671514 0.038747
v 0.070518 0.670732 0.013710
v 0.058722 0.670802 0.039693
v 0.038945 0.670921 0.060263
v 0.072191 0.748263 -0.013696
v 0.072010 0.723685 -0.013696
v 0.071806 0.697884 -0.013696
v -0.013310 0.698568 -0.071430
v -0.013063 0.724830 -0.071430
v -0.012767 0.750439 -0.071430
v 0.014844 0.774505 -0.070320
v 0.040707 0.773265 -0.058524
v 0.061183 0.772284 -0.038747
v -0.071039 0.699033 0.013696
v -0.070762 0.725607 0.013696
v -0.070387 0.751914 0.013696
v -0.068798 0.778515 -0.013710
v -0.057056 0.777952 -0.039693
v -0.037370 0.777008 -0.060263
v 0.014078 0.698348 0.071430
v 0.014311 0.724462 0.071430
v 0.014570 0.749739 0.071430
v -0.012448 0.775813 0.070320
v -0.038311 0.777053 0.058524
v -0.058787 0.778035 0.038747
v 0.071194 0.771804 0.013710
v 0.059452 0.772367 0.039693
v 0.039766 0.773310 0.060263
v 0.075284 0.838433 -0.013695
v 0.073163 0.816411 -0.013695
v 0.072418 0.794334 -0.013696
v -0.011901 0.801388 -0.071430
v -0.010292 0.827674 -0.071430
v -0.006555 0.855198 -0.071430
v 0.025848 0.876877 -0.070320
v 0.050012 0.869664 -0.058524
v 0.069143 0.863952 -0.038747
v -0.069088 0.806173 0.013696
v -0.066894 0.835313 0.013696
v -0.062061 0.866568 0.013696
v -0.052300 0.900206 -0.013710
v -0.041329 0.896931 -0.039692
v -0.022937 0.891441 -0.060263
v 0.015230 0.799118 0.071430
v 0.016562 0.824050 0.071430
v 0.019778 0.849803 0.071430
v 0.000348 0.884489 0.070320
v -0.023816 0.891703 0.058524
v -0.042947 0.897414 0.038747
v 0.078497 0.861160 0.013710
v 0.067526 0.864435 0.039693
v 0.049133 0.869926 0.060263
v 0.108758 0.927482 -0.013695
v 0.096277 0.906457 -0.013695
v 0.086507 0.883840 -0.013695
v 0.011299 0.915659 -0.071430
v 0.026257 0.947213 -0.071430
v 0.045023 0.977238 -0.071430
v 0.085570 0.985112 -0.070320
v 0.102811 0.967368 -0.058524
v 0.116460 0.953322 -0.038747
v -0.039709 0.937238 0.013696
v -0.021232 0.974854 0.013696
v 0.001796 1.010984 0.013696
v 0.029811 1.042493 -0.013710
v 0.037638 1.034437 -0.039692
v 0.050762 1.020932 -0.060263
v 0.035499 0.905420 0.071430
v 0.048788 0.934098 0.071430
v 0.065531 0.961228 0.071430
v 0.067375 1.003835 0.070320
v 0.050134 1.021578 0.058524
v 0.036484 1.035625 0.038747
v 0.123134 0.946454 0.013710
v 0.115306 0.954509 0.039693
v 0.102183 0.968014 0.060263
v 0.180731 0.979389 -0.013695
v 0.160643 0.971216 -0.013695
v 0.141406 0.960180 -0.013695
v 0.092925 1.025487 -0.071430
v 0.120410 1.042424 -0.071430
v 0.148402 1.055261 -0.071430
v 0.183625 1.039080 -0.070320
v 0.191366 1.014863 -0.058524
v 0.197495 0.995690 -0.038747
v 0.060044 1.069780 0.013696
v 0.093124 1.090718 0.013696
v 0.126475 1.106719 0.013696
v 0.158590 1.117399 -0.013710
v 0.162104 1.106404 -0.039692
v 0.167996 1.087971 -0.060263
v 0.108525 1.004473 0.071430
v 0.133356 1.019511 0.071430
v 0.158804 1.030847 0.071430
v 0.175456 1.064635 0.070320
v 0.167715 1.088852 0.058524
v 0.161586 1.108025 0.038747
v 0.200491 0.986317 0.013710
v 0.196977 0.997311 0.039693
v 0.191084 1.015744 0.060263
v 0.257107 0.994540 -0.013695
v 0.238944 0.992391 -0.013695
v 0.220232 0.989457 -0.013695
v 0.200487 1.071146 -0.071430
v 0.223748 1.075526 -0.071430
v 0.245846 1.078467 -0.071430
v 0.269797 1.053533 -0.070320
v 0.272081 1.027797 -0.058524
v 0.273889 1.007422 -0.038747
v 0.187096 1.126550 0.013696
v 0.213442 1.131910 0.013696
v 0.238209 1.135389 0.013696
v 0.262410 1.136764 -0.013710
v 0.263447 1.125080 -0.039692
v 0.265186 1.105491 -0.060263
v 0.206840 1.044861 0.071430
v 0.228638 1.048775 0.071430
v 0.249470 1.051462 0.071430
v 0.267387 1.080691 0.070320
v 0.265103 1.106427 0.058524
v 0.263294 1.126802 0.038747
v 0.274773 0.997460 0.013710
v 0.273736 1.009144 0.039693
v 0.271998 1.028733 0.060263
v 0.329334 0.999435 -0.013695
v 0.310413 0.999366 -0.013695
v 0.292462 0.998125 -0.013695
v 0.289034 1.082596 -0.071430
v 0.311673 1.083593 -0.071430
v 0.336250 1.082772 -0.071430
v 0.359243 1.052979 -0.070320
v 0.355008 1.028087 -0.058524
v 0.351656 1.008380 -0.038747
v 0.286709 1.139887 0.013696
v 0.312527 1.140718 0.013696
v 0.340940 1.139293 0.013696
v 0.372937 1.133483 -0.013710
v 0.371015 1.122181 -0.039692
v 0.367791 1.103234 -0.060263
v 0.290137 1.055415 0.071430
v 0.311267 1.056491 0.071430
v 0.334024 1.055956 0.071430
v 0.363711 1.079248 0.070320
v 0.367946 1.104141 0.058524
v 0.371298 1.123848 0.038747
v 0.350017 0.998744 0.013710
v 0.351939 1.010046 0.039693
v 0.355162 1.028993 0.060263
v 0.416881 0.978459 -0.013695
v 0.395045 0.987135 -0.013695
v 0.372156 0.993584 -0.013695
v 0.394459 1.072237 -0.071430
v 0.426765 1.061644 -0.071430
v 0.458353 1.047471 -0.071430
v 0.470562 1.009757 -0.070320
v 0.455024 0.990815 -0.058524
v 0.442722 0.975819 -0.038747
v 0.409586 1.125582 0.013696
v 0.448278 1.112177 0.013696
v 0.486480 1.094276 0.013696
v 0.520815 1.071015 -0.013710
v 0.513760 1.062415 -0.039692
v 0.501933 1.047998 -0.060263
v 0.387283 1.046929 0.071430
v 0.416558 1.037669 0.071430
v 0.445008 1.025265 0.071430
v 0.486960 1.029745 0.070320
v 0.502499 1.048687 0.058524
v 0.514800 1.063683 0.038747
v 0.436707 0.968487 0.013710
v 0.443762 0.977087 0.039693
v 0.455589 0.991504 0.060263
v 0.470855 0.923053 -0.013695
v 0.462699 0.940031 -0.013695
v 0.451265 0.954882 -0.013695
v 0.510726 1.008560 -0.071430
v 0.529591 0.984492 -0.071430
v 0.543901 0.958184 -0.071430
v 0.528971 0.921787 -0.070320
v 0.505234 0.913724 -0.058524
v 0.486442 0.907342 -0.038747
v 0.551054 1.044966 0.013696
v 0.574959 1.014647 0.013696
v 0.593443 0.982011 0.013696
v 0.605740 0.947861 -0.013710
v 0.594963 0.944200 -0.039692
v 0.576895 0.938063 -0.060263
v 0.491593 0.991288 0.071430
v 0.508067 0.970185 0.071430
v 0.520397 0.946880 0.071430
v 0.554021 0.930295 0.070320
v 0.577759 0.938357 0.058524
v 0.596551 0.944740 0.038747
v 0.477253 0.904221 0.013710
v 0.488030 0.907881 0.039693
v 0.506098 0.914018 0.060263
v 0.481297 0.834021 -0.013695
v 0.480862 0.859111 -0.013695
v 0.479379 0.882489 -0.013695
v 0.560367 0.901403 -0.071430
v 0.563830 0.871871 -0.071430
v 0.565353 0.841983 -0.071430
v 0.538653 0.810569 -0.070320
v 0.512830 0.809187 -0.058524
v 0.492387 0.808092 -0.038747
v 0.615295 0.914231 0.013696
v 0.620101 0.880526 0.013696
v 0.622362 0.847383 0.013696
v 0.622166 0.815041 -0.013710
v 0.610442 0.814413 -0.039692
v 0.590787 0.813360 -0.060263
v 0.534307 0.895317 0.071430
v 0.537133 0.867765 0.071430
v 0.538306 0.839421 0.071430
v 0.565904 0.812028 0.070320
v 0.591726 0.813411 0.058524
v 0.612170 0.814505 0.038747
v 0.482391 0.807557 0.013710
v 0.494115 0.808185 0.039693
v 0.513770 0.809237 0.060263
v 0.481788 0.722775 -0.013696
v 0.481515 0.751465 -0.013695
v 0.481337 0.779847 -0.013695
v 0.566237 0.782232 -0.071430
v 0.566560 0.752576 -0.071430
v 0.566865 0.722979 -0.071430
v 0.539781 0.693631 -0.070320
v 0.513826 0.693887 -0.058524
v 0.493277 0.694090 -0.038747
v 0.623819 0.783849 0.013696
v 0.624240 0.753329 0.013696
v 0.624566 0.723117 0.013696
v 0.623723 0.692802 -0.013710
v 0.611939 0.692918 -0.039693
v 0.592182 0.693114 -0.060263
v 0.538919 0.781464 0.071430
v 0.539195 0.752219 0.071430
v 0.539489 0.722914 0.071430
v 0.567172 0.693360 0.070320
v 0.593127 0.693104 0.058524
v 0.613676 0.692901 0.038747
v 0.483230 0.694189 0.013710
v 0.495014 0.694072 0.039693
v 0.514770 0.693877 0.060263
v 0.481734 0.611085 -0.013888
v 0.482417 0.638400 -0.013753
v 0.482430 0.666075 -0.013703
v 0.567334 0.663556 -0.071424
v 0.566844 0.633070 -0.071384
v 0.565027 0.601323 -0.071274
v 0.534823 0.572423 -0.070149
v 0.509955 0.577213 -0.058582
v 0.490422 0.581341 -0.039028
v 0.624947 0.661910 0.013703
v 0.624336 0.629956 0.013753
v 0.622299 0.596393 0.013888
v 0.616658 0.559989 -0.013157
v 0.604901 0.561153 -0.039124
v 0.585533 0.563846 -0.059756
v 0.540043 0.664429 0.071424
v 0.539909 0.635286 0.071384
v 0.539006 0.606155 0.071273
v 0.563345 0.572305 0.070149
v 0.588213 0.567516 0.058582
v 0.607745 0.563387 0.039028
v 0.481509 0.584740 0.013157
v 0.493266 0.583576 0.039124
v 0.512634 0.580883 0.059756
v 0.464054 0.508599 -0.012875
v 0.471800 0.531888 -0.014267
v 0.476915 0.557371 -0.014466
v 0.554741 0.532144 -0.070562
v 0.544807 0.496025 -0.069032
v 0.530613 0.461272 -0.065574
v 0.490507 0.445348 -0.060092
v 0.472018 0.462161 -0.050523
v 0.458620 0.477466 -0.032918
v 0.611138 0.522732 0.014728
v 0.600561 0.484188 0.016371
v 0.585651 0.447144 0.019974
v 0.561552 0.409076 0.000023
v 0.549437 0.410722 -0.025747
v 0.531855 0.417875 -0.046859
v 0.533312 0.547959 0.070825
v 0.527553 0.520052 0.071135
v 0.519092 0.494472 0.072673
v 0.528193 0.456852 0.076920
v 0.546682 0.440039 0.067352
v 0.560081 0.424734 0.049746
v 0.457149 0.493124 0.016805
v 0.469264 0.491477 0.042575
v 0.486845 0.484325 0.063687
v 0.401541 0.450482 0.013349
v 0.420911 0.459872 0.003832
v 0.438418 0.472364 -0.003958
v 0.486611 0.403096 -0.049558
v 0.457523 0.381407 -0.036772
v 0.425612 0.364555 -0.021605
v 0.383183 0.375708 -0.010617
v 0.377917 0.401544 -0.006863
v 0.377123 0.425616 0.005187
v 0.540137 0.385541 0.036408
v 0.509936 0.362911 0.049626
v 0.476207 0.345639 0.065578
v 0.430858 0.324995 0.059647
v 0.418332 0.325863 0.034099
v 0.404769 0.335288 0.011261
v 0.491943 0.454810 0.082008
v 0.473323 0.441376 0.090231
v 0.452136 0.431565 0.100532
v 0.438247 0.401501 0.118550
v 0.443513 0.375665 0.114795
v 0.444306 0.351593 0.102746
v 0.390572 0.452214 0.048286
v 0.403097 0.451345 0.073834
v 0.416661 0.441921 0.096672
v 0.322405 0.437732 0.057186
v 0.341415 0.436845 0.047155
v 0.361146 0.438987 0.035778
v 0.359202 0.344875 0.013074
v 0.326462 0.342545 0.030437
v 0.294419 0.346055 0.045887
v 0.268945 0.377399 0.045811
v 0.278956 0.401553 0.043115
v 0.291413 0.424485 0.049536
v 0.402704 0.326666 0.103445
v 0.364707 0.325489 0.123087
v 0.326737 0.330717 0.140919
v 0.277723 0.333878 0.132190
v 0.268659 0.333403 0.105283
v 0.263446 0.341001 0.079014
v 0.404649 0.420778 0.126149
v 0.379660 0.419788 0.139805
v 0.354723 0.422393 0.152218
v 0.324863 0.407796 0.174119
v 0.314853 0.383642 0.176814
v 0.302396 0.360710 0.170394
v 0.316085 0.451317 0.087740
v 0.325150 0.451792 0.114647
v 0.330363 0.444194 0.140916
v 0.260862 0.477385 0.070883
v 0.272990 0.462381 0.070804
v 0.287722 0.450481 0.069084
v 0.233560 0.372867 0.065570
v 0.206371 0.395378 0.069534
v 0.183133 0.422144 0.071047
v 0.184081 0.461798 0.056727
v 0.207534 0.473729 0.051659
v 0.231529 0.485478 0.056165
v 0.253552 0.362703 0.164600
v 0.220703 0.388288 0.169944
v 0.192613 0.417933 0.172468
v 0.157514 0.444129 0.150441
v 0.151864 0.442628 0.122568
v 0.154348 0.445187 0.094598
v 0.307714 0.440316 0.168115
v 0.287321 0.455291 0.171214
v 0.270341 0.473173 0.172303
v 0.238946 0.482998 0.186995
v 0.215493 0.471067 0.192063
v 0.191498 0.459317 0.187557
v 0.265513 0.500667 0.093281
v 0.271163 0.502168 0.121154
v 0.268679 0.499608 0.149123
v 0.243952 0.560036 0.069500
v 0.244452 0.536591 0.069588
v 0.246785 0.514842 0.069827
v 0.153574 0.482774 0.071363
v 0.147029 0.514527 0.071385
v 0.143987 0.546315 0.071393
v 0.165543 0.579151 0.056501
v 0.193183 0.581188 0.051159
v 0.220998 0.583238 0.055458
v 0.157066 0.482213 0.173895
v 0.149357 0.514594 0.174134
v 0.145906 0.546527 0.174221
v 0.130028 0.576533 0.151203
v 0.124760 0.576145 0.123172
v 0.129000 0.576457 0.094962
v 0.250277 0.514281 0.172359
v 0.246780 0.536657 0.172337
v 0.245871 0.560248 0.172329
v 0.223407 0.583415 0.187221
v 0.195768 0.581378 0.192563
v 0.167952 0.579328 0.188264
v 0.258923 0.586032 0.092519
v 0.264190 0.586421 0.120550
v 0.259951 0.586108 0.148760
v 0.244331 0.665841 0.069488
v 0.244453 0.638158 0.069488
v 0.244444 0.611090 0.069488
v 0.142212 0.607515 0.071394
v 0.141795 0.636591 0.071394
v 0.141516 0.665029 0.071394
v 0.164336 0.693304 0.056501
v 0.192366 0.693487 0.051159
v 0.220575 0.693671 0.055458
v 0.144107 0.607582 0.174234
v 0.143699 0.636620 0.174234
v 0.143422 0.665044 0.174234
v 0.128318 0.693069 0.151203
v 0.122976 0.693034 0.123172
v 0.127275 0.693062 0.094962
v 0.246339 0.611156 0.172327
v 0.246357 0.638187 0.172327
v 0.246237 0.665856 0.172327
v 0.223017 0.693687 0.187221
v 0.194987 0.693504 0.192563
v 0.166778 0.693320 0.188264
v 0.259035 0.693922 0.092519
v 0.264377 0.693957 0.120550
v 0.260078 0.693929 0.148760
v 0.243600 0.780274 0.069488
v 0.243760 0.750577 0.069488
v 0.243945 0.721939 0.069488
v 0.141107 0.721324 0.071395
v 0.140921 0.750036 0.071395
v 0.140761 0.779818 0.071395
v 0.163670 0.811281 0.056501
v 0.191700 0.811381 0.051159
v 0.219910 0.811481 0.055458
v 0.143013 0.721336 0.174234
v 0.142828 0.750046 0.174234
v 0.142668 0.779826 0.174234
v 0.127651 0.811153 0.151202
v 0.122309 0.811134 0.123172
v 0.126609 0.811149 0.094962
v 0.245851 0.721950 0.172327
v 0.245666 0.750587 0.172327
v 0.245506 0.780283 0.172327
v 0.222352 0.811490 0.187221
v 0.194322 0.811390 0.192563
v 0.166113 0.811290 0.188264
v 0.258371 0.811618 0.092519
v 0.263713 0.811637 0.120550
v 0.259414 0.811622 0.148760
v 0.243346 0.915562 0.069488
v 0.243361 0.879649 0.069488
v 0.243400 0.844808 0.069488
v 0.140561 0.844532 0.071395
v 0.140522 0.879459 0.071395
v 0.140507 0.915444 0.071395
v 0.163536 0.951967 0.056501
v 0.191567 0.951983 0.051159
v 0.219777 0.952000 0.055458
v 0.142468 0.844537 0.174234
v 0.142428 0.879462 0.174234
v 0.142413 0.915447 0.174234
v 0.127518 0.951945 0.151202
v 0.122176 0.951942 0.123172
v 0.126475 0.951945 0.094962
v 0.245307 0.844812 0.172327
v 0.245268 0.879653 0.172327
v 0.245253 0.915564 0.172327
v 0.222220 0.952002 0.187221
v 0.194189 0.951985 0.192563
v 0.165979 0.951968 0.188264
v 0.258238 0.952023 0.092519
v 0.263580 0.952026 0.120550
v 0.259281 0.952024 0.148760
v 0.243344 1.061692 0.069488
v 0.243344 1.025126 0.069488
v 0.243344 0.988566 0.069488
v 0.140505 0.988540 0.071395
v 0.140505 1.025118 0.071395
v 0.140505 1.061691 0.071395
v 0.163536 1.098260 0.056501
v 0.191567 1.098260 0.051159
v 0.219777 1.098260 0.055458
v 0.142411 0.988541 0.174234
v 0.142411 1.025118 0.174234
v 0.142411 1.061691 0.174234
v 0.127518 1.098260 0.151202
v 0.122176 1.098260 0.123172
v 0.126475 1.098260 0.094962
v 0.245251 0.988566 0.172327
v 0.245251 1.025126 0.172327
v 0.245251 1.061692 0.172327
v 0.222220 1.098260 0.187221
v 0.194189 1.098260 0.192563
v 0.165979 1.098260 0.188264
v 0.258238 1.098260 0.092519
v 0.263580 1.098260 0.120550
v 0.259281 1.098260 0.148760
v 0.243344 1.207967 0.069488
v 0.243344 1.171398 0.069488
v 0.243344 1.134829 0.069488
v 0.140505 1.134829 0.071395
v 0.140505 1.171398 0.071394
v 0.140505 1.207967 0.071394
v 0.163536 1.244536 0.056501
v 0.191567 1.244536 0.051159
v 0.219777 1.244536 0.055458
v 0.142411 1.134829 0.174234
v 0.142411 1.171398 0.174234
v 0.142411 1.207967 0.174234
v 0.127518 1.244536 0.151202
v 0.122176 1.244536 0.123172
v 0.126475 1.244536 0.094962
v 0.245251 1.134829 0.172327
v 0.245251 1.171398 0.172327
v 0.245251 1.207967 0.172327
v 0.222220 1.244536 0.187221
v 0.194189 1.244536 0.192563
v 0.165979 1.244536 0.188264
v 0.258238 1.244536 0.092519
v 0.263580 1.244536 0.120550
v 0.259281 1.244536 0.148760
v 0.243344 1.353914 0.069488
v 0.243344 1.317576 0.069488
v 0.243344 1.281093 0.069488
v 0.140505 1.281093 0.071394
v 0.140505 1.317576 0.071394
v 0.140505 1.353914 0.071394
v 0.163536 1.390032 0.056501
v 0.191567 1.390032 0.051159
v 0.219777 1.390032 0.055458
v 0.142411 1.281093 0.174234
v 0.142411 1.317576 0.174234
v 0.142411 1.353914 0.174234
v 0.127518 1.390032 0.151202
v 0.122176 1.390032 0.123172
v 0.126475 1.390032 0.094962
v 0.245251 1.281093 0.172327
v 0.245251 1.317576 0.172327
v 0.245251 1.353914 0.172327
v 0.222220 1.390032 0.187221
v 0.194189 1.390032 0.192563
v 0.165979 1.390032 0.188264
v 0.258238 1.390032 0.092519
v 0.263580 1.390032 0.120550
v 0.259281 1.390032 0.148760
v 0.243344 1.496998 0.069488
v 0.140505 1.496998 0.071394
v 0.163536 1.532410 0.056501
v 0.191567 1.532410 0.051159
v 0.219777 1.532410 0.055458
v 0.142411 1.496998 0.174234
v 0.127518 1.532410 0.151202
v 0.122176 1.532410 0.123172
v 0.126475 1.532410 0.094962
v 0.245251 1.496998 0.172327
v 0.222220 1.532410 0.187221
v 0.194189 1.532410 0.192563
v 0.165979 1.532410 0.188264
v 0.258238 1.532410 0.092519
v 0.263580 1.532410 0.120550
v 0.259281 1.532410 0.148760
v 0.243344 1.638608 0.069488
v 0.243344 1.603209 0.069488
v 0.243344 1.567809 0.069488
v 0.140505 1.567809 0.071394
v 0.140505 1.603209 0.071394
v 0.140505 1.638608 0.071394
v 0.163536 1.674008 0.056501
v 0.191567 1.674008 0.051159
v 0.219777 1.674008 0.055458
v 0.142411 1.567809 0.174234
v 0.142411 1.603209 0.174234
v 0.142411 1.638608 0.174234
v 0.127518 1.674008 0.151202
v 0.122176 1.674008 0.123172
v 0.126475 1.674008 0.094962
v 0.245251 1.567809 0.172327
v 0.245251 1.603209 0.172327
v 0.245251 1.638608 0.172327
v 0.222220 1.674008 0.187221
v 0.194189 1.674008 0.192563
v 0.165979 1.674008 0.188264
v 0.258238 1.674008 0.092519
v 0.263580 1.674008 0.120550
v 0.259281 1.674008 0.148760
v 0.243344 1.778937 0.069713
v 0.243344 1.744431 0.069555
v 0.243344 1.709360 0.069496
v 0.140505 1.709362 0.071402
v 0.140505 1.744445 0.071459
v 0.140505 1.778983 0.071612
v 0.163536 1.811852 0.057168
v 0.191567 1.811545 0.051880
v 0.219777 1.811792 0.056136
v 0.142411 1.709454 0.174226
v 0.142411 1.745183 0.174167
v 0.142411 1.781475 0.174008
v 0.127518 1.817291 0.150903
v 0.122176 1.815681 0.123158
v 0.126475 1.814061 0.095237
v 0.245251 1.709452 0.172319
v 0.245251 1.745169 0.172263
v 0.245251 1.781429 0.172110
v 0.222220 1.819359 0.186554
v 0.194189 1.819666 0.191842
v 0.165979 1.819419 0.187586
v 0.258238 1.813921 0.092819
v 0.263580 1.815530 0.120563
v 0.259281 1.817151 0.148485
v 0.243344 1.903398 0.068368
v 0.243344 1.875575 0.070111
v 0.243344 1.845046 0.070384
v 0.140505 1.845257 0.072252
v 0.140505 1.875925 0.071943
v 0.140505 1.903915 0.070137
v 0.163536 1.922875 0.052925
v 0.191567 1.920882 0.048238
v 0.219777 1.922486 0.052010
v 0.142411 1.856654 0.172975
v 0.142411 1.894750 0.170712
v 0.142411 1.931826 0.165572
v 0.127518 1.958217 0.136011
v 0.122176 1.947756 0.111418
v 0.126475 1.937228 0.086669
v 0.245251 1.856443 0.171108
v 0.245251 1.894401 0.168881
v 0.245251 1.931309 0.163803
v 0.222220 1.971659 0.167611
v 0.194189 1.973652 0.172298
v 0.165979 1.972048 0.168526
v 0.258238 1.936317 0.084526
v 0.263580 1.946778 0.109118
v 0.259281 1.957305 0.133868
v 0.243344 1.977745 0.032717
v 0.243344 1.964476 0.046772
v 0.243344 1.947978 0.057230
v 0.140505 1.948902 0.058766
v 0.140505 1.965617 0.048137
v 0.140505 1.979090 0.033891
v 0.163536 1.977959 0.008215
v 0.191567 1.973700 0.005491
v 0.219777 1.977127 0.007683
v 0.142411 1.998749 0.141596
v 0.142411 2.027148 0.121804
v 0.142411 2.051634 0.097225
v 0.127518 2.053468 0.056499
v 0.122176 2.031118 0.042208
v 0.126475 2.008626 0.027825
v 0.245251 1.997825 0.140060
v 0.245251 2.026007 0.120438
v 0.245251 2.050288 0.096051
v 0.222220 2.082187 0.074864
v 0.194189 2.086446 0.077588
v 0.165979 2.083018 0.075396
v 0.258238 2.006678 0.026579
v 0.263580 2.029028 0.040871
v 0.259281 2.051520 0.055254
v 0.243344 2.007393 -0.060981
v 0.243344 2.002959 -0.032406
v 0.243344 1.996648 -0.006984
v 0.140505 1.998303 -0.006214
v 0.140505 2.004710 -0.031828
v 0.140505 2.009208 -0.060576
v 0.163536 1.997442 -0.094019
v 0.191567 1.992237 -0.094743
v 0.219777 1.996426 -0.094160
v 0.142411 2.087524 0.035333
v 0.142411 2.099106 -0.000650
v 0.142411 2.107132 -0.038760
v 0.127518 2.089714 -0.081174
v 0.122176 2.062402 -0.084976
v 0.126475 2.034916 -0.088802
v 0.245251 2.085869 0.034563
v 0.245251 2.097357 -0.001228
v 0.245251 2.105317 -0.039165
v 0.222220 2.124808 -0.076289
v 0.194189 2.130012 -0.075564
v 0.165979 2.125824 -0.076147
v 0.258238 2.032536 -0.089133
v 0.263580 2.059848 -0.085332
v 0.259281 2.087333 -0.081505
v 0.243302 2.010442 -0.198524
v 0.243332 2.011238 -0.161330
v 0.243343 2.011257 -0.125812
v 0.140505 2.013140 -0.125636
v 0.140504 2.013130 -0.161036
v 0.140502 2.012324 -0.197745
v 0.163495 1.996267 -0.235815
v 0.191495 1.990948 -0.236339
v 0.219683 1.995253 -0.236797
v 0.142413 2.114731 -0.117675
v 0.142424 2.115462 -0.157200
v 0.142454 2.114951 -0.196291
v 0.127607 2.090803 -0.234520
v 0.122241 2.062814 -0.234626
v 0.126507 2.034651 -0.234901
v 0.245251 2.112849 -0.117851
v 0.245252 2.113571 -0.157494
v 0.245253 2.113070 -0.197069
v 0.222261 2.126810 -0.235905
v 0.194261 2.132130 -0.235382
v 0.166072 2.127824 -0.234924
v 0.258149 2.032275 -0.237200
v 0.263515 2.060264 -0.237094
v 0.259249 2.088427 -0.236820
v 0.241742 2.007220 -0.352498
v 0.242691 2.007327 -0.315563
v 0.243110 2.008120 -0.276573
v 0.140455 2.009925 -0.273123
v 0.140171 2.009047 -0.309939
v 0.139410 2.008806 -0.344360
v 0.160675 1.994829 -0.378664
v 0.188460 1.989659 -0.382031
v 0.216502 1.994070 -0.384579
v 0.142567 2.112578 -0.271725
v 0.142432 2.111623 -0.306714
v 0.141878 2.111239 -0.338564
v 0.125701 2.088765 -0.366713
v 0.120165 2.060882 -0.368593
v 0.124200 2.032868 -0.371487
v 0.245222 2.110773 -0.275174
v 0.244952 2.109901 -0.312338
v 0.244211 2.109652 -0.346702
v 0.220019 2.125029 -0.373393
v 0.192234 2.130199 -0.370026
v 0.164192 2.125786 -0.367478
v 0.254994 2.031092 -0.385344
v 0.260529 2.058975 -0.383464
v 0.256495 2.086989 -0.380569
v 0.225270 2.022272 -0.449541
v 0.232399 2.015046 -0.435525
v 0.237162 2.010476 -0.413936
v 0.135925 2.011594 -0.400587
v 0.135250 2.015873 -0.420609
v 0.137691 2.022844 -0.434749
v 0.138986 2.112968 -0.389033
v 0.138500 2.113154 -0.407198
v 0.140837 2.110536 -0.421174
v 0.240223 2.111850 -0.402381
v 0.235649 2.112327 -0.422114
v 0.228416 2.109965 -0.435967
v 0.006495 -0.046771 0.033875
v -0.014425 -0.049905 0.021269
v -0.033875 -0.046771 0.006495
v 0.021269 -0.049905 0.014425
v 0.000000 -0.053325 0.000000
v -0.021269 -0.049905 -0.014425
v 0.033875 -0.046771 -0.006495
v 0.014425 -0.049905 -0.021269
v -0.006495 -0.046771 -0.033875
v 0.202761 2.045624 -0.459865
v 0.178350 2.044842 -0.457556
v 0.154866 2.045811 -0.450896
v 0.204572 2.070006 -0.457852
v 0.178911 2.070532 -0.455103
v 0.154127 2.070182 -0.448263
v 0.204635 2.093575 -0.451472
v 0.180349 2.095346 -0.448559
v 0.156740 2.093762 -0.442503
v 0.052072 -0.021847 -0.033056
v 0.034063 -0.022894 -0.050223
v 0.011452 -0.021847 -0.060606
v 0.057693 -0.000000 -0.037119
v 0.038022 -0.000320 -0.056061
v 0.013147 -0.000000 -0.067330
v 0.059942 0.026909 -0.038543
v 0.039484 0.026869 -0.058216
v 0.013639 0.026909 -0.069947
v -0.033056 -0.021847 -0.052072
v -0.050223 -0.022894 -0.034063
v -0.060606 -0.021847 -0.011452
v -0.037118 -0.000000 -0.057693
v -0.056061 -0.000320 -0.038022
v -0.067330 -0.000000 -0.013147
v -0.038543 0.026909 -0.059942
v -0.058216 0.026869 -0.039484
v -0.069947 0.026909 -0.013639
v -0.052072 -0.021847 0.033056
v -0.034063 -0.022894 0.050223
v -0.011452 -0.021847 0.060606
v -0.057693 -0.000000 0.037119
v -0.038022 -0.000320 0.056061
v -0.013147 -0.000000 0.067330
v -0.059942 0.026909 0.038543
v -0.039484 0.026869 0.058216
v -0.013639 0.026909 0.069947
v 0.033056 -0.021847 0.052072
v 0.050223 -0.022894 0.034063
v 0.060606 -0.021847 0.011452
v 0.037118 -0.000000 0.057693
v 0.056061 -0.000320 0.038022
v 0.067330 -0.000000 0.013147
v 0.038543 0.026909 0.059942
v 0.058216 0.026869 0.039484
v 0.069947 0.026909 0.013639
v 0.060263 0.087099 -0.038747
v 0.039693 0.087099 -0.058524
v 0.013710 0.087099 -0.070320
v 0.060263 0.117806 -0.038747
v 0.039693 0.117806 -0.058524
v 0.013710 0.117806 -0.070320
v 0.060263 0.148678 -0.038747
v 0.039693 0.148678 -0.058524
v 0.013710 0.148678 -0.070320
v -0.038747 0.087099 -0.060263
v -0.058524 0.087099 -0.039693
v -0.070320 0.087099 -0.013710
v -0.038747 0.117806 -0.060263
v -0.058524 0.117806 -0.039693
v -0.070320 0.117806 -0.013710
v -0.038747 0.148678 -0.060263
v -0.058524 0.148678 -0.039693
v -0.070320 0.148678 -0.013710
v -0.060263 0.087099 0.038747
v -0.039693 0.087099 0.058524
v -0.013710 0.087099 0.070320
v -0.060263 0.117806 0.038747
v -0.039693 0.117806 0.058524
v -0.013710 0.117806 0.070320
v -0.060263 0.148678 0.038747
v -0.039693 0.148678 0.058524
v -0.013710 0.148678 0.070320
v 0.038747 0.087099 0.060263
v 0.058524 0.087099 0.039693
v 0.070320 0.087099 0.013710
v 0.038747 0.117806 0.060263
v 0.058524 0.117806 0.039693
v 0.070320 0.117806 0.013710
v 0.038747 0.148678 0.060263
v 0.058524 0.148678 0.039693
v 0.070320 0.148678 0.013710
v 0.060263 0.210601 -0.038747
v 0.039693 0.210601 -0.058524
v 0.013710 0.210601 -0.070320
v 0.060263 0.241570 -0.038747
v 0.039693 0.241570 -0.058524
v 0.013710 0.241570 -0.070320
v 0.060263 0.272538 -0.038747
v 0.039693 0.272538 -0.058524
v 0.013710 0.272538 -0.070320
v -0.038747 0.210601 -0.060263
v -0.058524 0.210601 -0.039693
v -0.070320 0.210601 -0.013710
v -0.038747 0.241570 -0.060263
v -0.058524 0.241570 -0.039693
v -0.070320 0.241570 -0.013710
v -0.038747 0.272538 -0.060263
v -0.058524 0.272538 -0.039693
v -0.070320 0.272538 -0.013710
v -0.060263 0.210601 0.038747
v -0.039693 0.210601 0.058524
v -0.013710 0.210601 0.070320
v -0.060263 0.241570 0.038747
v -0.039693 0.241570 0.058524
v -0.013710 0.241570 0.070320
v -0.060263 0.272538 0.038747
v -0.039693 0.272538 0.058524
v -0.013710 0.272538 0.070320
v 0.038747 0.210601 0.060263
v 0.058524 0.210601 0.039693
v 0.070320 0.210601 0.013710
v 0.038747 0.241570 0.060263
v 0.058524 0.241570 0.039693
v 0.070320 0.241570 0.013710
v 0.038747 0.272538 0.060263
v 0.058524 0.272538 0.039693
v 0.070320 0.272538 0.013710
v 0.060263 0.334475 -0.038747
v 0.039693 0.334475 -0.058524
v 0.013710 0.334475 -0.070320
v 0.060263 0.365443 -0.038747
v 0.039693 0.365443 -0.058524
v 0.013710 0.365443 -0.070320
v 0.060263 0.396411 -0.038747
v 0.039693 0.396411 -0.058524
v 0.013710 0.396411 -0.070320
v -0.038747 0.334475 -0.060263
v -0.058524 0.334475 -0.039693
v -0.070320 0.334475 -0.013710
v -0.038747 0.365443 -0.060263
v -0.058524 0.365443 -0.039693
v -0.070320 0.365443 -0.013710
v -0.038747 0.396411 -0.060263
v -0.058524 0.396411 -0.039693
v -0.070320 0.396411 -0.013710
v -0.060263 0.334475 0.038747
v -0.039693 0.334475 0.058524
v -0.013710 0.334475 0.070320
v -0.060263 0.365443 0.038747
v -0.039693 0.365443 0.058524
v -0.013710 0.365443 0.070320
v -0.060263 0.396411 0.038747
v -0.039693 0.396411 0.058524
v -0.013710 0.396411 0.070320
v 0.038747 0.334475 0.060263
v 0.058524 0.334475 0.039693
v 0.070320 0.334475 0.013710
v 0.038747 0.365443 0.060263
v 0.058524 0.365443 0.039693
v 0.070320 0.365443 0.013710
v 0.038747 0.396411 0.060263
v 0.058524 0.396411 0.039693
v 0.070320 0.396411 0.013710
v 0.060263 0.458347 -0.038747
v 0.039693 0.458347 -0.058524
v 0.013710 0.458348 -0.070320
v 0.060263 0.489309 -0.038747
v 0.039693 0.489311 -0.058524
v 0.013710 0.489315 -0.070320
v 0.194598 1.385552 0.214656
v 0.231388 1.385552 0.207645
v 0.261616 1.385552 0.188097
v -0.038747 0.458349 -0.060263
v -0.058524 0.458349 -0.039693
v -0.070320 0.458349 -0.013710
v -0.038747 0.489321 -0.060263
v -0.058524 0.489324 -0.039693
v -0.070320 0.489325 -0.013710
v 0.105726 1.385552 0.086557
v 0.100083 1.385552 0.123581
v 0.107094 1.385552 0.160371
v -0.060263 0.458349 0.038747
v -0.039693 0.458349 0.058524
v -0.013710 0.458348 0.070320
v -0.060263 0.489324 0.038747
v -0.039693 0.489321 0.058524
v -0.013710 0.489318 0.070320
v 0.126642 1.385552 0.190600
v 0.259114 1.385552 0.053122
v 0.228182 1.385552 0.034708
v 0.038747 0.458347 0.060263
v 0.058524 0.458347 0.039693
v 0.070320 0.458347 0.013710
v 0.038747 0.489311 0.060263
v 0.058524 0.489309 0.039693
v 0.070320 0.489307 0.013710
v 0.191158 1.385552 0.029066
v 0.154368 1.385552 0.036077
v 0.124139 1.385552 0.055625
v 0.060265 0.582044 -0.038747
v 0.039696 0.582083 -0.058524
v 0.013713 0.582133 -0.070320
v 0.060287 0.612505 -0.038747
v 0.039717 0.612569 -0.058524
v 0.013734 0.612650 -0.070320
v 0.060346 0.642210 -0.038747
v 0.039776 0.642303 -0.058524
v 0.013794 0.642420 -0.070320
v -0.038743 0.582233 -0.060263
v -0.058520 0.582271 -0.039693
v -0.070317 0.582294 -0.013710
v -0.038722 0.612814 -0.060263
v -0.058498 0.612875 -0.039693
v -0.070295 0.612912 -0.013710
v -0.038662 0.642656 -0.060263
v -0.058439 0.642745 -0.039693
v -0.070235 0.642799 -0.013710
v -0.060259 0.582275 0.038747
v -0.039689 0.582235 0.058524
v -0.013706 0.582186 0.070320
v -0.060237 0.612881 0.038747
v -0.039667 0.612817 0.058524
v -0.013685 0.612736 0.070320
v -0.060178 0.642753 0.038747
v -0.039608 0.642660 0.058524
v -0.013625 0.642543 0.070320
v 0.038750 0.582085 0.060263
v 0.058527 0.582047 0.039693
v 0.070323 0.582024 0.013710
v 0.038771 0.612572 0.060263
v 0.058548 0.612510 0.039693
v 0.070345 0.612474 0.013710
v 0.038830 0.642307 0.060263
v 0.058607 0.642218 0.039693
v 0.070404 0.642165 0.013710
v 0.060640 0.697974 -0.038747
v 0.040072 0.698139 -0.058524
v 0.014092 0.698348 -0.070320
v 0.060850 0.723836 -0.038747
v 0.040292 0.724112 -0.058524
v 0.014325 0.724462 -0.070320
v 0.061045 0.748549 -0.038747
v 0.040516 0.749075 -0.058524
v 0.014584 0.749739 -0.070320
v -0.038359 0.698770 -0.060263
v -0.058134 0.698929 -0.039693
v -0.069929 0.699024 -0.013710
v -0.038099 0.725167 -0.060263
v -0.057864 0.725433 -0.039693
v -0.069653 0.725592 -0.013710
v -0.037769 0.751079 -0.060263
v -0.057507 0.751585 -0.039693
v -0.069280 0.751886 -0.013710
v -0.059873 0.698943 0.038747
v -0.039305 0.698777 0.058524
v -0.013324 0.698569 0.070320
v -0.059602 0.725457 0.038747
v -0.039044 0.725180 0.058524
v -0.013077 0.724830 0.070320
v -0.059242 0.751629 0.038747
v -0.038713 0.751103 0.058524
v -0.012781 0.750439 0.070320
v 0.039126 0.698147 0.060263
v 0.058901 0.697988 0.039693
v 0.070697 0.697893 0.013710
v 0.039347 0.724125 0.060263
v 0.059112 0.723859 0.039693
v 0.070901 0.723700 0.013710
v 0.039572 0.749099 0.060263
v 0.059310 0.748593 0.039693
v 0.071083 0.748292 0.013710
v 0.061356 0.795259 -0.038747
v 0.040981 0.796964 -0.058524
v 0.015244 0.799117 -0.070320
v 0.062215 0.817889 -0.038747
v 0.042049 0.820610 -0.058524
v 0.016575 0.824048 -0.070320
v 0.064548 0.840632 -0.038747
v 0.044772 0.844684 -0.058524
v 0.019792 0.849801 -0.070320
v -0.036715 0.803464 -0.060263
v -0.056304 0.805103 -0.039692
v -0.067989 0.806081 -0.013710
v -0.034852 0.830989 -0.060263
v -0.054241 0.833606 -0.039692
v -0.065806 0.835167 -0.013710
v -0.030640 0.860131 -0.060263
v -0.049653 0.864026 -0.039692
v -0.060994 0.866349 -0.013710
v -0.058027 0.805247 0.038747
v -0.037651 0.803543 0.058524
v -0.011915 0.801389 0.070320
v -0.055946 0.833836 0.038747
v -0.035779 0.831114 0.058524
v -0.010306 0.827676 0.070320
v -0.051325 0.864368 0.038747
v -0.031549 0.860317 0.058524
v -0.006569 0.855200 0.070320
v 0.040044 0.797042 0.060263
v 0.059634 0.795404 0.039693
v 0.071318 0.794426 0.013710
v 0.041121 0.820735 0.060263
v 0.060510 0.818119 0.039693
v 0.072075 0.816558 0.013710
v 0.043863 0.844870 0.060263
v 0.062876 0.840975 0.039693
v 0.074217 0.838652 0.013710
v 0.076641 0.888014 -0.038747
v 0.058467 0.895703 -0.058524
v 0.035511 0.905415 -0.070320
v 0.087091 0.911803 -0.038747
v 0.070171 0.921652 -0.058524
v 0.048799 0.934092 -0.070320
v 0.100397 0.934009 -0.038747
v 0.084995 0.946033 -0.058524
v 0.065542 0.961220 -0.070320
v -0.010833 0.925022 -0.060263
v -0.028306 0.932414 -0.039692
v -0.038728 0.936823 -0.013710
v 0.005652 0.959207 -0.060263
v -0.010616 0.968675 -0.039692
v -0.020319 0.974323 -0.013710
v 0.026267 0.991881 -0.060263
v 0.011459 1.003441 -0.039692
v 0.002627 1.010336 -0.013710
v -0.029842 0.933064 0.038747
v -0.011669 0.925375 0.058524
v 0.011287 0.915664 0.070320
v -0.012046 0.969508 0.038747
v 0.004874 0.959659 0.058524
v 0.026246 0.947219 0.070320
v 0.010157 1.004457 0.038747
v 0.025559 0.992434 0.058524
v 0.045012 0.977247 0.070320
v 0.057632 0.896057 0.060263
v 0.075104 0.888665 0.039693
v 0.085527 0.884255 0.013710
v 0.069393 0.922105 0.060263
v 0.085661 0.912636 0.039693
v 0.095364 0.906988 0.013710
v 0.084288 0.946586 0.060263
v 0.099095 0.935026 0.039693
v 0.107927 0.928131 0.013710
v 0.135046 0.968747 -0.038747
v 0.123331 0.984528 -0.058524
v 0.108533 1.004462 -0.070320
v 0.155365 0.980558 -0.038747
v 0.145643 0.997765 -0.058524
v 0.133363 1.019499 -0.070320
v 0.176490 0.989343 -0.038747
v 0.168678 1.007677 -0.058524
v 0.158810 1.030835 -0.070320
v 0.078658 1.044706 -0.060263
v 0.067395 1.059878 -0.039692
v 0.060676 1.068928 -0.013710
v 0.108571 1.063379 -0.060263
v 0.099224 1.079922 -0.039692
v 0.093649 1.089790 -0.013710
v 0.138888 1.077589 -0.060263
v 0.131377 1.095216 -0.039692
v 0.126897 1.105730 -0.013710
v 0.066404 1.061212 0.038747
v 0.078119 1.045431 0.058524
v 0.092917 1.025498 0.070320
v 0.098402 1.081377 0.038747
v 0.108124 1.064170 0.058524
v 0.120404 1.042435 0.070320
v 0.130716 1.096765 0.038747
v 0.138529 1.078432 0.058524
v 0.148396 1.055273 0.070320
v 0.122792 0.985254 0.060263
v 0.134056 0.970081 0.039693
v 0.140774 0.961031 0.013710
v 0.145196 0.998556 0.060263
v 0.154543 0.982012 0.039693
v 0.160118 0.972145 0.013710
v 0.168318 1.008520 0.060263
v 0.175829 0.990893 0.039693
v 0.180310 0.980379 0.013710
v 0.217641 1.000173 -0.038747
v 0.212870 1.019913 -0.058524
v 0.206844 1.044847 -0.070320
v 0.236950 1.003297 -0.038747
v 0.233278 1.023386 -0.058524
v 0.228640 1.048761 -0.070320
v 0.255630 1.005550 -0.038747
v 0.252909 1.025831 -0.058524
v 0.249472 1.051448 -0.070320
v 0.194677 1.095186 -0.060263
v 0.190090 1.114165 -0.039692
v 0.187354 1.125485 -0.013710
v 0.219276 1.099991 -0.060263
v 0.215745 1.119306 -0.039692
v 0.213640 1.130826 -0.013710
v 0.242533 1.103166 -0.060263
v 0.239916 1.122664 -0.039692
v 0.238356 1.134295 -0.013710
v 0.189686 1.115834 0.038747
v 0.194457 1.096094 0.058524
v 0.200484 1.071160 0.070321
v 0.215435 1.121004 0.038747
v 0.219107 1.100915 0.058524
v 0.223745 1.075539 0.070321
v 0.239686 1.124379 0.038747
v 0.242407 1.104098 0.058524
v 0.245845 1.078481 0.070320
v 0.212651 1.020821 0.060263
v 0.217238 1.001842 0.039693
v 0.219974 0.990522 0.013710
v 0.233109 1.024309 0.060263
v 0.236640 1.004995 0.039693
v 0.238745 0.993474 0.013710
v 0.252784 1.026763 0.060263
v 0.255400 1.007265 0.039693
v 0.256960 0.995634 0.013710
v 0.292012 1.009206 -0.038747
v 0.291184 1.029618 -0.058524
v 0.290138 1.055401 -0.070320
v 0.310578 1.010416 -0.038747
v 0.310883 1.030769 -0.058524
v 0.311267 1.056477 -0.070320
v 0.330241 1.010368 -0.038747
v 0.331913 1.030506 -0.058524
v 0.334023 1.055942 -0.070320
v 0.288025 1.107455 -0.060263
v 0.287229 1.127080 -0.039692
v 0.286754 1.138786 -0.013710
v 0.312044 1.108380 -0.060263
v 0.312337 1.127948 -0.039692
v 0.312511 1.139620 -0.013710
v 0.338285 1.107296 -0.060263
v 0.339891 1.126658 -0.039692
v 0.340850 1.138207 -0.013710
v 0.287159 1.128805 0.038747
v 0.287987 1.108393 0.058524
v 0.289034 1.082610 0.070321
v 0.312362 1.129669 0.038747
v 0.312058 1.109316 0.058524
v 0.311673 1.083607 0.070321
v 0.340033 1.128360 0.038747
v 0.338362 1.108222 0.058524
v 0.336251 1.082786 0.070320
v 0.291146 1.030557 0.060263
v 0.291942 1.010932 0.039693
v 0.292417 0.999226 0.013710
v 0.310897 1.031704 0.060263
v 0.310604 1.012136 0.039693
v 0.310429 1.000464 0.013710
v 0.331989 1.031431 0.060263
v 0.330383 1.012070 0.039693
v 0.329424 1.000521 0.013710
v 0.375082 1.003902 -0.038747
v 0.380471 1.022908 -0.058524
v 0.387279 1.046916 -0.070320
v 0.399206 0.996910 -0.038747
v 0.406871 1.014915 -0.058524
v 0.416553 1.037657 -0.070320
v 0.422322 0.987513 -0.038747
v 0.432343 1.004189 -0.058524
v 0.445001 1.025253 -0.070320
v 0.401022 1.095384 -0.060263
v 0.406204 1.113657 -0.039692
v 0.409295 1.124556 -0.013710
v 0.436099 1.083570 -0.060263
v 0.443469 1.100880 -0.039692
v 0.447864 1.111206 -0.013710
v 0.470557 1.067780 -0.060263
v 0.480192 1.083813 -0.039692
v 0.485939 1.093376 -0.013710
v 0.406660 1.115264 0.038747
v 0.401270 1.096257 0.058524
v 0.394463 1.072250 0.070320
v 0.444117 1.102403 0.038747
v 0.436452 1.084398 0.058524
v 0.426770 1.061656 0.070320
v 0.481039 1.085223 0.038747
v 0.471018 1.068546 0.058524
v 0.458360 1.047482 0.070320
v 0.380719 1.023782 0.060263
v 0.375538 1.005508 0.039693
v 0.372447 0.994609 0.013710
v 0.407224 1.015742 0.060263
v 0.399854 0.998432 0.039693
v 0.395459 0.988107 0.013710
v 0.432804 1.004956 0.060263
v 0.423169 0.988923 0.039693
v 0.417422 0.979359 0.013710
v 0.459065 0.961924 -0.038747
v 0.473434 0.974895 -0.058524
v 0.491583 0.991279 -0.070320
v 0.471475 0.945863 -0.038747
v 0.487639 0.956607 -0.058524
v 0.508056 0.970178 -0.070320
v 0.480437 0.927661 -0.038747
v 0.498089 0.936151 -0.058524
v 0.520385 0.946874 -0.070320
v 0.528224 1.024357 -0.060263
v 0.542039 1.036827 -0.039692
v 0.550278 1.044266 -0.013710
v 0.549277 0.997576 -0.060263
v 0.564818 1.007906 -0.039692
v 0.574087 1.014067 -0.013710
v 0.565398 0.968523 -0.060263
v 0.582368 0.976685 -0.039692
v 0.592491 0.981553 -0.013710
v 0.543253 1.037924 0.038747
v 0.528885 1.024953 0.058524
v 0.510736 1.008569 0.070320
v 0.566184 1.008814 0.038747
v 0.550020 0.998070 0.058524
v 0.529603 0.984499 0.070320
v 0.583860 0.977403 0.038747
v 0.566209 0.968913 0.058524
v 0.543913 0.958190 0.070320
v 0.474095 0.975491 0.060263
v 0.460280 0.963020 0.039693
v 0.452040 0.955581 0.013710
v 0.488382 0.957101 0.060263
v 0.472841 0.946771 0.039693
v 0.463571 0.940610 0.013710
v 0.498900 0.936541 0.060263
v 0.481929 0.928379 0.039693
v 0.471807 0.923511 0.013710
v 0.490003 0.884970 -0.038747
v 0.509573 0.889541 -0.058524
v 0.534293 0.895314 -0.070320
v 0.491747 0.860785 -0.038747
v 0.511795 0.863868 -0.058524
v 0.537119 0.867763 -0.070320
v 0.492324 0.835065 -0.038747
v 0.512636 0.836989 -0.058524
v 0.538292 0.839420 -0.070320
v 0.584200 0.906969 -0.060263
v 0.603016 0.911363 -0.039692
v 0.614239 0.913984 -0.013710
v 0.588246 0.875626 -0.060263
v 0.607522 0.878591 -0.039692
v 0.619019 0.880359 -0.013710
v 0.590089 0.844326 -0.060263
v 0.609618 0.846176 -0.039692
v 0.621266 0.847280 -0.013710
v 0.604670 0.911750 0.038747
v 0.585100 0.907179 0.058524
v 0.560380 0.901406 0.070320
v 0.609216 0.878851 0.038747
v 0.589168 0.875768 0.058524
v 0.563844 0.871873 0.070320
v 0.611335 0.846339 0.038747
v 0.591023 0.844415 0.058524
v 0.565367 0.841984 0.070320
v 0.510473 0.889751 0.060263
v 0.491658 0.885357 0.039693
v 0.480434 0.882735 0.013710
v 0.512717 0.864010 0.060263
v 0.493441 0.861045 0.039693
v 0.481944 0.859277 0.013710
v 0.513569 0.837078 0.060263
v 0.494041 0.835228 0.039693
v 0.482392 0.834124 0.013710
v 0.492474 0.780160 -0.038747
v 0.512990 0.780736 -0.058524
v 0.538905 0.781464 -0.070320
v 0.492671 0.751611 -0.038747
v 0.513222 0.751879 -0.058524
v 0.539181 0.752218 -0.070320
v 0.492949 0.722802 -0.038747
v 0.513507 0.722851 -0.058524
v 0.539475 0.722914 -0.070320
v 0.591222 0.782934 -0.060263
v 0.610947 0.783487 -0.039692
v 0.622712 0.783818 -0.013710
v 0.591588 0.752903 -0.060263
v 0.611346 0.753161 -0.039693
v 0.623132 0.753315 -0.013710
v 0.591902 0.723039 -0.060263
v 0.611667 0.723086 -0.039693
v 0.623457 0.723114 -0.013710
v 0.612681 0.783536 0.038747
v 0.592166 0.782960 0.058524
v 0.566251 0.782232 0.070320
v 0.613083 0.753183 0.038747
v 0.592533 0.752915 0.058524
v 0.566574 0.752576 0.070320
v 0.613405 0.723091 0.038747
v 0.592847 0.723041 0.058524
v 0.566879 0.722979 0.070320
v 0.513933 0.780763 0.060263
v 0.494209 0.780209 0.039693
v 0.482443 0.779878 0.013710
v 0.514167 0.751892 0.060263
v 0.494409 0.751634 0.039693
v 0.482623 0.751480 0.013710
v 0.514452 0.722854 0.060263
v 0.494687 0.722806 0.039693
v 0.482897 0.722778 0.013710
v 0.493564 0.665736 -0.038751
v 0.514080 0.665124 -0.058525
v 0.539996 0.664358 -0.070318
v 0.493460 0.637630 -0.038782
v 0.513851 0.636319 -0.058531
v 0.539631 0.634715 -0.070299
v 0.492551 0.609567 -0.038865
v 0.512642 0.607128 -0.058549
v 0.538102 0.604228 -0.070248
v 0.592327 0.662829 -0.060255
v 0.612060 0.662260 -0.039684
v 0.623834 0.661928 -0.013701
v 0.591742 0.631615 -0.060199
v 0.611420 0.630513 -0.039622
v 0.623183 0.629912 -0.013641
v 0.589716 0.598833 -0.060049
v 0.609280 0.597027 -0.039453
v 0.621036 0.596137 -0.013476
v 0.613813 0.662249 0.038751
v 0.593298 0.662861 0.058525
v 0.567381 0.663627 0.070318
v 0.613293 0.630726 0.038782
v 0.592902 0.632037 0.058531
v 0.567122 0.633640 0.070299
v 0.611482 0.597911 0.038865
v 0.591391 0.600350 0.058549
v 0.565931 0.603250 0.070248
v 0.515051 0.665156 0.060255
v 0.495317 0.665725 0.039684
v 0.483544 0.666057 0.013701
v 0.515011 0.636741 0.060199
v 0.495333 0.637842 0.039622
v 0.483570 0.638444 0.013640
v 0.514317 0.608645 0.060049
v 0.494752 0.610451 0.039453
v 0.482996 0.611341 0.013476
v 0.486617 0.552979 -0.039169
v 0.505254 0.546522 -0.058506
v 0.529178 0.539183 -0.069847
v 0.480500 0.525427 -0.038685
v 0.497850 0.516176 -0.057663
v 0.520426 0.505815 -0.068634
v 0.471394 0.499864 -0.036845
v 0.487014 0.487585 -0.055265
v 0.507793 0.473982 -0.065665
v 0.578463 0.526464 -0.059127
v 0.597532 0.522708 -0.038435
v 0.609305 0.521317 -0.012484
v 0.567705 0.488300 -0.057384
v 0.586373 0.483382 -0.036599
v 0.598196 0.481827 -0.010679
v 0.552442 0.451416 -0.053603
v 0.570612 0.445335 -0.032681
v 0.582541 0.443690 -0.006819
v 0.601436 0.527124 0.039432
v 0.582799 0.533581 0.058769
v 0.558875 0.540920 0.070110
v 0.591860 0.490649 0.040789
v 0.574511 0.499901 0.059766
v 0.551935 0.510262 0.070738
v 0.578311 0.455880 0.043944
v 0.562691 0.468159 0.062364
v 0.541912 0.481762 0.072764
v 0.509590 0.553639 0.059390
v 0.490521 0.557395 0.038698
v 0.478748 0.558786 0.012747
v 0.504655 0.527777 0.059488
v 0.485988 0.532694 0.038702
v 0.474165 0.534250 0.012783
v 0.497263 0.504328 0.060702
v 0.479093 0.510409 0.039780
v 0.467164 0.512054 0.013918
v 0.441810 0.459139 -0.026378
v 0.452478 0.441021 -0.042877
v 0.468165 0.421258 -0.051316
v 0.421835 0.444695 -0.017517
v 0.429390 0.424107 -0.032670
v 0.441858 0.401785 -0.039723
v 0.399879 0.433674 -0.006830
v 0.404090 0.411065 -0.020475
v 0.413043 0.386683 -0.025946
v 0.505516 0.389377 -0.036494
v 0.522411 0.381330 -0.015125
v 0.534787 0.379777 0.010519
v 0.474546 0.366182 -0.022908
v 0.490594 0.357446 -0.001187
v 0.503210 0.356067 0.024341
v 0.440460 0.348186 -0.006768
v 0.455423 0.338986 0.015433
v 0.468130 0.337841 0.040910
v 0.536745 0.398766 0.058829
v 0.526076 0.416884 0.075327
v 0.510389 0.436647 0.083766
v 0.509011 0.378087 0.070975
v 0.501457 0.398675 0.086128
v 0.488989 0.420998 0.093181
v 0.477869 0.362446 0.085758
v 0.473658 0.385055 0.099402
v 0.464704 0.409437 0.104873
v 0.473039 0.468528 0.068944
v 0.456144 0.476575 0.047575
v 0.443767 0.478128 0.021931
v 0.456300 0.456601 0.076366
v 0.440252 0.465336 0.054645
v 0.427637 0.466716 0.029117
v 0.437288 0.447935 0.085695
v 0.422325 0.457135 0.063495
v 0.409618 0.458280 0.038017
v 0.354588 0.420225 0.017926
v 0.352017 0.395345 0.007482
v 0.353524 0.368758 0.005510
v 0.332649 0.417879 0.030338
v 0.326767 0.392893 0.021424
v 0.324471 0.366309 0.021196
v 0.311519 0.419118 0.041262
v 0.302352 0.394769 0.033718
v 0.296214 0.368983 0.035083
v 0.368784 0.327515 0.030356
v 0.380588 0.318124 0.054002
v 0.392575 0.317557 0.079777
v 0.333024 0.325420 0.049077
v 0.342781 0.316336 0.073628
v 0.353939 0.316092 0.099745
v 0.297805 0.329688 0.065829
v 0.305330 0.321196 0.091285
v 0.315479 0.321300 0.117800
v 0.409262 0.345428 0.121297
v 0.411833 0.370308 0.131742
v 0.410326 0.396895 0.133714
v 0.373473 0.344454 0.139904
v 0.379354 0.369440 0.148818
v 0.381650 0.396025 0.149046
v 0.337622 0.349330 0.156843
v 0.346790 0.373679 0.164387
v 0.352927 0.399466 0.163022
v 0.395066 0.438138 0.108867
v 0.383262 0.447529 0.085221
v 0.371275 0.448096 0.059446
v 0.373098 0.436913 0.121165
v 0.363341 0.445997 0.096614
v 0.352183 0.446241 0.070497
v 0.351336 0.438760 0.132276
v 0.343811 0.447252 0.106821
v 0.333662 0.447148 0.080306
v 0.272639 0.434326 0.054362
v 0.256892 0.413580 0.048759
v 0.243019 0.391881 0.052440
v 0.255881 0.448198 0.056396
v 0.236993 0.430209 0.051342
v 0.219449 0.411556 0.055702
v 0.241918 0.465462 0.056657
v 0.220220 0.450554 0.051948
v 0.199411 0.435252 0.056747
v 0.230473 0.359650 0.087512
v 0.233401 0.353233 0.114426
v 0.241406 0.354092 0.141669
v 0.200250 0.384350 0.092105
v 0.201046 0.379271 0.119501
v 0.208087 0.380472 0.147016
v 0.174350 0.413422 0.094048
v 0.173299 0.409681 0.121788
v 0.179534 0.411119 0.149513
v 0.268634 0.378858 0.179323
v 0.284381 0.399604 0.184926
v 0.298254 0.421303 0.181245
v 0.237811 0.402471 0.184352
v 0.256699 0.420460 0.189406
v 0.274243 0.439114 0.185046
v 0.211556 0.429856 0.186693
v 0.233254 0.444764 0.191402
v 0.254064 0.460066 0.186603
v 0.310801 0.453534 0.146172
v 0.307873 0.459951 0.119258
v 0.299868 0.459092 0.092015
v 0.293443 0.466319 0.148643
v 0.292647 0.471399 0.121247
v 0.285605 0.470197 0.093732
v 0.279124 0.481896 0.149302
v 0.280175 0.485637 0.121562
v 0.273940 0.484199 0.093838
v 0.225176 0.507655 0.055756
v 0.199525 0.498913 0.051370
v 0.174201 0.490118 0.056596
v 0.222052 0.531583 0.055546
v 0.195304 0.525546 0.051221
v 0.168774 0.519517 0.056529
v 0.221034 0.556898 0.055469
v 0.193610 0.553136 0.051166
v 0.166365 0.549394 0.056504
v 0.141257 0.478137 0.094809
v 0.137843 0.476480 0.122917
v 0.143167 0.477830 0.150881
v 0.133856 0.511440 0.094917
v 0.129926 0.510424 0.123096
v 0.135130 0.511476 0.151107
v 0.130364 0.544434 0.094956
v 0.126203 0.543849 0.123162
v 0.131413 0.544550 0.151191
v 0.178675 0.489399 0.187966
v 0.204326 0.498142 0.192352
v 0.229650 0.506936 0.187126
v 0.171757 0.519602 0.188176
v 0.198506 0.525638 0.192501
v 0.225035 0.531668 0.187193
v 0.168824 0.549665 0.188253
v 0.196248 0.553427 0.192555
v 0.223492 0.557169 0.187218
v 0.262593 0.518917 0.148913
v 0.266008 0.520574 0.120805
v 0.260684 0.519224 0.092841
v 0.259953 0.539745 0.148805
v 0.263883 0.540761 0.120626
v 0.258680 0.539708 0.092615
v 0.259493 0.562129 0.148765
v 0.263655 0.562715 0.120560
v 0.258444 0.562014 0.092531
v 0.221015 0.610271 0.055458
v 0.192973 0.609291 0.051159
v 0.165107 0.608316 0.056501
v 0.220927 0.637799 0.055458
v 0.192767 0.637369 0.051159
v 0.164786 0.636942 0.056501
v 0.220769 0.665655 0.055458
v 0.192566 0.665432 0.051159
v 0.164542 0.665211 0.056501
v 0.128265 0.607028 0.094962
v 0.123991 0.606878 0.123172
v 0.129301 0.607064 0.151203
v 0.127790 0.636377 0.094962
v 0.123499 0.636312 0.123172
v 0.128831 0.636393 0.151203
v 0.127489 0.664918 0.094962
v 0.123191 0.664885 0.123172
v 0.128532 0.664926 0.151203
v 0.167536 0.608401 0.188264
v 0.195579 0.609382 0.192563
v 0.223444 0.610356 0.187221
v 0.167225 0.636979 0.188264
v 0.195384 0.637409 0.192563
v 0.223366 0.637836 0.187221
v 0.166984 0.665230 0.188264
v 0.195187 0.665453 0.192563
v 0.223211 0.665674 0.187221
v 0.260287 0.611644 0.148760
v 0.264560 0.611794 0.120550
v 0.259250 0.611608 0.092519
v 0.260362 0.638401 0.148760
v 0.264653 0.638466 0.120550
v 0.259321 0.638385 0.092519
v 0.260263 0.665966 0.148760
v 0.264562 0.666000 0.120550
v 0.259221 0.665958 0.092519
v 0.220377 0.721798 0.055458
v 0.192168 0.721630 0.051159
v 0.164138 0.721462 0.056501
v 0.220192 0.750453 0.055458
v 0.191983 0.750305 0.051159
v 0.163953 0.750157 0.056501
v 0.220032 0.780170 0.055458
v 0.191823 0.780045 0.051159
v 0.163792 0.779920 0.056501
v 0.127077 0.721240 0.094962
v 0.122778 0.721215 0.123172
v 0.128120 0.721247 0.151203
v 0.126892 0.749962 0.094962
v 0.122593 0.749939 0.123172
v 0.127935 0.749968 0.151202
v 0.126731 0.779755 0.094962
v 0.122432 0.779736 0.123172
v 0.127774 0.779760 0.151202
v 0.166581 0.721477 0.188264
v 0.194790 0.721645 0.192563
v 0.222820 0.721813 0.187221
v 0.166395 0.750170 0.188264
v 0.194605 0.750318 0.192563
v 0.222635 0.750466 0.187221
v 0.166235 0.779931 0.188264
v 0.194444 0.780056 0.192563
v 0.222475 0.780180 0.187221
v 0.259881 0.722034 0.148760
v 0.264180 0.722060 0.120550
v 0.258838 0.722028 0.092519
v 0.259696 0.750661 0.148760
v 0.263995 0.750684 0.120550
v 0.258653 0.750655 0.092519
v 0.259536 0.780345 0.148760
v 0.263835 0.780364 0.120550
v 0.258493 0.780340 0.092519
v 0.219833 0.844744 0.055458
v 0.191623 0.844669 0.051159
v 0.163593 0.844594 0.056501
v 0.219793 0.879606 0.055458
v 0.191584 0.879553 0.051159
v 0.163553 0.879502 0.056501
v 0.219779 0.915535 0.055458
v 0.191569 0.915502 0.051159
v 0.163538 0.915470 0.056501
v 0.126531 0.844495 0.094962
v 0.122232 0.844483 0.123172
v 0.127574 0.844497 0.151202
v 0.126492 0.879433 0.094962
v 0.122193 0.879425 0.123172
v 0.127534 0.879435 0.151202
v 0.126477 0.915428 0.094962
v 0.122178 0.915423 0.123172
v 0.127520 0.915429 0.151202
v 0.166035 0.844600 0.188264
v 0.194245 0.844676 0.192563
v 0.222275 0.844751 0.187221
v 0.165996 0.879506 0.188264
v 0.194205 0.879558 0.192563
v 0.222236 0.879610 0.187221
v 0.165981 0.915473 0.188264
v 0.194191 0.915505 0.192563
v 0.222222 0.915537 0.187221
v 0.259337 0.844850 0.148760
v 0.263636 0.844862 0.120550
v 0.258294 0.844847 0.092519
v 0.259298 0.879679 0.148760
v 0.263597 0.879687 0.120550
v 0.258255 0.879677 0.092519
v 0.259283 0.915580 0.148760
v 0.263582 0.915585 0.120550
v 0.258240 0.915578 0.092519
v 0.219777 0.988560 0.055458
v 0.191567 0.988553 0.051159
v 0.163536 0.988546 0.056501
v 0.219777 1.025124 0.055458
v 0.191567 1.025122 0.051159
v 0.163536 1.025120 0.056501
v 0.219777 1.061691 0.055458
v 0.191567 1.061691 0.051159
v 0.163536 1.061691 0.056501
v 0.126475 0.988536 0.094962
v 0.122176 0.988535 0.123172
v 0.127518 0.988537 0.151202
v 0.126475 1.025117 0.094962
v 0.122176 1.025117 0.123172
v 0.127518 1.025117 0.151202
v 0.126475 1.061690 0.094962
v 0.122176 1.061690 0.123172
v 0.127518 1.061690 0.151202
v 0.165979 0.988546 0.188264
v 0.194189 0.988554 0.192563
v 0.222220 0.988560 0.187221
v 0.165979 1.025120 0.188264
v 0.194189 1.025122 0.192563
v 0.222219 1.025124 0.187221
v 0.165979 1.061691 0.188264
v 0.194189 1.061691 0.192563
v 0.222220 1.061691 0.187221
v 0.259281 0.988570 0.148760
v 0.263580 0.988571 0.120550
v 0.258238 0.988569 0.092519
v 0.259281 1.025127 0.148760
v 0.263580 1.025127 0.120550
v 0.258238 1.025127 0.092519
v 0.259281 1.061692 0.148760
v 0.263580 1.061692 0.120550
v 0.258238 1.061692 0.092519
v 0.219777 1.134829 0.055458
v 0.191567 1.134829 0.051159
v 0.163536 1.134829 0.056501
v 0.219777 1.171398 0.055458
v 0.191567 1.171398 0.051159
v 0.163536 1.171398 0.056501
v 0.219777 1.207967 0.055458
v 0.191567 1.207967 0.051159
v 0.163536 1.207967 0.056501
v 0.126475 1.134829 0.094962
v 0.122176 1.134829 0.123172
v 0.127518 1.134829 0.151202
v 0.126475 1.171398 0.094962
v 0.122176 1.171398 0.123172
v 0.127518 1.171398 0.151202
v 0.126475 1.207967 0.094962
v 0.122176 1.207967 0.123172
v 0.127518 1.207967 0.151202
v 0.165979 1.134829 0.188264
v 0.194189 1.134829 0.192563
v 0.222220 1.134829 0.187221
v 0.165979 1.171398 0.188264
v 0.194189 1.171398 0.192563
v 0.222219 1.171398 0.187221
v 0.165979 1.207967 0.188264
v 0.194189 1.207967 0.192563
v 0.222220 1.207967 0.187221
v 0.259281 1.134829 0.148760
v 0.263580 1.134829 0.120550
v 0.258238 1.134829 0.092519
v 0.259281 1.171398 0.148760
v 0.263580 1.171398 0.120550
v 0.258238 1.171398 0.092519
v 0.259281 1.207967 0.148760
v 0.263580 1.207967 0.120550
v 0.258238 1.207967 0.092519
v 0.219777 1.281092 0.055458
v 0.191567 1.281093 0.051159
v 0.163536 1.281093 0.056501
v 0.219777 1.317576 0.055458
v 0.191567 1.317576 0.051159
v 0.163536 1.317576 0.056501
v 0.219777 1.353914 0.055458
v 0.191567 1.353914 0.051159
v 0.163536 1.353914 0.056501
v 0.126475 1.281092 0.094962
v 0.122176 1.281093 0.123172
v 0.127518 1.281093 0.151202
v 0.126475 1.317576 0.094962
v 0.122176 1.317576 0.123172
v 0.127518 1.317576 0.151202
v 0.126475 1.353914 0.094962
v 0.122176 1.353914 0.123172
v 0.127518 1.353914 0.151202
v 0.165979 1.281092 0.188264
v 0.194189 1.281093 0.192563
v 0.222220 1.281093 0.187221
v 0.165979 1.317576 0.188264
v 0.194189 1.317576 0.192563
v 0.222219 1.317576 0.187221
v 0.165979 1.353914 0.188264
v 0.194189 1.353914 0.192563
v 0.222220 1.353914 0.187221
v 0.259281 1.281092 0.148760
v 0.263580 1.281093 0.120550
v 0.258238 1.281093 0.092519
v 0.259281 1.317576 0.148760
v 0.263580 1.317576 0.120550
v 0.258238 1.317576 0.092519
v 0.259281 1.353914 0.148760
v 0.263580 1.353914 0.120550
v 0.258238 1.353914 0.092519
v 0.219777 1.496998 0.055458
v 0.191567 1.496998 0.051159
v 0.163536 1.496998 0.056501
v 0.126475 1.496998 0.094962
v 0.122176 1.496998 0.123172
v 0.127518 1.496998 0.151202
v 0.165979 1.496998 0.188264
v 0.194189 1.496998 0.192563
v 0.222220 1.496998 0.187221
v 0.259281 1.496998 0.148760
v 0.263580 1.496998 0.120550
v 0.258238 1.496998 0.092519
v 0.219777 1.567809 0.055458
v 0.191567 1.567809 0.051159
v 0.163536 1.567809 0.056501
v 0.219777 1.603209 0.055458
v 0.191567 1.603209 0.051159
v 0.163536 1.603209 0.056501
v 0.219777 1.638608 0.055458
v 0.191567 1.638608 0.051159
v 0.163536 1.638608 0.056501
v 0.126475 1.567809 0.094962
v 0.122176 1.567809 0.123172
v 0.127518 1.567809 0.151202
v 0.126475 1.603209 0.094962
v 0.122176 1.603209 0.123172
v 0.127518 1.603209 0.151202
v 0.126475 1.638608 0.094962
v 0.122176 1.638608 0.123172
v 0.127518 1.638608 0.151202
v 0.165979 1.567809 0.188264
v 0.194189 1.567809 0.192563
v 0.222220 1.567809 0.187221
v 0.165979 1.603209 0.188264
v 0.194189 1.603209 0.192563
v 0.222219 1.603209 0.187221
v 0.165979 1.638608 0.188264
v 0.194189 1.638608 0.192563
v 0.222220 1.638608 0.187221
v 0.259281 1.567809 0.148760
v 0.263580 1.567809 0.120550
v 0.258238 1.567809 0.092519
v 0.259281 1.603209 0.148760
v 0.263580 1.603209 0.120550
v 0.258238 1.603209 0.092519
v 0.259281 1.638608 0.148760
v 0.263580 1.638608 0.120550
v 0.258238 1.638608 0.092519
v 0.219777 1.709348 0.055469
v 0.191567 1.709344 0.051170
v 0.163536 1.709348 0.056511
v 0.219777 1.744330 0.055542
v 0.191567 1.744299 0.051249
v 0.163536 1.744337 0.056584
v 0.219777 1.778598 0.055744
v 0.191567 1.778493 0.051463
v 0.163536 1.778622 0.056782
v 0.126475 1.709383 0.094966
v 0.122176 1.709408 0.123171
v 0.127518 1.709434 0.151198
v 0.126475 1.744614 0.094996
v 0.122176 1.744816 0.123170
v 0.127518 1.745018 0.151165
v 0.126475 1.779555 0.095078
v 0.122176 1.780238 0.123166
v 0.127518 1.780917 0.151076
v 0.165979 1.709467 0.188253
v 0.194189 1.709470 0.192552
v 0.222220 1.709466 0.187211
v 0.165979 1.745283 0.188179
v 0.194189 1.745314 0.192473
v 0.222219 1.745276 0.187138
v 0.165979 1.781815 0.187978
v 0.194189 1.781919 0.192259
v 0.222220 1.781790 0.186940
v 0.259281 1.709431 0.148755
v 0.263580 1.709406 0.120550
v 0.258238 1.709381 0.092524
v 0.259281 1.745000 0.148725
v 0.263580 1.744798 0.120552
v 0.258238 1.744596 0.092557
v 0.259281 1.780858 0.148644
v 0.263580 1.780174 0.120556
v 0.258238 1.779495 0.092646
v 0.219777 1.843491 0.056643
v 0.191567 1.843014 0.052432
v 0.163536 1.843606 0.057664
v 0.219777 1.873008 0.056637
v 0.191567 1.872220 0.052508
v 0.163536 1.873198 0.057638
v 0.219777 1.899590 0.055348
v 0.191567 1.898423 0.051359
v 0.163536 1.899873 0.056316
v 0.126475 1.847869 0.095335
v 0.122176 1.850995 0.122964
v 0.127518 1.854102 0.150418
v 0.126475 1.880239 0.094577
v 0.122176 1.885402 0.121671
v 0.127518 1.890534 0.148592
v 0.126475 1.910312 0.092008
v 0.122176 1.917967 0.118187
v 0.127518 1.925575 0.144199
v 0.165979 1.858209 0.186716
v 0.194189 1.858686 0.190927
v 0.222220 1.858093 0.185695
v 0.165979 1.897318 0.184187
v 0.194189 1.898105 0.188316
v 0.222219 1.897127 0.183185
v 0.165979 1.935634 0.178592
v 0.194189 1.936801 0.182582
v 0.222220 1.935351 0.177624
v 0.259281 1.853831 0.148025
v 0.263580 1.850704 0.120396
v 0.258238 1.847598 0.092942
v 0.259281 1.890086 0.146246
v 0.263580 1.884923 0.119153
v 0.258238 1.879792 0.092231
v 0.259281 1.924913 0.141932
v 0.263580 1.917256 0.115754
v 0.258238 1.909649 0.089741
v 0.219777 1.941178 0.045930
v 0.191567 1.939094 0.042467
v 0.163536 1.941683 0.046770
v 0.219777 1.956082 0.036722
v 0.191567 1.953510 0.033642
v 0.163536 1.956705 0.037469
v 0.219777 1.967848 0.024076
v 0.191567 1.964815 0.021428
v 0.163536 1.968584 0.024718
v 0.126475 1.960326 0.077748
v 0.122176 1.973999 0.100469
v 0.127518 1.987586 0.123045
v 0.126475 1.979718 0.065019
v 0.122176 1.996596 0.085227
v 0.127518 2.013367 0.105306
v 0.126475 1.995714 0.048405
v 0.122176 2.015613 0.065778
v 0.127518 2.035386 0.083041
v 0.165979 2.005549 0.152896
v 0.194189 2.007633 0.156358
v 0.222220 2.005044 0.152056
v 0.165979 2.035542 0.131854
v 0.194189 2.038114 0.134934
v 0.222219 2.034918 0.131107
v 0.165979 2.061530 0.105865
v 0.194189 2.064563 0.108513
v 0.222220 2.060794 0.105223
v 0.259281 1.986402 0.121078
v 0.263580 1.972728 0.098357
v 0.258238 1.959142 0.075780
v 0.259281 2.011905 0.103556
v 0.263580 1.995028 0.083349
v 0.258238 1.978256 0.063270
v 0.259281 2.033664 0.081537
v 0.263580 2.013764 0.064163
v 0.258238 1.993992 0.046900
v 0.219777 1.984476 -0.012652
v 0.191567 1.980747 -0.014389
v 0.163536 1.985381 -0.012231
v 0.219777 1.990081 -0.036660
v 0.191567 1.986135 -0.037963
v 0.163536 1.991039 -0.036344
v 0.219777 1.994034 -0.063957
v 0.191567 1.989940 -0.064869
v 0.163536 1.995026 -0.063736
v 0.126475 2.018749 0.003308
v 0.122176 2.043224 0.014704
v 0.127518 2.067542 0.026028
v 0.126475 2.026343 -0.024683
v 0.122176 2.052236 -0.016131
v 0.127518 2.077966 -0.007633
v 0.126475 2.031650 -0.055577
v 0.122176 2.058511 -0.049592
v 0.127518 2.085202 -0.043646
v 0.165979 2.099695 0.041001
v 0.194189 2.103425 0.042738
v 0.222220 2.098791 0.040580
v 0.165979 2.111985 0.003603
v 0.194189 2.115931 0.004907
v 0.222219 2.111028 0.003287
v 0.165979 2.120492 -0.035784
v 0.194189 2.124586 -0.034872
v 0.222220 2.119499 -0.036005
v 0.259281 2.065423 0.025041
v 0.263580 2.040949 0.013645
v 0.258238 2.016630 0.002321
v 0.259281 2.075724 -0.008373
v 0.263580 2.049830 -0.016926
v 0.258238 2.024100 -0.025424
v 0.259281 2.082876 -0.044164
v 0.263580 2.056015 -0.050149
v 0.258238 2.029323 -0.056095
v 0.219775 1.997398 -0.126892
v 0.191566 1.993151 -0.127217
v 0.163536 1.998427 -0.126796
v 0.219765 1.997277 -0.161803
v 0.191558 1.992997 -0.161902
v 0.163531 1.998310 -0.161642
v 0.219738 1.996437 -0.198552
v 0.191537 1.992141 -0.198407
v 0.163519 1.997466 -0.198126
v 0.126475 2.036422 -0.123808
v 0.122177 2.064289 -0.121623
v 0.127519 2.091979 -0.119454
v 0.126479 2.036580 -0.160126
v 0.122184 2.064650 -0.159063
v 0.127529 2.092543 -0.158027
v 0.126488 2.035840 -0.197306
v 0.122203 2.063991 -0.196872
v 0.127555 2.091965 -0.196511
v 0.165981 2.128591 -0.116595
v 0.194190 2.132838 -0.116270
v 0.222220 2.127561 -0.116691
v 0.165991 2.129424 -0.156727
v 0.194198 2.133704 -0.156627
v 0.222225 2.128390 -0.156888
v 0.166018 2.128957 -0.196263
v 0.194219 2.133253 -0.196408
v 0.222237 2.127928 -0.196689
v 0.259280 2.089567 -0.119679
v 0.263579 2.061700 -0.121864
v 0.258237 2.034010 -0.124033
v 0.259277 2.090120 -0.158404
v 0.263572 2.062050 -0.159467
v 0.258227 2.034157 -0.160502
v 0.259267 2.089553 -0.197509
v 0.263553 2.061403 -0.197943
v 0.258200 2.033429 -0.198304
v 0.219555 1.994093 -0.275988
v 0.191387 1.989775 -0.275110
v 0.163416 1.995080 -0.274101
v 0.219146 1.993292 -0.314742
v 0.191007 1.988954 -0.313356
v 0.163081 1.994233 -0.311667
v 0.218210 1.993175 -0.351469
v 0.190113 1.988807 -0.349516
v 0.162247 1.994042 -0.347019
v 0.126498 2.033436 -0.272321
v 0.122263 2.061590 -0.271777
v 0.127653 2.089575 -0.271556
v 0.126267 2.032529 -0.308418
v 0.122079 2.060658 -0.307272
v 0.127503 2.088625 -0.306654
v 0.125579 2.032237 -0.341903
v 0.121457 2.060320 -0.339937
v 0.126928 2.088254 -0.338733
v 0.166122 2.126605 -0.272309
v 0.194290 2.130923 -0.273187
v 0.222261 2.125618 -0.274196
v 0.165977 2.125657 -0.307535
v 0.194116 2.129995 -0.308921
v 0.222043 2.124716 -0.310610
v 0.165410 2.125283 -0.339593
v 0.193507 2.129651 -0.341547
v 0.221373 2.124416 -0.344043
v 0.259179 2.087262 -0.275976
v 0.263413 2.059108 -0.276520
v 0.258024 2.031124 -0.276741
v 0.258857 2.086420 -0.313859
v 0.263044 2.058291 -0.315004
v 0.257620 2.030324 -0.315623
v 0.258042 2.086222 -0.349160
v 0.262164 2.058139 -0.351126
v 0.256692 2.030204 -0.352329
v 0.213788 1.996475 -0.412564
v 0.185957 1.992032 -0.409485
v 0.158425 1.997087 -0.405267
v 0.209877 2.001568 -0.434257
v 0.183121 1.997260 -0.431038
v 0.156762 2.002023 -0.426122
v 0.205048 2.010626 -0.448885
v 0.180590 2.006890 -0.446147
v 0.156714 2.010947 -0.440758
v 0.122374 2.034724 -0.396109
v 0.118458 2.062500 -0.392346
v 0.124048 2.090161 -0.389793
v 0.122260 2.038072 -0.415612
v 0.118535 2.064742 -0.411422
v 0.124033 2.091259 -0.408301
v 0.126336 2.042707 -0.430287
v 0.123041 2.067056 -0.426439
v 0.128066 2.091104 -0.422836
v 0.162350 2.126979 -0.390452
v 0.190171 2.131432 -0.393579
v 0.217713 2.126368 -0.397749
v 0.160940 2.126714 -0.408849
v 0.187614 2.131104 -0.412451
v 0.214055 2.126259 -0.416984
v 0.160753 2.122489 -0.423262
v 0.184943 2.126493 -0.427252
v 0.209086 2.122168 -0.431389
v 0.253764 2.088731 -0.406907
v 0.257669 2.060965 -0.410718
v 0.252090 2.033294 -0.413223
v 0.248557 2.090210 -0.427494
v 0.252200 2.063622 -0.432067
v 0.246784 2.037023 -0.434805
v 0.239465 2.090407 -0.441859
v 0.242492 2.066327 -0.446960
v 0.237735 2.042011 -0.449310
v 0.096898 0.553581 -0.018579
v 0.096898 0.517844 -0.018579
v 0.096898 0.482085 -0.018579
v -0.018578 0.482097 -0.096898
v -0.018578 0.517886 -0.096898
v -0.018578 0.553679 -0.096898
v 0.018598 0.553647 -0.095392
v 0.053845 0.553617 -0.079390
v 0.081749 0.553594 -0.052562
v -0.096897 0.482105 0.018579
v -0.096897 0.517914 0.018579
v -0.096897 0.553746 0.018579
v -0.095392 0.553744 -0.018598
v -0.079390 0.553731 -0.053845
v -0.052561 0.553708 -0.081749
v 0.018579 0.482093 0.096898
v 0.018579 0.517872 0.096898
v 0.018579 0.553647 0.096898
v -0.018597 0.553679 0.095392
v -0.053844 0.553709 0.079390
v -0.081748 0.553733 0.052562
v 0.095392 0.553582 0.018598
v 0.079390 0.553596 0.053845
v 0.052562 0.553619 0.081749
v 0.096901 0.589217 -0.018579
v -0.018574 0.589406 -0.096898
v -0.096893 0.589534 0.018579
v 0.018583 0.589345 0.096898
v 0.081749 0.482086 -0.052562
v 0.053845 0.482090 -0.079390
v 0.018598 0.482093 -0.095392
v 0.081749 0.517850 -0.052562
v 0.053845 0.517860 -0.079390
v 0.018598 0.517872 -0.095392
v -0.052561 0.482101 -0.081749
v -0.079390 0.482104 -0.053845
v -0.095392 0.482105 -0.018598
v -0.052561 0.517898 -0.081749
v -0.079390 0.517908 -0.053845
v -0.095392 0.517913 -0.018598
v -0.081748 0.482104 0.052562
v -0.053844 0.482101 0.079390
v -0.018597 0.482097 0.095392
v -0.081748 0.517909 0.052562
v -0.053844 0.517898 0.079390
v -0.018597 0.517886 0.095392
v 0.052562 0.482090 0.081749
v 0.079390 0.482087 0.053845
v 0.095393 0.482085 0.018598
v 0.052562 0.517860 0.081749
v 0.079390 0.517851 0.053845
v 0.095392 0.517845 0.018598
v 0.081753 0.589242 -0.052562
v 0.053849 0.589287 -0.079390
v 0.018602 0.589345 -0.095392
v -0.052557 0.589461 -0.081749
v -0.079385 0.589505 -0.053845
v -0.095387 0.589531 -0.018598
v -0.081744 0.589509 0.052562
v -0.053840 0.589463 0.079390
v -0.018593 0.589406 0.095392
v 0.052566 0.589289 0.081749
v 0.079394 0.589246 0.053845
v 0.095396 0.589220 0.018598
v 0.191158 1.463010 0.029066
v 0.154368 1.463010 0.036077
v 0.228182 1.501462 0.034708
v 0.191158 1.501462 0.029066
v 0.154368 1.501462 0.036077
v 0.105726 1.424400 0.086557
v 0.100083 1.424400 0.123581
v 0.107094 1.424400 0.160371
v 0.105726 1.463010 0.086557
v 0.100083 1.463010 0.123581
v 0.107094 1.463010 0.160371
v 0.105726 1.501462 0.086557
v 0.100083 1.501462 0.123581
v 0.107094 1.501462 0.160371
v 0.157574 1.424400 0.209013
v 0.194598 1.424400 0.214656
v 0.231388 1.424400 0.207645
v 0.157574 1.463010 0.209013
v 0.194598 1.463010 0.214656
v 0.231388 1.463010 0.207645
v 0.157574 1.501462 0.209013
v 0.194598 1.501462 0.214656
v 0.231388 1.501462 0.207645
v 0.280030 1.424400 0.157165
v 0.285673 1.424400 0.120141
v 0.278662 1.424400 0.083351
v 0.280030 1.463010 0.157165
v 0.285673 1.463010 0.120141
v 0.278662 1.463010 0.083351
v 0.280030 1.501462 0.157165
v 0.285673 1.501462 0.120141
v 0.278662 1.501462 0.083351
vn 0.0735 -0.9207 0.3834
vn -0.1613 -0.9578 0.2379
vn -0.0000 -1.0000 -0.0000
vn 0.2379 -0.9578 0.1613
vn -0.3834 -0.9207 0.0735
vn -0.2379 -0.9578 -0.1613
vn 0.1613 -0.9578 -0.2379
vn 0.3834 -0.9207 -0.0735
vn -0.0735 -0.9207 -0.3834
vn 0.1388 -0.6757 0.7240
vn -0.1042 -0.7527 0.6501
vn 0.3373 -0.7527 0.5654
vn -0.3497 -0.7822 0.5156
vn -0.5654 -0.7527 0.3373
vn -0.7240 -0.6757 0.1388
vn -0.6501 -0.7527 -0.1042
vn -0.5156 -0.7822 -0.3497
vn -0.3373 -0.7527 -0.5654
vn -0.1388 -0.6757 -0.7240
vn 0.1042 -0.7527 -0.6501
vn 0.3497 -0.7822 -0.5156
vn 0.5654 -0.7527 -0.3373
vn 0.6501 -0.7527 0.1042
vn 0.7240 -0.6757 -0.1388
vn 0.5156 -0.7822 0.3497
vn 0.0097 -0.0222 -0.9997
vn -0.1832 -0.0161 -0.9830
vn -0.1821 0.1782 -0.9670
vn 0.0113 0.1709 -0.9852
vn -0.3621 -0.0123 -0.9320
vn -0.3596 0.1735 -0.9169
vn -0.1698 0.3555 -0.9191
vn 0.0149 0.3498 -0.9367
vn -0.3416 0.3453 -0.8741
vn 0.2616 -0.2843 -0.9224
vn 0.0499 -0.3199 -0.9461
vn 0.3050 -0.0743 -0.9494
vn -0.1684 -0.3232 -0.9312
vn -0.3757 -0.3061 -0.8747
vn -0.5576 -0.2613 -0.7879
vn -0.6030 -0.0563 -0.7958
vn -0.6057 0.1524 -0.7810
vn -0.5784 0.3508 -0.7365
vn -0.5154 0.5283 -0.6747
vn -0.3362 0.5829 -0.7397
vn -0.1379 0.6009 -0.7873
vn 0.0694 0.5892 -0.8050
vn 0.3082 0.3517 -0.8839
vn 0.2716 0.5356 -0.7996
vn 0.3167 0.1437 -0.9376
vn 0.7320 -0.4521 -0.5097
vn 0.4955 -0.4698 -0.7306
vn 0.5502 -0.1980 -0.8112
vn 0.8036 -0.1988 -0.5610
vn 0.2029 -0.4521 -0.8686
vn 0.2239 -0.1987 -0.9541
vn 0.5605 -0.0542 -0.8264
vn 0.8176 -0.0553 -0.5731
vn 0.2301 -0.0553 -0.9716
vn 0.8848 -0.4339 -0.1697
vn -0.1697 -0.4339 -0.8848
vn -0.1845 -0.2000 -0.9623
vn -0.1880 -0.0566 -0.9805
vn -0.1883 -0.0065 -0.9821
vn 0.2311 -0.0064 -0.9729
vn 0.5613 -0.0063 -0.8276
vn 0.8184 -0.0064 -0.5746
vn 0.9805 -0.0566 -0.1880
vn 0.9821 -0.0065 -0.1883
vn 0.9623 -0.2000 -0.1845
vn -0.5097 -0.4521 -0.7320
vn -0.7306 -0.4698 -0.4955
vn -0.8112 -0.1980 -0.5502
vn -0.5609 -0.1988 -0.8036
vn -0.8686 -0.4521 -0.2029
vn -0.9541 -0.1987 -0.2239
vn -0.8264 -0.0542 -0.5605
vn -0.5731 -0.0553 -0.8176
vn -0.9716 -0.0553 -0.2301
vn -0.8848 -0.4339 0.1697
vn -0.9623 -0.2000 0.1845
vn -0.9805 -0.0566 0.1880
vn -0.9821 -0.0065 0.1883
vn -0.9729 -0.0064 -0.2311
vn -0.8276 -0.0063 -0.5613
vn -0.5746 -0.0064 -0.8184
vn -0.7320 -0.4521 0.5097
vn -0.4955 -0.4698 0.7306
vn -0.5502 -0.1980 0.8112
vn -0.8036 -0.1988 0.5610
vn -0.2029 -0.4521 0.8686
vn -0.2239 -0.1987 0.9541
vn -0.5605 -0.0542 0.8264
vn -0.8176 -0.0553 0.5731
vn -0.2301 -0.0553 0.9716
vn 0.1697 -0.4339 0.8848
vn 0.1845 -0.2000 0.9623
vn 0.1880 -0.0566 0.9805
vn 0.1883 -0.0065 0.9821
vn -0.2311 -0.0064 0.9729
vn -0.5613 -0.0063 0.8276
vn -0.8184 -0.0064 0.5746
vn 0.5097 -0.4521 0.7320
vn 0.7306 -0.4698 0.4955
vn 0.8112 -0.1980 0.5502
vn 0.5609 -0.1988 0.8036
vn 0.8686 -0.4521 0.2029
vn 0.9541 -0.1987 0.2239
vn 0.8264 -0.0542 0.5605
vn 0.5731 -0.0553 0.8176
vn 0.9716 -0.0553 0.2301
vn 0.9729 -0.0064 0.2311
vn 0.8276 -0.0063 0.5613
vn 0.5746 -0.0064 0.8184
vn 0.8184 -0.0000 -0.5747
vn 0.5613 -0.0000 -0.8276
vn 0.2312 -0.0000 -0.9729
vn 0.9821 -0.0000 -0.1883
vn -0.1883 -0.0000 -0.9821
vn -0.5747 -0.0000 -0.8184
vn -0.8276 -0.0000 -0.5613
vn -0.9729 -0.0000 -0.2312
vn -0.9821 -0.0000 0.1883
vn -0.8184 -0.0000 0.5747
vn -0.5613 -0.0000 0.8276
vn -0.2312 -0.0000 0.9729
vn 0.1883 -0.0000 0.9821
vn 0.5747 -0.0000 0.8184
vn 0.8276 -0.0000 0.5613
vn 0.9729 -0.0000 0.2312
vn -0.9998 -0.0000 0.0185
vn -0.9282 -0.0000 0.3720
vn -0.9414 -0.0000 -0.3373
vn 0.6939 -0.0000 -0.7201
vn 0.3373 -0.0000 -0.9414
vn -0.3720 -0.0000 -0.9282
vn -0.7201 -0.0000 -0.6939
vn -0.0185 -0.0000 -0.9998
vn -0.0646 -0.9622 0.2646
vn 0.0504 -0.9633 0.2635
vn -0.0620 -0.9622 0.2651
vn 0.1577 -0.9622 0.2220
vn 0.2278 -0.9614 0.1546
vn 0.1554 -0.9622 0.2234
vn -0.1531 0.9615 0.2281
vn -0.2207 0.9624 0.1581
vn -0.2222 0.9625 0.1558
vn 0.2641 0.9632 -0.0503
vn 0.2652 0.9620 0.0643
vn 0.2657 0.9621 0.0616
vn 0.1545 -0.9614 -0.2279
vn 0.0644 -0.9622 -0.2646
vn 0.0617 -0.9622 -0.2651
vn 0.2288 0.9612 0.1541
vn 0.2288 0.9612 0.1540
vn -0.0506 -0.9633 -0.2635
vn -0.1579 -0.9622 -0.2219
vn -0.1556 -0.9622 -0.2234
vn 0.2645 -0.9622 0.0645
vn 0.2634 -0.9634 -0.0505
vn 0.2650 -0.9623 0.0619
vn 0.5746 -0.0000 0.8184
vn 0.2219 -0.9622 -0.1578
vn 0.2233 -0.9623 -0.1555
vn 0.1590 0.9621 0.2214
vn 0.1568 0.9622 0.2229
vn -0.2625 0.9636 0.0506
vn -0.0489 0.9634 -0.2634
vn 0.0660 0.9622 -0.2642
vn 0.0634 0.9622 -0.2647
vn -0.0488 0.9634 -0.2634
vn -0.2279 -0.9613 -0.1545
vn -0.2646 -0.9622 -0.0645
vn -0.2651 -0.9622 -0.0618
vn 0.1558 0.9613 -0.2273
vn 0.8184 -0.0006 -0.5746
vn 0.5614 -0.0004 -0.8275
vn 0.5613 -0.0008 -0.8276
vn 0.8184 -0.0011 -0.5747
vn 0.2314 -0.0002 -0.9729
vn 0.2311 -0.0003 -0.9729
vn 0.5612 -0.0017 -0.8277
vn 0.8183 -0.0025 -0.5747
vn 0.2311 -0.0007 -0.9729
vn 0.2229 0.9621 -0.1573
vn 0.2243 0.9621 -0.1550
vn 0.0521 0.9634 0.2631
vn -0.2636 0.9625 -0.0647
vn -0.2641 0.9625 -0.0620
vn -0.2635 -0.9633 0.0505
vn -0.2220 -0.9622 0.1577
vn -0.2235 -0.9622 0.1555
vn -0.1881 0.0001 -0.9821
vn -0.1884 0.0003 -0.9821
vn -0.1884 0.0006 -0.9821
vn -0.1885 0.0010 -0.9821
vn 0.2311 -0.0012 -0.9729
vn 0.5612 -0.0030 -0.8277
vn 0.8183 -0.0043 -0.5747
vn 0.9821 -0.0029 -0.1883
vn 0.9821 -0.0052 -0.1883
vn 0.9821 -0.0013 -0.1883
vn 0.9821 -0.0007 -0.1883
vn -0.5746 0.0004 -0.8185
vn -0.8276 0.0006 -0.5614
vn -0.8276 0.0011 -0.5613
vn -0.5747 0.0008 -0.8184
vn -0.9729 0.0007 -0.2313
vn -0.9729 0.0013 -0.2312
vn -0.8276 0.0025 -0.5613
vn -0.5747 0.0017 -0.8183
vn -0.9729 0.0029 -0.2312
vn -0.2267 0.9616 -0.1548
vn -0.2267 0.9616 -0.1549
vn -0.1563 0.9624 -0.2222
vn -0.1540 0.9624 -0.2236
vn -0.9821 0.0007 0.1883
vn -0.9821 0.0013 0.1883
vn -0.9821 0.0030 0.1883
vn -0.9821 0.0054 0.1883
vn -0.9729 0.0053 -0.2312
vn -0.8276 0.0045 -0.5612
vn -0.5748 0.0031 -0.8183
vn -0.8183 0.0006 0.5747
vn -0.5612 0.0004 0.8277
vn -0.5613 0.0008 0.8276
vn -0.8184 0.0011 0.5746
vn -0.2311 0.0002 0.9729
vn -0.2313 0.0003 0.9729
vn -0.5614 0.0017 0.8276
vn -0.8184 0.0025 0.5746
vn -0.2313 0.0007 0.9729
vn -0.1546 -0.9613 0.2278
vn -0.0628 0.9623 0.2646
vn -0.0602 0.9623 0.2651
vn 0.1885 -0.0001 0.9821
vn 0.1882 -0.0003 0.9821
vn 0.1881 -0.0006 0.9821
vn 0.1881 -0.0010 0.9821
vn -0.2314 0.0013 0.9729
vn -0.5614 0.0031 0.8275
vn -0.8184 0.0045 0.5746
vn 0.5748 -0.0004 0.8183
vn 0.8276 -0.0006 0.5612
vn 0.8276 -0.0011 0.5613
vn 0.5746 -0.0008 0.8184
vn 0.9729 -0.0007 0.2312
vn 0.9729 -0.0013 0.2312
vn 0.8276 -0.0025 0.5614
vn 0.5746 -0.0017 0.8185
vn 0.9729 -0.0029 0.2312
vn 0.9729 -0.0051 0.2312
vn 0.8276 -0.0044 0.5614
vn 0.5746 -0.0031 0.8185
vn 0.8184 -0.0060 -0.5746
vn 0.5613 -0.0042 -0.8276
vn 0.5615 -0.0049 -0.8274
vn 0.8185 -0.0066 -0.5744
vn 0.2311 -0.0018 -0.9729
vn 0.2313 -0.0021 -0.9729
vn 0.5621 -0.0047 -0.8271
vn 0.8189 -0.0057 -0.5739
vn 0.2316 -0.0022 -0.9728
vn 0.9821 -0.0071 -0.1883
vn -0.1885 0.0016 -0.9821
vn -0.1885 0.0021 -0.9821
vn -0.1887 0.0025 -0.9820
vn -0.1895 0.0036 -0.9819
vn 0.2318 -0.0028 -0.9728
vn 0.5628 -0.0053 -0.8265
vn 0.8195 -0.0056 -0.5730
vn 0.9822 -0.0061 -0.1879
vn 0.9822 -0.0053 -0.1875
vn 0.9821 -0.0076 -0.1882
vn -0.5748 0.0048 -0.8183
vn -0.8277 0.0071 -0.5612
vn -0.8278 0.0098 -0.5610
vn -0.5750 0.0065 -0.8181
vn -0.9729 0.0084 -0.2311
vn -0.9729 0.0119 -0.2310
vn -0.8281 0.0127 -0.5605
vn -0.5754 0.0082 -0.8178
vn -0.9729 0.0155 -0.2308
vn -0.9821 0.0085 0.1882
vn -0.9821 0.0120 0.1881
vn -0.9821 0.0157 0.1879
vn -0.9820 0.0231 0.1875
vn -0.9729 0.0228 -0.2302
vn -0.8286 0.0185 -0.5595
vn -0.5765 0.0117 -0.8170
vn -0.8185 0.0070 0.5745
vn -0.5615 0.0047 0.8275
vn -0.5616 0.0064 0.8274
vn -0.8186 0.0098 0.5743
vn -0.2314 0.0019 0.9729
vn -0.2315 0.0025 0.9728
vn -0.5621 0.0080 0.8271
vn -0.8189 0.0126 0.5739
vn -0.2317 0.0030 0.9728
vn 0.1882 -0.0014 0.9821
vn 0.1883 -0.0017 0.9821
vn 0.1886 -0.0017 0.9821
vn 0.1886 -0.0021 0.9820
vn -0.2325 0.0042 0.9726
vn -0.5631 0.0115 0.8263
vn -0.8194 0.0184 0.5729
vn 0.5746 -0.0043 0.8184
vn 0.8276 -0.0061 0.5613
vn 0.8278 -0.0067 0.5610
vn 0.5749 -0.0050 0.8182
vn 0.9729 -0.0071 0.2312
vn 0.9729 -0.0075 0.2311
vn 0.8281 -0.0059 0.5605
vn 0.5754 -0.0048 0.8178
vn 0.9730 -0.0061 0.2307
vn 0.9731 -0.0053 0.2302
vn 0.8287 -0.0059 0.5596
vn 0.5762 -0.0055 0.8173
vn 0.8197 -0.0189 -0.5724
vn 0.5629 -0.0157 -0.8264
vn 0.5619 -0.0441 -0.8260
vn 0.8185 -0.0578 -0.5716
vn 0.2306 -0.0075 -0.9730
vn 0.2289 -0.0197 -0.9733
vn 0.5581 -0.0896 -0.8249
vn 0.8126 -0.1220 -0.5698
vn 0.2264 -0.0384 -0.9733
vn 0.9821 -0.0199 -0.1872
vn -0.1922 0.0084 -0.9813
vn -0.1944 0.0199 -0.9807
vn -0.1948 0.0372 -0.9801
vn -0.1923 0.0575 -0.9796
vn 0.2228 -0.0614 -0.9729
vn 0.5493 -0.1460 -0.8228
vn 0.7985 -0.2031 -0.5667
vn 0.9725 -0.1401 -0.1861
vn 0.9540 -0.2361 -0.1847
vn 0.9803 -0.0648 -0.1868
vn -0.5784 0.0269 -0.8153
vn -0.8291 0.0413 -0.5576
vn -0.8267 0.0919 -0.5551
vn -0.5787 0.0616 -0.8132
vn -0.9721 0.0504 -0.2291
vn -0.9674 0.1102 -0.2278
vn -0.8175 0.1644 -0.5519
vn -0.5746 0.1123 -0.8107
vn -0.9544 0.1950 -0.2261
vn -0.9811 0.0510 0.1865
vn -0.9763 0.1114 0.1854
vn -0.9630 0.1969 0.1839
vn -0.9386 0.2930 0.1822
vn -0.9304 0.2902 -0.2239
vn -0.7993 0.2468 -0.5479
vn -0.5642 0.1710 -0.8077
vn -0.8201 0.0411 0.5708
vn -0.5649 0.0263 0.8247
vn -0.5652 0.0603 0.8228
vn -0.8178 0.0913 0.5683
vn -0.2349 0.0101 0.9720
vn -0.2367 0.0239 0.9713
vn -0.5612 0.1099 0.8204
vn -0.8088 0.1631 0.5650
vn -0.2366 0.0448 0.9706
vn 0.1869 -0.0059 0.9824
vn 0.1848 -0.0156 0.9827
vn 0.1822 -0.0306 0.9828
vn 0.1791 -0.0489 0.9826
vn -0.2335 0.0693 0.9699
vn -0.5511 0.1672 0.8175
vn -0.7908 0.2446 0.5611
vn 0.5761 -0.0162 0.8172
vn 0.8290 -0.0195 0.5589
vn 0.8278 -0.0591 0.5579
vn 0.5748 -0.0453 0.8170
vn 0.9730 -0.0199 0.2298
vn 0.9712 -0.0646 0.2292
vn 0.8218 -0.1242 0.5560
vn 0.5707 -0.0918 0.8160
vn 0.9636 -0.1393 0.2282
vn 0.9454 -0.2345 0.2264
vn 0.8074 -0.2062 0.5528
vn 0.5616 -0.1495 0.8138
vn 0.7739 -0.2901 -0.5629
vn 0.5339 -0.2060 -0.8200
vn 0.5085 -0.2677 -0.8184
vn 0.7356 -0.3804 -0.5605
vn 0.2169 -0.0858 -0.9724
vn 0.2065 -0.1105 -0.9722
vn 0.4670 -0.3341 -0.8187
vn 0.6753 -0.4790 -0.5608
vn 0.1889 -0.1363 -0.9725
vn 0.9226 -0.3396 -0.1830
vn -0.1871 0.0779 -0.9793
vn -0.1794 0.0987 -0.9788
vn -0.1673 0.1217 -0.9784
vn -0.1478 0.1468 -0.9781
vn 0.1631 -0.1630 -0.9731
vn 0.4045 -0.4043 -0.8203
vn 0.5842 -0.5846 -0.5630
vn 0.8035 -0.5668 -0.1821
vn 0.6946 -0.6957 -0.1831
vn 0.8755 -0.4477 -0.1819
vn -0.5470 0.2301 -0.8049
vn -0.7720 0.3288 -0.5440
vn -0.7342 0.4104 -0.5409
vn -0.5217 0.2894 -0.8026
vn -0.8962 0.3843 -0.2217
vn -0.8506 0.4775 -0.2201
vn -0.6785 0.4984 -0.5397
vn -0.4828 0.3533 -0.8013
vn -0.7857 0.5784 -0.2194
vn -0.9039 0.3877 0.1804
vn -0.8578 0.4817 0.1791
vn -0.7924 0.5834 0.1785
vn -0.6978 0.6936 0.1787
vn -0.6919 0.6877 -0.2196
vn -0.5969 0.5934 -0.5401
vn -0.4242 0.4218 -0.8013
vn -0.7639 0.3257 0.5572
vn -0.5345 0.2250 0.8147
vn -0.5099 0.2829 0.8124
vn -0.7265 0.4063 0.5542
vn -0.2271 0.0943 0.9693
vn -0.2175 0.1195 0.9687
vn -0.4718 0.3453 0.8113
vn -0.6715 0.4934 0.5528
vn -0.2022 0.1471 0.9682
vn 0.1743 -0.0686 0.9823
vn 0.1656 -0.0884 0.9822
vn 0.1509 -0.1089 0.9825
vn 0.1297 -0.1298 0.9830
vn -0.1781 0.1770 0.9680
vn -0.4145 0.4122 0.8113
vn -0.5909 0.5873 0.5531
vn 0.5457 -0.2108 0.8110
vn 0.7824 -0.2941 0.5489
vn 0.7436 -0.3852 0.5464
vn 0.5195 -0.2737 0.8094
vn 0.9144 -0.3371 0.2243
vn 0.8678 -0.4442 0.2230
vn 0.6829 -0.4847 0.5466
vn 0.4771 -0.3414 0.8098
vn 0.7964 -0.5621 0.2231
vn 0.6886 -0.6896 0.2242
vn 0.5910 -0.5913 0.5487
vn 0.4133 -0.4130 0.8116
vn 0.4732 -0.6771 -0.5635
vn 0.3300 -0.4665 -0.8206
vn 0.2589 -0.5090 -0.8209
vn 0.3673 -0.7396 -0.5640
vn 0.1343 -0.1879 -0.9730
vn 0.1068 -0.2058 -0.9727
vn 0.1984 -0.5338 -0.8220
vn 0.2785 -0.7762 -0.5657
vn 0.0830 -0.2167 -0.9727
vn 0.5602 -0.8078 -0.1833
vn -0.1217 0.1669 -0.9784
vn -0.0967 0.1792 -0.9791
vn -0.0756 0.1856 -0.9797
vn -0.0583 0.1887 -0.9803
vn 0.0634 -0.2225 -0.9729
vn 0.1501 -0.5467 -0.8238
vn 0.2091 -0.7958 -0.5683
vn 0.3256 -0.9274 -0.1842
vn 0.2435 -0.9520 -0.1854
vn 0.4320 -0.8830 -0.1835
vn -0.3524 0.4811 -0.8027
vn -0.4983 0.6769 -0.5417
vn -0.4043 0.7351 -0.5442
vn -0.2839 0.5212 -0.8048
vn -0.5793 0.7847 -0.2205
vn -0.4718 0.8533 -0.2219
vn -0.3230 0.7719 -0.5476
vn -0.2248 0.5452 -0.8076
vn -0.3789 0.8980 -0.2237
vn -0.5843 0.7914 0.1794
vn -0.4761 0.8607 0.1805
vn -0.3824 0.9059 0.1820
vn -0.3025 0.9353 0.1837
vn -0.2997 0.9270 -0.2257
vn -0.2541 0.7946 -0.5514
vn -0.1753 0.5589 -0.8105
vn -0.4934 0.6699 0.5548
vn -0.3444 0.4701 0.8127
vn -0.2775 0.5092 0.8147
vn -0.4004 0.7274 0.5573
vn -0.1468 0.2015 0.9684
vn -0.1169 0.2171 0.9691
vn -0.2198 0.5327 0.8173
vn -0.3200 0.7636 0.5608
vn -0.0915 0.2256 0.9699
vn 0.1070 -0.1500 0.9829
vn 0.0854 -0.1650 0.9826
vn 0.0664 -0.1744 0.9824
vn 0.0507 -0.1795 0.9824
vn -0.0706 0.2297 0.9707
vn -0.1714 0.5459 0.8201
vn -0.2518 0.7860 0.5646
vn 0.3373 -0.4766 0.8118
vn 0.4790 -0.6847 0.5493
vn 0.3721 -0.7478 0.5499
vn 0.2647 -0.5202 0.8120
vn 0.5556 -0.8006 0.2245
vn 0.4286 -0.8751 0.2248
vn 0.2825 -0.7847 0.5518
vn 0.2031 -0.5457 0.8130
vn 0.3232 -0.9190 0.2258
vn 0.2418 -0.9433 0.2274
vn 0.2123 -0.8046 0.5546
vn 0.1537 -0.5591 0.8147
vn 0.1552 -0.8061 -0.5710
vn 0.1115 -0.5532 -0.8256
vn 0.0818 -0.5569 -0.8265
vn 0.1148 -0.8118 -0.5726
vn 0.0473 -0.2254 -0.9731
vn 0.0345 -0.2275 -0.9732
vn 0.0634 -0.5592 -0.8266
vn 0.0910 -0.8146 -0.5729
vn 0.0264 -0.2295 -0.9730
vn 0.1808 -0.9657 -0.1866
vn -0.0436 0.1904 -0.9807
vn -0.0312 0.1909 -0.9811
vn -0.0226 0.1901 -0.9815
vn -0.0180 0.1894 -0.9817
vn 0.0226 -0.2308 -0.9727
vn 0.0555 -0.5606 -0.8262
vn 0.0819 -0.8158 -0.5725
vn 0.1081 -0.9763 -0.1875
vn 0.0989 -0.9773 -0.1873
vn 0.1346 -0.9730 -0.1873
vn -0.1322 0.5672 -0.8129
vn -0.1928 0.8095 -0.5546
vn -0.1387 0.8189 -0.5569
vn -0.0950 0.5721 -0.8147
vn -0.2283 0.9466 -0.2275
vn -0.1643 0.9595 -0.2288
vn -0.0994 0.8237 -0.5582
vn -0.0687 0.5741 -0.8159
vn -0.1172 0.9662 -0.2295
vn -0.2305 0.9553 0.1851
vn -0.1659 0.9684 0.1862
vn -0.1184 0.9752 0.1868
vn -0.0909 0.9781 0.1870
vn -0.0901 0.9691 -0.2297
vn -0.0772 0.8258 -0.5586
vn -0.0542 0.5750 -0.8163
vn -0.1911 0.8007 0.5678
vn -0.1293 0.5540 0.8224
vn -0.0929 0.5587 0.8241
vn -0.1374 0.8100 0.5701
vn -0.0528 0.2321 0.9713
vn -0.0379 0.2330 0.9718
vn -0.0671 0.5607 0.8253
vn -0.0984 0.8147 0.5715
vn -0.0275 0.2326 0.9722
vn 0.0379 -0.1821 0.9826
vn 0.0278 -0.1842 0.9825
vn 0.0214 -0.1863 0.9823
vn 0.0184 -0.1877 0.9821
vn -0.0221 0.2322 0.9724
vn -0.0529 0.5617 0.8257
vn -0.0762 0.8168 0.5719
vn 0.1143 -0.5659 0.8165
vn 0.1576 -0.8152 0.5574
vn 0.1165 -0.8209 0.5590
vn 0.0838 -0.5699 0.8174
vn 0.1795 -0.9567 0.2289
vn 0.1336 -0.9640 0.2299
vn 0.0921 -0.8237 0.5594
vn 0.0649 -0.5724 0.8174
vn 0.1071 -0.9672 0.2301
vn 0.0979 -0.9683 0.2299
vn 0.0827 -0.8250 0.5591
vn 0.0568 -0.5738 0.8170
vn 0.0666 -0.8172 -0.5725
vn 0.0433 -0.5613 -0.8265
vn 0.0132 -0.5629 -0.8264
vn 0.0253 -0.8198 -0.5722
vn 0.0168 -0.2299 -0.9731
vn 0.0038 -0.2293 -0.9734
vn -0.0326 -0.5638 -0.8253
vn -0.0395 -0.8204 -0.5704
vn -0.0152 -0.2290 -0.9733
vn 0.0822 -0.9789 -0.1873
vn -0.0123 0.1923 -0.9813
vn -0.0003 0.1956 -0.9807
vn 0.0170 0.1973 -0.9802
vn 0.0361 0.1966 -0.9798
vn -0.0370 -0.2285 -0.9728
vn -0.0859 -0.5618 -0.8228
vn -0.1161 -0.8155 -0.5669
vn -0.0417 -0.9816 -0.1864
vn -0.1325 -0.9738 -0.1848
vn 0.0346 -0.9817 -0.1871
vn -0.0358 0.5783 -0.8151
vn -0.0493 0.8289 -0.5573
vn 0.0049 0.8317 -0.5552
vn 0.0011 0.5819 -0.8132
vn -0.0563 0.9718 -0.2290
vn 0.0080 0.9737 -0.2279
vn 0.0787 0.8299 -0.5523
vn 0.0524 0.5827 -0.8110
vn 0.0946 0.9695 -0.2263
vn -0.0568 0.9808 0.1864
vn 0.0082 0.9826 0.1854
vn 0.0956 0.9782 0.1841
vn 0.1884 0.9650 0.1824
vn 0.1866 0.9565 -0.2242
vn 0.1579 0.8211 -0.5485
vn 0.1084 0.5788 -0.8083
vn -0.0486 0.8199 0.5705
vn -0.0350 0.5648 0.8245
vn 0.0011 0.5683 0.8228
vn 0.0051 0.8228 0.5684
vn -0.0152 0.2349 0.9719
vn -0.0006 0.2380 0.9713
vn 0.0513 0.5691 0.8207
vn 0.0782 0.8211 0.5654
vn 0.0203 0.2396 0.9707
vn 0.0138 -0.1863 0.9824
vn 0.0034 -0.1850 0.9827
vn -0.0118 -0.1843 0.9828
vn -0.0293 -0.1838 0.9825
vn 0.0435 0.2388 0.9701
vn 0.1060 0.5654 0.8180
vn 0.1566 0.8124 0.5617
vn 0.0443 -0.5744 0.8173
vn 0.0670 -0.8264 0.5590
vn 0.0250 -0.8291 0.5585
vn 0.0133 -0.5759 0.8174
vn 0.0813 -0.9698 0.2299
vn 0.0339 -0.9727 0.2295
vn -0.0407 -0.8298 0.5566
vn -0.0336 -0.5766 0.8163
vn -0.0417 -0.9726 0.2285
vn -0.1318 -0.9650 0.2266
vn -0.1183 -0.8247 0.5531
vn -0.0881 -0.5744 0.8138
vn -0.1935 -0.8038 -0.5625
vn -0.1398 -0.5554 -0.8197
vn -0.1952 -0.5421 -0.8173
vn -0.2724 -0.7832 -0.5589
vn -0.0591 -0.2264 -0.9722
vn -0.0819 -0.2208 -0.9719
vn -0.2591 -0.5162 -0.8164
vn -0.3640 -0.7463 -0.5573
vn -0.1076 -0.2090 -0.9720
vn -0.2240 -0.9573 -0.1828
vn 0.0549 0.1941 -0.9795
vn 0.0745 0.1901 -0.9789
vn 0.0970 0.1816 -0.9786
vn 0.1262 0.1686 -0.9776
vn -0.1391 -0.1868 -0.9725
vn -0.3360 -0.4681 -0.8173
vn -0.4772 -0.6786 -0.5584
vn -0.4249 -0.8871 -0.1804
vn -0.5607 -0.8080 -0.1810
vn -0.3169 -0.9310 -0.1811
vn 0.1633 0.5699 -0.8053
vn 0.2348 0.8053 -0.5444
vn 0.3140 0.7805 -0.5406
vn 0.2201 0.5547 -0.8024
vn 0.2754 0.9354 -0.2219
vn 0.3665 0.9041 -0.2199
vn 0.4051 0.7394 -0.5378
vn 0.2858 0.5276 -0.8000
vn 0.4711 0.8546 -0.2184
vn 0.2779 0.9435 0.1806
vn 0.3698 0.9117 0.1790
vn 0.4752 0.8617 0.1777
vn 0.5985 0.7813 0.1770
vn 0.5934 0.7749 -0.2176
vn 0.5118 0.6712 -0.5362
vn 0.3633 0.4803 -0.7983
vn 0.2327 0.7968 0.5576
vn 0.1597 0.5569 0.8151
vn 0.2153 0.5421 0.8123
vn 0.3111 0.7723 0.5539
vn 0.0663 0.2359 0.9695
vn 0.0901 0.2309 0.9688
vn 0.2795 0.5156 0.8099
vn 0.4012 0.7317 0.5510
vn 0.1189 0.2226 0.9676
vn -0.0472 -0.1823 0.9821
vn -0.0655 -0.1774 0.9819
vn -0.0859 -0.1673 0.9822
vn -0.1084 -0.1477 0.9831
vn 0.1520 0.2031 0.9673
vn 0.3552 0.4693 0.8084
vn 0.5069 0.6644 0.5492
vn -0.1432 -0.5677 0.8107
vn -0.1964 -0.8127 0.5486
vn -0.2763 -0.7917 0.5449
vn -0.1997 -0.5539 0.8083
vn -0.2225 -0.9488 0.2241
vn -0.3147 -0.9229 0.2220
vn -0.3689 -0.7543 0.5432
vn -0.2649 -0.5272 0.8074
vn -0.4219 -0.8793 0.2211
vn -0.5565 -0.8008 0.2216
vn -0.4832 -0.6859 0.5441
vn -0.3433 -0.4780 0.8085
vn -0.5995 -0.5720 -0.5599
vn -0.4172 -0.3959 -0.8181
vn -0.4848 -0.3080 -0.8186
vn -0.7024 -0.4386 -0.5607
vn -0.1687 -0.1592 -0.9727
vn -0.1950 -0.1256 -0.9727
vn -0.5300 -0.2176 -0.8196
vn -0.7703 -0.3018 -0.5617
vn -0.2132 -0.0910 -0.9728
vn -0.7102 -0.6802 -0.1818
vn 0.1538 0.1445 -0.9775
vn 0.1748 0.1157 -0.9778
vn 0.1883 0.0861 -0.9783
vn 0.1952 0.0581 -0.9791
vn -0.2236 -0.0591 -0.9729
vn -0.5542 -0.1368 -0.8211
vn -0.8054 -0.1832 -0.5637
vn -0.9191 -0.3492 -0.1824
vn -0.9610 -0.2071 -0.1832
vn -0.8367 -0.5166 -0.1821
vn 0.4398 0.4117 -0.7982
vn 0.6170 0.5762 -0.5360
vn 0.7010 0.4689 -0.5373
vn 0.5004 0.3327 -0.7993
vn 0.7138 0.6658 -0.2175
vn 0.8104 0.5437 -0.2182
vn 0.7609 0.3589 -0.5407
vn 0.5419 0.2515 -0.8019
vn 0.8809 0.4191 -0.2200
vn 0.7198 0.6713 0.1769
vn 0.8172 0.5484 0.1775
vn 0.8883 0.4229 0.1790
vn 0.9367 0.2997 0.1810
vn 0.9287 0.2968 -0.2224
vn 0.7997 0.2516 -0.5452
vn 0.5668 0.1733 -0.8054
vn 0.6109 0.5704 0.5490
vn 0.4299 0.4023 0.8083
vn 0.4890 0.3253 0.8094
vn 0.6938 0.4643 0.5504
vn 0.1852 0.1739 0.9672
vn 0.2109 0.1393 0.9675
vn 0.5295 0.2460 0.8119
vn 0.7529 0.3556 0.5538
vn 0.2275 0.1036 0.9683
vn -0.1340 -0.1264 0.9829
vn -0.1552 -0.0997 0.9828
vn -0.1702 -0.0721 0.9828
vn -0.1792 -0.0468 0.9827
vn 0.2363 0.0698 0.9692
vn 0.5537 0.1696 0.8153
vn 0.7912 0.2496 0.5583
vn -0.4261 -0.4042 0.8093
vn -0.6066 -0.5785 0.5454
vn -0.7102 -0.4442 0.5462
vn -0.4951 -0.3147 0.8098
vn -0.7042 -0.6742 0.2225
vn -0.8292 -0.5125 0.2229
vn -0.7787 -0.3064 0.5475
vn -0.5414 -0.2227 0.8108
vn -0.9109 -0.3470 0.2234
vn -0.9524 -0.2063 0.2245
vn -0.8143 -0.1866 0.5497
vn -0.5663 -0.1402 0.8122
vn -0.8188 -0.0952 -0.5661
vn -0.5637 -0.0743 -0.8226
vn -0.5656 -0.0329 -0.8241
vn -0.8217 -0.0393 -0.5686
vn -0.2289 -0.0335 -0.9729
vn -0.2310 -0.0157 -0.9728
vn -0.5672 -0.0107 -0.8235
vn -0.8211 -0.0105 -0.5707
vn -0.2348 -0.0059 -0.9720
vn -0.9773 -0.1047 -0.1843
vn 0.1956 0.0341 -0.9801
vn 0.1950 0.0173 -0.9807
vn 0.1922 0.0072 -0.9813
vn 0.1897 0.0032 -0.9818
vn -0.2323 -0.0021 -0.9726
vn -0.5636 -0.0034 -0.8260
vn -0.8201 -0.0024 -0.5722
vn -0.9824 -0.0093 -0.1864
vn -0.9823 -0.0012 -0.1872
vn -0.9818 -0.0411 -0.1854
vn 0.5783 0.1054 -0.8090
vn 0.8206 0.1563 -0.5498
vn 0.8286 0.0834 -0.5536
vn 0.5809 0.0548 -0.8121
vn 0.9563 0.1866 -0.2249
vn 0.9687 0.1010 -0.2270
vn 0.8300 0.0374 -0.5566
vn 0.5794 0.0238 -0.8147
vn 0.9724 0.0461 -0.2286
vn 0.9649 0.1886 0.1830
vn 0.9775 0.1022 0.1847
vn 0.9814 0.0467 0.1861
vn 0.9821 0.0221 0.1872
vn 0.9730 0.0218 -0.2299
vn 0.8290 0.0174 -0.5589
vn 0.5770 0.0108 -0.8167
vn 0.8118 0.1552 0.5629
vn 0.5648 0.1032 0.8187
vn 0.5674 0.0537 0.8217
vn 0.8197 0.0830 0.5668
vn 0.2390 0.0423 0.9701
vn 0.2376 0.0208 0.9711
vn 0.5660 0.0233 0.8241
vn 0.8209 0.0373 0.5699
vn 0.2352 0.0086 0.9719
vn -0.1842 -0.0265 0.9825
vn -0.1868 -0.0124 0.9823
vn -0.1853 -0.0041 0.9827
vn -0.1891 -0.0015 0.9820
vn 0.2328 0.0038 0.9725
vn 0.5637 0.0106 0.8259
vn 0.8199 0.0174 0.5723
vn -0.5763 -0.0763 0.8136
vn -0.8279 -0.0974 0.5523
vn -0.8309 -0.0405 0.5550
vn -0.5785 -0.0339 0.8150
vn -0.9685 -0.1045 0.2259
vn -0.9729 -0.0412 0.2275
vn -0.8303 -0.0110 0.5572
vn -0.5780 -0.0079 0.8160
vn -0.9734 -0.0094 0.2288
vn -0.9732 -0.0013 0.2298
vn -0.8293 -0.0027 0.5589
vn -0.5769 -0.0035 0.8168
vn -0.8192 -0.0042 -0.5735
vn -0.5624 -0.0038 -0.8268
vn -0.5618 -0.0050 -0.8273
vn -0.8187 -0.0068 -0.5741
vn -0.2318 -0.0019 -0.9728
vn -0.2315 -0.0022 -0.9728
vn -0.5616 -0.0059 -0.8274
vn -0.8186 -0.0086 -0.5743
vn -0.2314 -0.0024 -0.9729
vn -0.9822 -0.0042 -0.1878
vn 0.1888 0.0024 -0.9820
vn 0.1885 0.0021 -0.9821
vn 0.1884 0.0019 -0.9821
vn 0.1888 0.0013 -0.9820
vn -0.2313 -0.0022 -0.9729
vn -0.5617 -0.0056 -0.8273
vn -0.8187 -0.0088 -0.5742
vn -0.9821 -0.0104 -0.1881
vn -0.9821 -0.0110 -0.1880
vn -0.9821 -0.0079 -0.1881
vn 0.5757 0.0077 -0.8176
vn 0.8283 0.0121 -0.5602
vn 0.8279 0.0098 -0.5608
vn 0.5751 0.0066 -0.8180
vn 0.9729 0.0150 -0.2306
vn 0.9729 0.0119 -0.2309
vn 0.8278 0.0081 -0.5610
vn 0.5750 0.0057 -0.8182
vn 0.9729 0.0095 -0.2310
vn 0.9821 0.0152 0.1878
vn 0.9821 0.0120 0.1881
vn 0.9821 0.0096 0.1882
vn 0.9822 0.0062 0.1880
vn 0.9730 0.0061 -0.2309
vn 0.8280 0.0053 -0.5607
vn 0.5753 0.0039 -0.8179
vn 0.8191 0.0121 0.5736
vn 0.5623 0.0076 0.8269
vn 0.5618 0.0064 0.8273
vn 0.8187 0.0098 0.5742
vn 0.2318 0.0028 0.9728
vn 0.2315 0.0025 0.9728
vn 0.5616 0.0056 0.8274
vn 0.8186 0.0081 0.5743
vn 0.2314 0.0023 0.9729
vn -0.1888 -0.0015 0.9820
vn -0.1885 -0.0017 0.9821
vn -0.1884 -0.0019 0.9821
vn -0.1884 -0.0020 0.9821
vn 0.2316 0.0018 0.9728
vn 0.5619 0.0042 0.8272
vn 0.8188 0.0056 0.5740
vn -0.5758 -0.0039 0.8176
vn -0.8284 -0.0044 0.5601
vn -0.8279 -0.0069 0.5608
vn -0.5751 -0.0051 0.8180
vn -0.9731 -0.0042 0.2305
vn -0.9729 -0.0078 0.2309
vn -0.8278 -0.0087 0.5610
vn -0.5750 -0.0060 0.8182
vn -0.9729 -0.0103 0.2310
vn -0.9729 -0.0110 0.2310
vn -0.8279 -0.0092 0.5608
vn -0.5751 -0.0061 0.8181
vn -0.8191 -0.0023 -0.5737
vn -0.5618 -0.0003 -0.8273
vn -0.5621 0.0137 -0.8269
vn -0.8200 0.0158 -0.5722
vn -0.2305 -0.0000 -0.9731
vn -0.2293 0.0055 -0.9733
vn -0.5624 0.0367 -0.8261
vn -0.8211 0.0462 -0.5689
vn -0.2275 0.0142 -0.9737
vn -0.9823 -0.0048 -0.1873
vn 0.1904 -0.0019 -0.9817
vn 0.1927 -0.0097 -0.9812
vn 0.1954 -0.0219 -0.9805
vn 0.1982 -0.0396 -0.9794
vn -0.2236 0.0220 -0.9744
vn -0.5611 0.0663 -0.8251
vn -0.8207 0.0882 -0.5645
vn -0.9825 0.0450 -0.1809
vn -0.9805 0.0905 -0.1746
vn -0.9826 0.0135 -0.1853
vn 0.5788 -0.0049 -0.8155
vn 0.8284 -0.0072 -0.5600
vn 0.8282 -0.0364 -0.5593
vn 0.5777 -0.0257 -0.8158
vn 0.9729 -0.0082 -0.2309
vn 0.9719 -0.0411 -0.2316
vn 0.8257 -0.0800 -0.5583
vn 0.5782 -0.0574 -0.8139
vn 0.9682 -0.0902 -0.2332
vn 0.9823 -0.0072 0.1870
vn 0.9820 -0.0384 0.1847
vn 0.9798 -0.0854 0.1807
vn 0.9740 -0.1441 0.1749
vn 0.9600 -0.1514 -0.2356
vn 0.8195 -0.1351 -0.5570
vn 0.5765 -0.0986 -0.8111
vn 0.8197 -0.0046 0.5728
vn 0.5630 -0.0021 0.8264
vn 0.5674 -0.0174 0.8232
vn 0.8208 -0.0286 0.5705
vn 0.2325 -0.0008 0.9726
vn 0.2367 -0.0068 0.9716
vn 0.5655 -0.0409 0.8237
vn 0.8212 -0.0653 0.5668
vn 0.2327 -0.0176 0.9724
vn -0.1881 -0.0013 0.9821
vn -0.1865 0.0003 0.9825
vn -0.1873 0.0034 0.9823
vn -0.1930 0.0107 0.9811
vn 0.2307 -0.0279 0.9726
vn 0.5651 -0.0707 0.8220
vn 0.8196 -0.1116 0.5619
vn -0.5753 -0.0033 0.8180
vn -0.8280 -0.0052 0.5607
vn -0.8261 0.0066 0.5635
vn -0.5761 0.0084 0.8174
vn -0.9729 -0.0059 0.2313
vn -0.9726 0.0095 0.2324
vn -0.8280 0.0276 0.5601
vn -0.5777 0.0220 0.8160
vn -0.9714 0.0365 0.2348
vn -0.9681 0.0768 0.2384
vn -0.8267 0.0598 0.5594
vn -0.5801 0.0411 0.8135
vn -0.8157 0.1405 -0.5612
vn -0.5577 0.0933 -0.8248
vn -0.5488 0.1234 -0.8268
vn -0.8016 0.2050 -0.5616
vn -0.2211 0.0209 -0.9750
vn -0.2197 0.0086 -0.9755
vn -0.5356 0.1459 -0.8318
vn -0.7712 0.2836 -0.5700
vn -0.2270 -0.0259 -0.9736
vn -0.9733 0.1551 -0.1691
vn 0.1983 -0.0730 -0.9774
vn 0.1879 -0.1326 -0.9732
vn 0.1559 -0.2205 -0.9629
vn 0.0921 -0.3281 -0.9402
vn -0.2537 -0.0722 -0.9646
vn -0.5233 0.1650 -0.8360
vn -0.7186 0.3705 -0.5885
vn -0.9091 0.3763 -0.1788
vn -0.8212 0.5311 -0.2087
vn -0.9541 0.2480 -0.1680
vn 0.5688 -0.1583 -0.8071
vn 0.8055 -0.2081 -0.5548
vn 0.7761 -0.3098 -0.5493
vn 0.5464 -0.2476 -0.8001
vn 0.9440 -0.2287 -0.2380
vn 0.9133 -0.3313 -0.2367
vn 0.7181 -0.4447 -0.5353
vn 0.4963 -0.3698 -0.7855
vn 0.8561 -0.4647 -0.2262
vn 0.9620 -0.2151 0.1684
vn 0.9380 -0.3047 0.1652
vn 0.8921 -0.4182 0.1708
vn 0.8128 -0.5500 0.1922
vn 0.7588 -0.6205 -0.1980
vn 0.6182 -0.6031 -0.5041
vn 0.4062 -0.5146 -0.7551
vn 0.8145 -0.1647 0.5563
vn 0.5624 -0.1044 0.8202
vn 0.5602 -0.1285 0.8183
vn 0.8019 -0.2261 0.5530
vn 0.2277 -0.0377 0.9730
vn 0.2314 -0.0237 0.9726
vn 0.5534 -0.1547 0.8184
vn 0.7757 -0.2997 0.5554
vn 0.2437 0.0038 0.9698
vn -0.1969 0.0336 0.9798
vn -0.1895 0.0850 0.9782
vn -0.1586 0.1714 0.9724
vn -0.0896 0.2884 0.9533
vn 0.2696 0.0466 0.9618
vn 0.5404 -0.1789 0.8222
vn 0.7284 -0.3832 0.5680
vn -0.5794 0.0847 0.8106
vn -0.8214 0.1157 0.5585
vn -0.8031 0.2125 0.5566
vn -0.5663 0.1661 0.8073
vn -0.9601 0.1406 0.2417
vn -0.9393 0.2429 0.2424
vn -0.7536 0.3632 0.5478
vn -0.5228 0.2963 0.7993
vn -0.8885 0.3955 0.2327
vn -0.7821 0.5904 0.1995
vn -0.6456 0.5622 0.5169
vn -0.4257 0.4707 0.7728
vn -0.6541 0.4460 -0.6109
vn -0.5125 0.1796 -0.8397
vn -0.5060 0.1883 -0.8418
vn -0.5952 0.4939 -0.6338
vn -0.2936 -0.1158 -0.9489
vn -0.3363 -0.1461 -0.9303
vn -0.5053 0.1927 -0.8412
vn -0.5515 0.5184 -0.6535
vn -0.3787 -0.1644 -0.9108
vn -0.7010 0.6675 -0.2511
vn 0.0044 -0.4252 -0.9051
vn -0.0850 -0.4931 -0.8658
vn -0.1686 -0.5366 -0.8268
vn -0.2467 -0.5631 -0.7887
vn -0.4193 -0.1729 -0.8912
vn -0.5085 0.1972 -0.8382
vn -0.5206 0.5311 -0.6685
vn -0.5003 0.7963 -0.3400
vn -0.4384 0.8165 -0.3758
vn -0.5870 0.7530 -0.2973
vn 0.2874 -0.6449 -0.7081
vn 0.4874 -0.7458 -0.4542
vn 0.3559 -0.8468 -0.3954
vn 0.1681 -0.7370 -0.6546
vn 0.6304 -0.7614 -0.1510
vn 0.5003 -0.8608 -0.0937
vn 0.2359 -0.9126 -0.3338
vn 0.0584 -0.7975 -0.6004
vn 0.3819 -0.9236 -0.0321
vn 0.7066 -0.6690 0.2306
vn 0.5978 -0.7519 0.2780
vn 0.4993 -0.8017 0.3285
vn 0.4110 -0.8289 0.3795
vn 0.2746 -0.9611 0.0313
vn 0.1259 -0.9544 -0.2706
vn -0.0431 -0.8367 -0.5460
vn 0.6638 -0.4573 0.5918
vn 0.5240 -0.1972 0.8286
vn 0.5095 -0.2067 0.8353
vn 0.5979 -0.5073 0.6206
vn 0.3073 0.0929 0.9471
vn 0.3504 0.1300 0.9276
vn 0.5000 -0.2108 0.8400
vn 0.5398 -0.5355 0.6495
vn 0.3938 0.1529 0.9064
vn 0.0086 0.4057 0.9140
vn 0.1134 0.4906 0.8639
vn 0.2085 0.5398 0.8156
vn 0.2877 0.5625 0.7751
vn 0.4326 0.1618 0.8869
vn 0.4931 -0.2143 0.8432
vn 0.4888 -0.5503 0.6770
vn -0.2822 0.6384 0.7161
vn -0.4845 0.7472 0.4549
vn -0.3225 0.8667 0.3805
vn -0.1339 0.7519 0.6455
vn -0.6270 0.7660 0.1420
vn -0.4758 0.8763 0.0762
vn -0.1926 0.9303 0.3123
vn -0.0084 0.8145 0.5801
vn -0.3589 0.9333 0.0154
vn -0.2753 0.9607 -0.0358
vn -0.0969 0.9618 0.2559
vn 0.0893 0.8453 0.5268
vn -0.4808 0.5431 -0.6884
vn -0.5020 0.2055 -0.8401
vn -0.4572 0.2157 -0.8628
vn -0.4046 0.5553 -0.7266
vn -0.4509 -0.1737 -0.8755
vn -0.4528 -0.1696 -0.8754
vn -0.3710 0.2117 -0.9042
vn -0.2751 0.5514 -0.7875
vn -0.4280 -0.1717 -0.8873
vn -0.3749 0.8301 -0.4127
vn -0.3169 -0.5775 -0.7524
vn -0.3772 -0.5814 -0.7209
vn -0.4273 -0.5775 -0.6956
vn -0.4691 -0.5666 -0.6774
vn -0.3781 -0.1892 -0.9062
vn -0.2438 0.1748 -0.9540
vn -0.0912 0.5039 -0.8589
vn -0.1270 0.8368 -0.5326
vn 0.0834 0.7868 -0.6115
vn -0.2779 0.8414 -0.4635
vn -0.1419 -0.8600 -0.4901
vn 0.0154 -0.9788 -0.2043
vn -0.1084 -0.9848 -0.1356
vn -0.2449 -0.8671 -0.4338
vn 0.1648 -0.9814 0.0983
vn 0.0354 -0.9849 0.1695
vn -0.2516 -0.9654 -0.0680
vn -0.3553 -0.8540 -0.3800
vn -0.1219 -0.9627 0.2414
vn 0.3177 -0.8429 0.4343
vn 0.1998 -0.8449 0.4961
vn 0.0476 -0.8249 0.5633
vn -0.1328 -0.7684 0.6260
vn -0.3006 -0.9037 0.3050
vn -0.4084 -0.9127 -0.0094
vn -0.4705 -0.8166 -0.3343
vn 0.4293 -0.5599 0.7087
vn 0.4740 -0.2216 0.8522
vn 0.4268 -0.2290 0.8749
vn 0.3422 -0.5641 0.7515
vn 0.4560 0.1584 0.8758
vn 0.4554 0.1531 0.8770
vn 0.3449 -0.2241 0.9115
vn 0.2184 -0.5514 0.8051
vn 0.4231 0.1450 0.8944
vn 0.3497 0.5674 0.7454
vn 0.3963 0.5657 0.7232
vn 0.4274 0.5530 0.7152
vn 0.4479 0.5490 0.7057
vn 0.3687 0.1632 0.9151
vn 0.2323 -0.1929 0.9533
vn 0.0630 -0.5063 0.8601
vn 0.1704 0.8587 0.4833
vn -0.0144 0.9784 0.2061
vn 0.0790 0.9849 0.1542
vn 0.2487 0.8612 0.4432
vn -0.1986 0.9765 -0.0841
vn -0.0980 0.9853 -0.1398
vn 0.1986 0.9751 0.0990
vn 0.3333 0.8515 0.4049
vn 0.0458 0.9777 -0.2051
vn 0.2393 0.9310 -0.2755
vn 0.3504 0.9356 0.0433
vn 0.4294 0.8245 0.3685
vn 0.0944 0.4069 -0.9086
vn -0.1199 0.1097 -0.9867
vn -0.0441 0.0430 -0.9981
vn 0.2245 0.2930 -0.9294
vn -0.3316 -0.2134 -0.9190
vn -0.3160 -0.2271 -0.9212
vn -0.0150 -0.0033 -0.9999
vn 0.2963 0.1900 -0.9360
vn -0.3290 -0.2146 -0.9196
vn 0.3038 0.6743 -0.6731
vn -0.5105 -0.5429 -0.6668
vn -0.5597 -0.5007 -0.6603
vn -0.6165 -0.4305 -0.6592
vn -0.6734 -0.3255 -0.6638
vn -0.3564 -0.1680 -0.9191
vn -0.0146 -0.0191 -0.9997
vn 0.3276 0.1116 -0.9382
vn 0.5901 0.3741 -0.7154
vn 0.6569 0.2322 -0.7173
vn 0.4759 0.5271 -0.7041
vn -0.5802 -0.7551 -0.3052
vn -0.5564 -0.8304 0.0286
vn -0.6813 -0.7306 0.0458
vn -0.6789 -0.6737 -0.2919
vn -0.4692 -0.8123 0.3465
vn -0.6061 -0.7061 0.3662
vn -0.7894 -0.6120 0.0480
vn -0.7697 -0.5678 -0.2918
vn -0.7190 -0.5868 0.3724
vn -0.3040 -0.6794 0.6678
vn -0.4373 -0.5781 0.6889
vn -0.5389 -0.4706 0.6986
vn -0.6179 -0.3522 0.7029
vn -0.8145 -0.4457 0.3715
vn -0.8842 -0.4653 0.0413
vn -0.8515 -0.4296 -0.3006
vn -0.0855 -0.4313 0.8981
vn 0.1245 -0.1379 0.9826
vn 0.0539 -0.0809 0.9953
vn -0.1941 -0.3478 0.9172
vn 0.3185 0.1916 0.9284
vn 0.2992 0.2114 0.9305
vn 0.0169 -0.0387 0.9991
vn -0.2663 -0.2670 0.9262
vn 0.3072 0.2031 0.9297
vn 0.4762 0.5393 0.6945
vn 0.5256 0.5074 0.6828
vn 0.5920 0.4366 0.6775
vn 0.6613 0.3171 0.6798
vn 0.3350 0.1604 0.9285
vn 0.0071 -0.0151 0.9999
vn -0.3129 -0.1908 0.9304
vn 0.5369 0.7745 0.3345
vn 0.5180 0.8553 -0.0062
vn 0.6786 0.7335 -0.0376
vn 0.6527 0.6909 0.3110
vn 0.4489 0.8282 -0.3356
vn 0.6312 0.6812 -0.3709
vn 0.8188 0.5720 -0.0491
vn 0.7684 0.5639 0.3028
vn 0.7712 0.5077 -0.3840
vn 0.8657 0.3227 -0.3826
vn 0.9252 0.3766 -0.0456
vn 0.8686 0.3890 0.3070
vn 0.3400 0.0580 -0.9386
vn -0.0200 -0.0145 -0.9997
vn -0.0189 -0.0069 -0.9998
vn 0.3440 0.0202 -0.9387
vn -0.3770 -0.1050 -0.9203
vn -0.3831 -0.0535 -0.9221
vn -0.0167 -0.0025 -0.9999
vn 0.3432 0.0032 -0.9392
vn -0.3784 -0.0220 -0.9254
vn 0.6903 0.1177 -0.7139
vn -0.7122 -0.2067 -0.6709
vn -0.7269 -0.1099 -0.6779
vn -0.7279 -0.0484 -0.6840
vn -0.7246 -0.0209 -0.6889
vn -0.3776 -0.0108 -0.9259
vn -0.0191 -0.0012 -0.9998
vn 0.3416 -0.0009 -0.9398
vn 0.7016 0.0023 -0.7126
vn 0.6992 -0.0070 -0.7149
vn 0.7012 0.0411 -0.7117
vn -0.9084 -0.2782 -0.3121
vn -0.9518 -0.3052 0.0318
vn -0.9854 -0.1685 0.0238
vn -0.9345 -0.1519 -0.3220
vn -0.8824 -0.2929 0.3683
vn -0.9168 -0.1610 0.3655
vn -0.9968 -0.0770 0.0196
vn -0.9418 -0.0691 -0.3289
vn -0.9280 -0.0720 0.3654
vn -0.6705 -0.2285 0.7058
vn -0.6954 -0.1227 0.7081
vn -0.7010 -0.0522 0.7113
vn -0.6969 -0.0218 0.7169
vn -0.9294 -0.0307 0.3678
vn -0.9992 -0.0342 0.0185
vn -0.9424 -0.0308 -0.3332
vn -0.3382 -0.1194 0.9334
vn 0.0081 -0.0067 0.9999
vn 0.0118 -0.0030 0.9999
vn -0.3473 -0.0612 0.9358
vn 0.3603 0.0968 0.9278
vn 0.3732 0.0427 0.9268
vn 0.0211 -0.0034 0.9998
vn -0.3465 -0.0207 0.9378
vn 0.3742 0.0100 0.9273
vn 0.7087 0.1781 0.6826
vn 0.7259 0.0697 0.6843
vn 0.7274 0.0101 0.6861
vn 0.7252 -0.0067 0.6885
vn 0.3764 -0.0019 0.9264
vn 0.0183 -0.0008 0.9998
vn -0.3419 -0.0082 0.9397
vn 0.9264 0.2052 0.3157
vn 0.9813 0.1892 -0.0341
vn 0.9979 0.0595 -0.0243
vn 0.9436 0.0710 0.3233
vn 0.9139 0.1596 -0.3731
vn 0.9292 0.0502 -0.3662
vn 0.9998 -0.0043 -0.0196
vn 0.9444 0.0020 0.3288
vn 0.9310 -0.0035 -0.3650
vn 0.9301 -0.0144 -0.3671
vn 0.9997 -0.0174 -0.0184
vn 0.9430 -0.0142 0.3325
vn 0.3395 -0.0000 -0.9406
vn -0.0186 -0.0006 -0.9998
vn -0.0186 -0.0004 -0.9998
vn 0.3381 0.0013 -0.9411
vn -0.3741 -0.0052 -0.9274
vn -0.3728 -0.0039 -0.9279
vn -0.0186 -0.0002 -0.9998
vn 0.3376 0.0021 -0.9413
vn -0.3722 -0.0030 -0.9281
vn 0.6964 -0.0029 -0.7176
vn -0.7222 -0.0126 -0.6916
vn -0.7209 -0.0087 -0.6930
vn -0.7203 -0.0062 -0.6936
vn -0.7201 -0.0052 -0.6939
vn -0.3720 -0.0027 -0.9282
vn -0.0185 -0.0001 -0.9998
vn 0.3374 0.0023 -0.9414
vn 0.6941 0.0039 -0.7198
vn 0.6939 0.0048 -0.7201
vn 0.6948 0.0014 -0.7192
vn -0.9419 -0.0186 -0.3355
vn -0.9996 -0.0204 0.0184
vn -0.9997 -0.0135 0.0185
vn -0.9416 -0.0124 -0.3366
vn -0.9289 -0.0182 0.3700
vn -0.9285 -0.0121 0.3712
vn -0.9998 -0.0091 0.0185
vn -0.9414 -0.0085 -0.3371
vn -0.9283 -0.0083 0.3718
vn -0.6960 -0.0119 0.7179
vn -0.6947 -0.0083 0.7192
vn -0.6941 -0.0060 0.7198
vn -0.6939 -0.0050 0.7201
vn -0.9282 -0.0068 0.3720
vn -0.9998 -0.0073 0.0185
vn -0.9414 -0.0069 -0.3373
vn -0.3393 -0.0047 0.9407
vn 0.0187 -0.0004 0.9998
vn 0.0186 -0.0001 0.9998
vn -0.3381 -0.0035 0.9411
vn 0.3743 -0.0002 0.9273
vn 0.3729 0.0014 0.9279
vn 0.0186 0.0001 0.9998
vn -0.3375 -0.0027 0.9413
vn 0.3722 0.0023 0.9281
vn 0.7226 -0.0033 0.6913
vn 0.7210 0.0013 0.6929
vn 0.7203 0.0040 0.6936
vn 0.7201 0.0050 0.6939
vn 0.3720 0.0026 0.9282
vn 0.0185 0.0001 0.9998
vn -0.3374 -0.0024 0.9414
vn 0.9421 -0.0070 0.3351
vn 0.9998 -0.0084 -0.0184
vn 0.9998 0.0002 -0.0185
vn 0.9417 0.0006 0.3366
vn 0.9291 -0.0067 -0.3697
vn 0.9286 0.0006 -0.3712
vn 0.9998 0.0050 -0.0185
vn 0.9414 0.0049 0.3371
vn 0.9283 0.0048 -0.3718
vn 0.9282 0.0063 -0.3720
vn 0.9998 0.0068 -0.0185
vn 0.9414 0.0064 0.3373
vn 0.3373 0.0023 -0.9414
vn -0.0186 -0.0001 -0.9998
vn 0.3373 0.0020 -0.9414
vn -0.3720 -0.0025 -0.9282
vn -0.3721 -0.0022 -0.9282
vn 0.3373 0.0016 -0.9414
vn -0.3721 -0.0017 -0.9282
vn 0.6938 0.0047 -0.7201
vn -0.7201 -0.0049 -0.6939
vn -0.7201 -0.0043 -0.6938
vn -0.7201 -0.0033 -0.6938
vn -0.7201 -0.0022 -0.6938
vn -0.3721 -0.0012 -0.9282
vn 0.3373 0.0011 -0.9414
vn 0.6938 0.0032 -0.7201
vn 0.6938 0.0022 -0.7202
vn 0.6938 0.0041 -0.7201
vn -0.9414 -0.0063 -0.3373
vn -0.9998 -0.0067 0.0185
vn -0.9998 -0.0059 0.0185
vn -0.9414 -0.0056 -0.3373
vn -0.9282 -0.0062 0.3720
vn -0.9282 -0.0055 0.3720
vn -0.9998 -0.0047 0.0185
vn -0.9414 -0.0044 -0.3373
vn -0.9282 -0.0043 0.3720
vn -0.6939 -0.0047 0.7201
vn -0.6939 -0.0041 0.7200
vn -0.6939 -0.0032 0.7200
vn -0.6939 -0.0022 0.7200
vn -0.9282 -0.0029 0.3720
vn -0.9998 -0.0031 0.0185
vn -0.9414 -0.0029 -0.3373
vn -0.3374 -0.0023 0.9414
vn -0.3374 -0.0020 0.9414
vn 0.3720 0.0025 0.9282
vn 0.3720 0.0022 0.9282
vn -0.3374 -0.0016 0.9414
vn 0.3719 0.0017 0.9283
vn 0.7201 0.0049 0.6939
vn 0.7200 0.0043 0.6939
vn 0.7200 0.0033 0.6939
vn 0.7200 0.0022 0.6939
vn 0.3719 0.0012 0.9283
vn -0.3374 -0.0011 0.9414
vn 0.9414 0.0063 0.3374
vn 0.9998 0.0067 -0.0185
vn 0.9998 0.0059 -0.0185
vn 0.9414 0.0056 0.3374
vn 0.9282 0.0055 -0.3720
vn 0.9998 0.0046 -0.0185
vn 0.9414 0.0044 0.3374
vn 0.9282 0.0043 -0.3720
vn 0.9282 0.0029 -0.3720
vn 0.9998 0.0031 -0.0185
vn 0.9414 0.0029 0.3374
vn 0.3373 0.0006 -0.9414
vn -0.0186 -0.0000 -0.9998
vn 0.3373 0.0003 -0.9414
vn -0.3721 -0.0006 -0.9282
vn -0.3721 -0.0003 -0.9282
vn 0.3373 0.0001 -0.9414
vn -0.3720 -0.0001 -0.9282
vn 0.6938 0.0012 -0.7201
vn -0.7201 -0.0012 -0.6938
vn -0.7201 -0.0006 -0.6939
vn -0.7201 -0.0002 -0.6939
vn 0.6939 0.0002 -0.7201
vn 0.6938 0.0005 -0.7201
vn -0.9414 -0.0016 -0.3373
vn -0.9998 -0.0017 0.0185
vn -0.9998 -0.0008 0.0185
vn -0.9414 -0.0007 -0.3373
vn -0.9282 -0.0016 0.3720
vn -0.9282 -0.0007 0.3720
vn -0.9998 -0.0002 0.0185
vn -0.9414 -0.0002 -0.3373
vn -0.9282 -0.0002 0.3720
vn -0.6939 -0.0012 0.7200
vn -0.6939 -0.0005 0.7201
vn -0.6939 -0.0002 0.7201
vn -0.6939 -0.0000 0.7201
vn -0.9414 -0.0000 -0.3374
vn -0.3374 -0.0006 0.9414
vn 0.0185 -0.0000 0.9998
vn -0.3374 -0.0003 0.9414
vn 0.3719 0.0006 0.9283
vn 0.3720 0.0003 0.9282
vn -0.3374 -0.0001 0.9414
vn 0.3720 0.0001 0.9282
vn 0.7200 0.0012 0.6939
vn 0.7201 0.0006 0.6939
vn 0.7201 0.0002 0.6939
vn 0.7201 -0.0000 0.6939
vn 0.3720 -0.0000 0.9282
vn -0.3373 -0.0000 0.9414
vn 0.9414 0.0016 0.3374
vn 0.9998 0.0017 -0.0185
vn 0.9998 0.0008 -0.0185
vn 0.9414 0.0007 0.3374
vn 0.9282 0.0016 -0.3720
vn 0.9282 0.0007 -0.3720
vn 0.9414 0.0002 0.3374
vn 0.9282 0.0002 -0.3720
vn 0.9282 -0.0000 -0.3720
vn 0.9998 -0.0000 -0.0185
vn 0.9414 -0.0000 0.3374
vn 0.3374 -0.0000 -0.9414
vn 0.1342 -0.9811 -0.1393
vn 0.0652 -0.9805 -0.1853
vn 0.0670 -0.9805 -0.1846
vn -0.1388 0.9812 -0.1337
vn -0.0717 0.9807 -0.1821
vn -0.0735 0.9807 -0.1813
vn 0.0717 0.9807 0.1821
vn 0.0037 0.9802 0.1980
vn 0.0735 0.9807 0.1813
vn -0.0037 -0.9801 -0.1987
vn -0.0649 0.9807 0.1847
vn -0.0668 0.9807 0.1839
vn -0.0720 -0.9805 -0.1828
vn -0.0738 -0.9805 -0.1820
vn -0.1342 -0.9811 0.1393
vn -0.0652 -0.9805 0.1853
vn -0.0670 -0.9805 0.1846
vn -0.1337 0.9813 0.1388
vn -0.1821 0.9807 0.0717
vn -0.1813 0.9807 0.0735
vn -0.1393 -0.9811 -0.1342
vn 0.1821 0.9807 -0.0717
vn 0.1980 0.9802 -0.0037
vn 0.1813 0.9807 -0.0735
vn 0.0037 -0.9801 0.1987
vn 0.1847 0.9807 0.0649
vn 0.1839 0.9807 0.0668
vn 0.0720 -0.9805 0.1828
vn 0.0738 -0.9805 0.1820
vn 0.1393 -0.9811 0.1342
vn -0.0037 0.9802 -0.1980
vn 0.1388 0.9812 0.1337
vn 0.0649 0.9807 -0.1847
vn 0.0668 0.9807 -0.1839
vn 0.1853 -0.9805 0.0652
vn 0.1846 -0.9805 0.0670
vn -0.1980 0.9802 0.0037
vn 0.1987 -0.9801 -0.0037
vn 0.1337 0.9813 -0.1388
vn -0.1853 -0.9805 -0.0652
vn -0.1846 -0.9805 -0.0670
vn -0.1847 0.9807 -0.0649
vn -0.1839 0.9807 -0.0668
vn 0.1828 -0.9805 -0.0720
vn 0.1820 -0.9805 -0.0738
vn -0.1987 -0.9801 0.0037
vn -0.1828 -0.9805 0.0720
vn -0.1819 -0.9805 0.0738
vn -0.7201 0.0001 -0.6939
vn -0.3720 0.0001 -0.9282
vn -0.0185 0.0002 -0.9998
vn 0.6939 0.0001 -0.7201
vn -0.6939 0.0001 0.7201
vn 0.7201 0.0001 0.6939
vn 0.0185 0.0002 0.9998
vn -0.3373 0.0001 0.9414
vn 0.3372 0.0011 -0.9414
vn -0.0185 0.0012 -0.9998
vn -0.0185 0.0041 -0.9998
vn 0.3368 0.0036 -0.9416
vn -0.3719 0.0011 -0.9283
vn -0.3714 0.0035 -0.9285
vn -0.0184 0.0091 -0.9998
vn 0.3358 0.0080 -0.9419
vn -0.3703 0.0078 -0.9289
vn 0.6937 0.0007 -0.7203
vn -0.7199 0.0006 -0.6941
vn -0.7194 0.0021 -0.6946
vn -0.7183 0.0046 -0.6957
vn -0.7163 0.0068 -0.6978
vn -0.3683 0.0122 -0.9296
vn -0.0183 0.0144 -0.9997
vn 0.3339 0.0126 -0.9425
vn 0.6920 0.0050 -0.7219
vn 0.6899 0.0074 -0.7239
vn 0.6932 0.0023 -0.7207
vn -0.9413 0.0002 -0.3375
vn -0.9998 0.0001 0.0186
vn -0.9412 0.0007 -0.3379
vn -0.9282 0.0002 0.3722
vn -0.9280 0.0007 0.3726
vn -0.9998 0.0003 0.0186
vn -0.9408 0.0015 -0.3389
vn -0.9276 0.0016 0.3736
vn -0.6937 0.0007 0.7203
vn -0.6932 0.0022 0.7207
vn -0.6922 0.0046 0.7217
vn -0.6901 0.0099 0.7237
vn -0.9268 0.0037 0.3756
vn -0.9998 0.0006 0.0190
vn -0.9402 0.0018 -0.3405
vn -0.3372 0.0011 0.9414
vn 0.0185 0.0012 0.9998
vn 0.0185 0.0039 0.9998
vn -0.3368 0.0035 0.9416
vn 0.3719 0.0010 0.9283
vn 0.3714 0.0034 0.9285
vn 0.0184 0.0082 0.9998
vn -0.3359 0.0073 0.9419
vn 0.3705 0.0071 0.9288
vn 0.7199 0.0006 0.6941
vn 0.7195 0.0020 0.6945
vn 0.7184 0.0043 0.6956
vn 0.7164 0.0093 0.6976
vn 0.3687 0.0147 0.9294
vn 0.0183 0.0168 0.9997
vn -0.3342 0.0151 0.9424
vn 0.9413 0.0002 0.3375
vn 0.9998 -0.0000 -0.0186
vn 0.9998 0.0001 -0.0186
vn 0.9412 0.0006 0.3379
vn 0.9282 0.0002 -0.3722
vn 0.9280 0.0008 -0.3726
vn 0.9998 0.0003 -0.0187
vn 0.9408 0.0014 0.3388
vn 0.9276 0.0017 -0.3737
vn 0.9268 0.0021 -0.3754
vn 0.9998 0.0005 -0.0185
vn 0.9401 0.0033 0.3407
vn 0.3313 0.0066 -0.9435
vn -0.0181 0.0089 -0.9998
vn -0.0179 -0.0223 -0.9996
vn 0.3280 -0.0243 -0.9444
vn -0.3655 0.0061 -0.9308
vn -0.3620 -0.0247 -0.9319
vn -0.0177 -0.0931 -0.9955
vn 0.3249 -0.0929 -0.9412
vn -0.3587 -0.0928 -0.9288
vn 0.6873 -0.0029 -0.7264
vn -0.7113 -0.0000 -0.7029
vn -0.7108 -0.0261 -0.7029
vn -0.7084 -0.0815 -0.7011
vn -0.7082 -0.1769 -0.6835
vn -0.3576 -0.2158 -0.9086
vn -0.0176 -0.2231 -0.9746
vn 0.3238 -0.2172 -0.9209
vn 0.6815 -0.0831 -0.7271
vn 0.6812 -0.1818 -0.7092
vn 0.6841 -0.0261 -0.7289
vn -0.9413 -0.0022 -0.3375
vn -0.9998 -0.0006 0.0181
vn -0.9996 0.0008 0.0287
vn -0.9391 -0.0204 -0.3430
vn -0.9252 0.0107 0.3793
vn -0.9216 0.0346 0.3865
vn -0.9997 0.0054 0.0250
vn -0.9389 -0.0470 -0.3410
vn -0.9208 0.0726 0.3833
vn -0.6864 0.0285 0.7267
vn -0.6819 0.0720 0.7279
vn -0.6770 0.1459 0.7213
vn -0.6721 0.2508 0.6967
vn -0.9184 0.1294 0.3740
vn -0.9996 0.0100 0.0271
vn -0.9393 -0.0944 -0.3299
vn -0.3315 0.0406 0.9426
vn 0.0182 0.0442 0.9989
vn 0.0180 0.1057 0.9942
vn -0.3283 0.0983 0.9395
vn 0.3657 0.0398 0.9299
vn 0.3622 0.0966 0.9271
vn 0.0178 0.2073 0.9781
vn -0.3248 0.1941 0.9257
vn 0.3585 0.1911 0.9138
vn 0.7128 0.0271 0.7008
vn 0.7084 0.0689 0.7024
vn 0.7036 0.1402 0.6966
vn 0.6988 0.2416 0.6733
vn 0.3546 0.3223 0.8777
vn 0.0176 0.3471 0.9377
vn -0.3212 0.3269 0.8888
vn 0.9392 0.0113 0.3431
vn 0.9998 0.0035 -0.0174
vn 1.0000 0.0011 -0.0094
vn 0.9372 0.0279 0.3476
vn 0.9261 0.0024 -0.3773
vn 0.9266 -0.0183 -0.3755
vn 0.9999 -0.0009 -0.0131
vn 0.9349 0.0657 0.3488
vn 0.9249 -0.0512 -0.3766
vn 0.9253 -0.1036 -0.3648
vn 0.9999 -0.0018 -0.0099
vn 0.9328 0.1174 0.3408
vn 0.3247 -0.3990 -0.8575
vn -0.0177 -0.4169 -0.9088
vn -0.0177 -0.6341 -0.7730
vn 0.3252 -0.6002 -0.7307
vn -0.3585 -0.3949 -0.8459
vn -0.3590 -0.5925 -0.7211
vn -0.0177 -0.8084 -0.5884
vn 0.3240 -0.7625 -0.5600
vn -0.3578 -0.7521 -0.5535
vn 0.6822 -0.3187 -0.6581
vn -0.7091 -0.3085 -0.6340
vn -0.7093 -0.4486 -0.5437
vn -0.7081 -0.5635 -0.4255
vn -0.7071 -0.6363 -0.3085
vn -0.3569 -0.8475 -0.3929
vn -0.0176 -0.9101 -0.4141
vn 0.3232 -0.8591 -0.3969
vn 0.6812 -0.5849 -0.4404
vn 0.6801 -0.6603 -0.3185
vn 0.6825 -0.4650 -0.5639
vn -0.9396 -0.1557 -0.3049
vn -0.9995 0.0155 0.0267
vn -0.9995 0.0202 0.0240
vn -0.9395 -0.2187 -0.2638
vn -0.9166 0.1956 0.3487
vn -0.9158 0.2579 0.3080
vn -0.9995 0.0234 0.0198
vn -0.9391 -0.2711 -0.2111
vn -0.9162 0.3090 0.2551
vn -0.6682 0.3691 0.6460
vn -0.6662 0.4793 0.5714
vn -0.6670 0.5717 0.4778
vn -0.6700 0.6416 0.3733
vn -0.9176 0.3455 0.1966
vn -0.9996 0.0249 0.0148
vn -0.9388 -0.3067 -0.1569
vn -0.3181 0.4740 0.8210
vn 0.0174 0.5011 0.8652
vn 0.0173 0.6431 0.7656
vn -0.3165 0.6100 0.7265
vn 0.3513 0.4679 0.8110
vn 0.3495 0.6025 0.7175
vn 0.0173 0.7644 0.6445
vn -0.3171 0.7257 0.6106
vn 0.3502 0.7169 0.6029
vn 0.6950 0.3563 0.6245
vn 0.6930 0.4633 0.5524
vn 0.6938 0.5528 0.4615
vn 0.6968 0.6203 0.3602
vn 0.3527 0.8064 0.4746
vn 0.0174 0.8607 0.5088
vn -0.3194 0.8165 0.4809
vn 0.9313 0.1780 0.3179
vn 1.0000 -0.0030 -0.0078
vn 1.0000 -0.0049 -0.0062
vn 0.9306 0.2351 0.2807
vn 0.9256 -0.1716 -0.3374
vn 0.9255 -0.2417 -0.2917
vn 1.0000 -0.0072 -0.0049
vn 0.9309 0.2818 0.2324
vn 0.9251 -0.3000 -0.2329
vn 0.9247 -0.3392 -0.1728
vn 0.9999 -0.0095 -0.0039
vn 0.9321 0.3149 0.1787
vn 0.3245 -0.9065 -0.2703
vn -0.0177 -0.9596 -0.2809
vn -0.0179 -0.9829 -0.1832
vn 0.3271 -0.9284 -0.1765
vn -0.3583 -0.8944 -0.2678
vn -0.3610 -0.9160 -0.1750
vn -0.0180 -0.9938 -0.1096
vn 0.3299 -0.9380 -0.1059
vn -0.3641 -0.9254 -0.1050
vn 0.6810 -0.6987 -0.2193
vn -0.7079 -0.6735 -0.2127
vn -0.7102 -0.6899 -0.1399
vn -0.7130 -0.6960 -0.0847
vn -0.7156 -0.6972 -0.0427
vn -0.3669 -0.9288 -0.0516
vn -0.0182 -0.9984 -0.0533
vn 0.3326 -0.9416 -0.0519
vn 0.6864 -0.7220 -0.0872
vn 0.6892 -0.7233 -0.0438
vn 0.6834 -0.7156 -0.1441
vn -0.9387 -0.3265 -0.1101
vn -0.9996 0.0246 0.0101
vn -0.9997 0.0237 0.0066
vn -0.9392 -0.3356 -0.0732
vn -0.9196 0.3666 0.1415
vn -0.9215 0.3763 0.0964
vn -0.9998 0.0198 0.0035
vn -0.9398 -0.3392 -0.0419
vn -0.9232 0.3794 0.0614
vn -0.6742 0.6864 0.2728
vn -0.6783 0.7101 0.1886
vn -0.6823 0.7209 0.1218
vn -0.6858 0.7244 0.0698
vn -0.9246 0.3792 0.0374
vn -0.9997 0.0213 0.0076
vn -0.9405 -0.3393 -0.0211
vn -0.3225 0.8777 0.3546
vn 0.0176 0.9264 0.3761
vn 0.0178 0.9646 0.2630
vn -0.3255 0.9126 0.2473
vn 0.3560 0.8666 0.3497
vn 0.3593 0.9008 0.2437
vn 0.0180 0.9849 0.1719
vn -0.3285 0.9306 0.1612
vn 0.3625 0.9183 0.1588
vn 0.7008 0.6631 0.2629
vn 0.7049 0.6856 0.1815
vn 0.7088 0.6956 0.1171
vn 0.7122 0.6987 0.0670
vn 0.3654 0.9263 0.0921
vn 0.0182 0.9948 0.1003
vn -0.3312 0.9389 0.0936
vn 0.9339 0.3338 0.1284
vn 0.9999 -0.0119 -0.0032
vn 0.9999 -0.0137 -0.0023
vn 0.9355 0.3422 0.0874
vn 0.9248 -0.3608 -0.1210
vn 0.9253 -0.3705 -0.0804
vn 0.9998 -0.0181 -0.0011
vn 0.9371 0.3442 0.0587
vn 0.9262 -0.3739 -0.0492
vn 0.9270 -0.3744 -0.0227
vn 0.9998 -0.0174 -0.0056
vn 0.9383 0.3445 0.0287
vn 0.3346 -0.9423 -0.0129
vn -0.0183 -0.9998 -0.0124
vn -0.0183 -0.9997 0.0136
vn 0.3361 -0.9418 0.0120
vn -0.3691 -0.9293 -0.0128
vn -0.3705 -0.9288 0.0121
vn -0.0180 -0.9995 0.0273
vn 0.3370 -0.9412 0.0249
vn -0.3710 -0.9283 0.0255
vn 0.6913 -0.7225 -0.0124
vn -0.7177 -0.6963 -0.0121
vn -0.7168 -0.6973 0.0077
vn -0.7195 -0.6942 0.0186
vn -0.7196 -0.6941 0.0224
vn -0.3707 -0.9283 0.0295
vn -0.0174 -0.9994 0.0308
vn 0.3377 -0.9408 0.0277
vn 0.6933 -0.7205 0.0179
vn 0.6934 -0.7202 0.0199
vn 0.6904 -0.7234 0.0075
vn -0.9415 -0.3369 -0.0075
vn -0.9998 0.0206 -0.0011
vn -0.9998 0.0188 -0.0002
vn -0.9413 -0.3375 -0.0005
vn -0.9260 0.3773 0.0141
vn -0.9269 0.3754 -0.0003
vn -0.9998 0.0198 -0.0011
vn -0.9414 -0.3371 0.0084
vn -0.9274 0.3739 -0.0093
vn -0.6888 0.7244 0.0301
vn -0.6909 0.7229 0.0016
vn -0.6924 0.7214 -0.0162
vn -0.6933 0.7203 -0.0236
vn -0.9277 0.3731 -0.0130
vn -0.9998 0.0197 -0.0014
vn -0.9415 -0.3368 0.0106
vn -0.3335 0.9418 0.0416
vn 0.0183 0.9988 0.0450
vn 0.0183 0.9998 0.0048
vn -0.3353 0.9421 0.0039
vn 0.3679 0.9290 0.0409
vn 0.3697 0.9292 0.0041
vn 0.0180 0.9996 -0.0202
vn -0.3366 0.9414 -0.0197
vn 0.3706 0.9286 -0.0186
vn 0.7151 0.6984 0.0289
vn 0.7173 0.6968 0.0019
vn 0.7162 0.6978 -0.0143
vn 0.7196 0.6941 -0.0208
vn 0.3708 0.9283 -0.0277
vn 0.0175 0.9994 -0.0304
vn -0.3376 0.9408 -0.0295
vn 0.9394 0.3425 0.0128
vn 0.9999 -0.0160 0.0015
vn 0.9998 -0.0174 -0.0000
vn 0.9403 0.3403 -0.0000
vn 0.9276 -0.3734 -0.0103
vn 0.9291 -0.3698 0.0027
vn 0.9998 -0.0184 -0.0002
vn 0.9410 0.3385 -0.0076
vn 0.9280 -0.3725 0.0083
vn 0.9278 -0.3730 0.0090
vn 0.9998 -0.0196 -0.0011
vn 0.9415 0.3369 -0.0109
vn 0.3385 -0.9407 0.0214
vn -0.0163 -0.9995 0.0259
vn -0.0154 -0.9998 0.0130
vn 0.3391 -0.9407 0.0052
vn -0.3699 -0.9287 0.0268
vn -0.3674 -0.9299 0.0188
vn -0.0151 -0.9998 -0.0105
vn 0.3389 -0.9405 -0.0242
vn -0.3656 -0.9308 0.0042
vn 0.6935 -0.7203 0.0131
vn -0.7193 -0.6944 0.0224
vn -0.7176 -0.6961 0.0216
vn -0.7211 -0.6925 0.0212
vn -0.7178 -0.6962 0.0092
vn -0.3697 -0.9288 -0.0261
vn -0.0175 -0.9983 -0.0549
vn 0.3359 -0.9387 -0.0779
vn 0.6924 -0.7206 -0.0356
vn 0.6892 -0.7187 -0.0926
vn 0.6934 -0.7206 -0.0041
vn -0.9416 -0.3366 0.0127
vn -0.9998 0.0202 0.0017
vn -0.9998 0.0177 0.0116
vn -0.9414 -0.3364 0.0223
vn -0.9277 0.3732 -0.0115
vn -0.9275 0.3738 0.0032
vn -0.9993 0.0204 0.0321
vn -0.9409 -0.3372 0.0312
vn -0.9271 0.3737 0.0299
vn -0.6936 0.7201 -0.0207
vn -0.6936 0.7203 -0.0066
vn -0.6930 0.7205 0.0232
vn -0.6912 0.7196 0.0667
vn -0.9256 0.3723 0.0681
vn -0.9981 0.0190 0.0591
vn -0.9401 -0.3384 0.0404
vn -0.3382 0.9407 -0.0274
vn 0.0169 0.9994 -0.0290
vn 0.0133 0.9997 -0.0183
vn -0.3385 0.9409 -0.0143
vn 0.3709 0.9283 -0.0272
vn 0.3666 0.9302 -0.0203
vn 0.0174 0.9998 0.0038
vn -0.3378 0.9411 0.0134
vn 0.3695 0.9292 -0.0066
vn 0.7203 0.6933 -0.0218
vn 0.7209 0.6927 -0.0212
vn 0.7253 0.6882 -0.0194
vn 0.7223 0.6911 -0.0249
vn 0.3740 0.9274 0.0089
vn 0.0198 0.9992 0.0344
vn -0.3355 0.9405 0.0537
vn 0.9415 0.3368 -0.0144
vn 0.9998 -0.0209 -0.0055
vn 0.9997 -0.0192 -0.0166
vn 0.9424 0.3336 -0.0227
vn 0.9275 -0.3739 0.0009
vn 0.9270 -0.3748 -0.0120
vn 0.9990 -0.0233 -0.0377
vn 0.9425 0.3330 -0.0291
vn 0.9260 -0.3754 -0.0399
vn 0.9230 -0.3738 -0.0915
vn 0.9967 -0.0221 -0.0785
vn 0.9411 0.3334 -0.0568
vn 0.3227 -0.9269 -0.1917
vn -0.0303 -0.9870 -0.1580
vn -0.0653 -0.9222 -0.3811
vn 0.2774 -0.8642 -0.4199
vn -0.3813 -0.9173 -0.1150
vn -0.4045 -0.8537 -0.3279
vn -0.1229 -0.6984 -0.7051
vn 0.1687 -0.6657 -0.7269
vn -0.4052 -0.6523 -0.6405
vn 0.6754 -0.7066 -0.2109
vn -0.7253 -0.6859 -0.0586
vn -0.7324 -0.6303 -0.2576
vn -0.6824 -0.4754 -0.5553
vn 0.4683 -0.4979 -0.7300
vn 0.6186 -0.6509 -0.4402
vn -0.9434 -0.3317 -0.0023
vn -0.9991 0.0236 0.0360
vn -0.9892 0.0502 -0.1378
vn -0.9382 -0.2912 -0.1869
vn -0.9251 0.3755 0.0567
vn -0.9152 0.3882 -0.1082
vn -0.8729 0.1041 -0.4767
vn -0.8437 -0.1809 -0.5054
vn -0.8178 0.3807 -0.4317
vn -0.6914 0.7200 0.0602
vn -0.6902 0.7166 -0.1005
vn -0.6367 0.6573 -0.4033
vn -0.3384 0.9399 0.0449
vn 0.0154 0.9998 0.0157
vn -0.0136 0.9880 -0.1542
vn -0.3534 0.9281 -0.1177
vn 0.3672 0.9297 -0.0283
vn 0.3243 0.9227 -0.2082
vn -0.0760 0.8692 -0.4887
vn -0.3534 0.8263 -0.4386
vn 0.2065 0.8280 -0.5213
vn 0.7116 0.6972 -0.0870
vn 0.6535 0.7029 -0.2809
vn 0.4929 0.6547 -0.5731
vn 0.9286 0.3434 -0.1406
vn 0.9840 -0.0111 -0.1777
vn 0.9173 0.0229 -0.3975
vn 0.8629 0.3655 -0.3492
vn 0.9096 -0.3624 -0.2031
vn 0.8453 -0.3180 -0.4293
vn 0.6916 0.0853 -0.7172
vn 0.6574 0.3699 -0.6565
vn 0.6475 -0.2050 -0.7340
vn -0.9821 0.0001 0.1883
vn -0.9729 0.0001 -0.2312
vn -0.8276 0.0001 -0.5613
vn 0.9729 -0.0001 0.2312
vn 0.8183 -0.0001 -0.5747
vn 0.9821 -0.0001 -0.1883
vn 0.5612 -0.0001 -0.8277
vn 0.2310 -0.0000 -0.9729
vn -0.1885 -0.0000 -0.9821
vn -0.5748 0.0001 -0.8183
vn -0.8277 0.0001 -0.5612
vn -0.8184 0.0001 0.5746
vn -0.5614 0.0001 0.8275
vn -0.2314 -0.0000 0.9729
vn 0.1881 -0.0000 0.9822
vn 0.5745 -0.0001 0.8185
vn 0.8276 -0.0001 0.5614
vn 0.9729 -0.0001 0.2313
s 1
f 1045//1 1046//2 1049//3 1048//4
f 1046//2 1047//5 1050//6 1049//3
f 1048//4 1049//3 1052//7 1051//8
f 1049//3 1050//6 1053//9 1052//7
f 4//10 156//11 1045//1 155//12
f 156//11 157//13 1046//2 1045//1
f 157//13 158//14 1047//5 1046//2
f 158//14 3//15 159//16 1047//5
f 1047//5 159//16 160//17 1050//6
f 1050//6 160//17 161//18 1053//9
f 1053//9 161//18 2//19 162//20
f 1052//7 1053//9 162//20 163//21
f 1051//8 1052//7 163//21 164//22
f 153//23 1051//8 164//22 1//24
f 154//25 1048//4 1051//8 153//23
f 155//12 1045//1 1048//4 154//25
f 1054//26 1055//27 1058//28 1057//29
f 1055//27 1056//30 1059//31 1058//28
f 1057//29 1058//28 1061//32 1060//33
f 1058//28 1059//31 1062//34 1061//32
f 81//35 168//36 1054//26 167//37
f 168//36 169//38 1055//27 1054//26
f 169//38 170//39 1056//30 1055//27
f 170//39 82//40 171//41 1056//30
f 1056//30 171//41 172//42 1059//31
f 1059//31 172//42 173//43 1062//34
f 1062//34 173//43 83//44 174//45
f 1061//32 1062//34 174//45 175//46
f 1060//33 1061//32 175//46 176//47
f 165//48 1060//33 176//47 84//49
f 166//50 1057//29 1060//33 165//48
f 167//37 1054//26 1057//29 166//50
f 1063//51 1064//52 1067//53 1066//54
f 1064//52 1065//55 1068//56 1067//53
f 1066//54 1067//53 1070//57 1069//58
f 1067//53 1068//56 1071//59 1070//57
f 1//24 164//22 1063//51 179//60
f 164//22 163//21 1064//52 1063//51
f 163//21 162//20 1065//55 1064//52
f 162//20 2//19 180//61 1065//55
f 1065//55 180//61 181//62 1068//56
f 1068//56 181//62 182//63 1071//59
f 1071//59 182//63 6//64 183//65
f 1070//57 1071//59 183//65 184//66
f 1069//58 1070//57 184//66 185//67
f 177//68 1069//58 185//67 5//69
f 178//70 1066//54 1069//58 177//68
f 179//60 1063//51 1066//54 178//70
f 1072//71 1073//72 1076//73 1075//74
f 1073//72 1074//75 1077//76 1076//73
f 1075//74 1076//73 1079//77 1078//78
f 1076//73 1077//76 1080//79 1079//77
f 2//19 161//18 1072//71 180//61
f 161//18 160//17 1073//72 1072//71
f 160//17 159//16 1074//75 1073//72
f 159//16 3//15 186//80 1074//75
f 1074//75 186//80 187//81 1077//76
f 1077//76 187//81 188//82 1080//79
f 1080//79 188//82 7//83 189//84
f 1079//77 1080//79 189//84 190//85
f 1078//78 1079//77 190//85 191//86
f 182//63 1078//78 191//86 6//64
f 181//62 1075//74 1078//78 182//63
f 180//61 1072//71 1075//74 181//62
f 1081//87 1082//88 1085//89 1084//90
f 1082//88 1083//91 1086//92 1085//89
f 1084//90 1085//89 1088//93 1087//94
f 1085//89 1086//92 1089//95 1088//93
f 3//15 158//14 1081//87 186//80
f 158//14 157//13 1082//88 1081//87
f 157//13 156//11 1083//91 1082//88
f 156//11 4//10 192//96 1083//91
f 1083//91 192//96 193//97 1086//92
f 1086//92 193//97 194//98 1089//95
f 1089//95 194//98 8//99 195//100
f 1088//93 1089//95 195//100 196//101
f 1087//94 1088//93 196//101 197//102
f 188//82 1087//94 197//102 7//83
f 187//81 1084//90 1087//94 188//82
f 186//80 1081//87 1084//90 187//81
f 1090//103 1091//104 1094//105 1093//106
f 1091//104 1092//107 1095//108 1094//105
f 1093//106 1094//105 1097//109 1096//110
f 1094//105 1095//108 1098//111 1097//109
f 4//10 155//12 1090//103 192//96
f 155//12 154//25 1091//104 1090//103
f 154//25 153//23 1092//107 1091//104
f 153//23 1//24 179//60 1092//107
f 1092//107 179//60 178//70 1095//108
f 1095//108 178//70 177//68 1098//111
f 1098//111 177//68 5//69 198//112
f 1097//109 1098//111 198//112 199//113
f 1096//110 1097//109 199//113 200//114
f 194//98 1096//110 200//114 8//99
f 193//97 1093//106 1096//110 194//98
f 192//96 1090//103 1093//106 193//97
f 1099//115 1100//116 1103//116 1102//115
f 1100//116 1101//117 1104//117 1103//116
f 1102//115 1103//116 1106//116 1105//115
f 1103//116 1104//117 1107//117 1106//116
f 5//69 185//67 1099//115 203//118
f 185//67 184//66 1100//116 1099//115
f 184//66 183//65 1101//117 1100//116
f 183//65 6//64 204//119 1101//117
f 1101//117 204//119 205//119 1104//117
f 1104//117 205//119 206//119 1107//117
f 1107//117 206//119 86//119 207//117
f 1106//116 1107//117 207//117 208//116
f 1105//115 1106//116 208//116 209//115
f 201//118 1105//115 209//115 85//118
f 202//118 1102//115 1105//115 201//118
f 203//118 1099//115 1102//115 202//118
f 1108//120 1109//121 1112//121 1111//120
f 1109//121 1110//122 1113//122 1112//121
f 1111//120 1112//121 1115//121 1114//120
f 1112//121 1113//122 1116//122 1115//121
f 6//64 191//86 1108//120 204//119
f 191//86 190//85 1109//121 1108//120
f 190//85 189//84 1110//122 1109//121
f 189//84 7//83 210//123 1110//122
f 1110//122 210//123 211//123 1113//122
f 1113//122 211//123 212//123 1116//122
f 1116//122 212//123 87//123 213//122
f 1115//121 1116//122 213//122 214//121
f 1114//120 1115//121 214//121 215//120
f 206//119 1114//120 215//120 86//119
f 205//119 1111//120 1114//120 206//119
f 204//119 1108//120 1111//120 205//119
f 1117//124 1118//125 1121//125 1120//124
f 1118//125 1119//126 1122//126 1121//125
f 1120//124 1121//125 1124//125 1123//124
f 1121//125 1122//126 1125//126 1124//125
f 7//83 197//102 1117//124 210//123
f 197//102 196//101 1118//125 1117//124
f 196//101 195//100 1119//126 1118//125
f 195//100 8//99 216//127 1119//126
f 1119//126 216//127 217//127 1122//126
f 1122//126 217//127 218//127 1125//126
f 1125//126 218//127 88//127 219//126
f 1124//125 1125//126 219//126 220//125
f 1123//124 1124//125 220//125 221//124
f 212//123 1123//124 221//124 87//123
f 211//123 1120//124 1123//124 212//123
f 210//123 1117//124 1120//124 211//123
f 1126//128 1127//129 1130//129 1129//128
f 1127//129 1128//130 1131//130 1130//129
f 1129//128 1130//129 1133//129 1132//128
f 1130//129 1131//130 1134//130 1133//129
f 8//99 200//114 1126//128 216//127
f 200//114 199//113 1127//129 1126//128
f 199//113 198//112 1128//130 1127//129
f 198//112 5//69 203//118 1128//130
f 1128//130 203//118 202//118 1131//130
f 1131//130 202//118 201//118 1134//130
f 1134//130 201//118 85//118 222//130
f 1133//129 1134//130 222//130 223//129
f 1132//128 1133//129 223//129 224//128
f 218//127 1132//128 224//128 88//127
f 217//127 1129//128 1132//128 218//127
f 216//127 1126//128 1129//128 217//127
f 1135//115 1136//116 1139//116 1138//115
f 1136//116 1137//117 1140//117 1139//116
f 1138//115 1139//116 1142//116 1141//115
f 1139//116 1140//117 1143//117 1142//116
f 85//118 209//115 1135//115 227//118
f 209//115 208//116 1136//116 1135//115
f 208//116 207//117 1137//117 1136//116
f 207//117 86//119 228//119 1137//117
f 1137//117 228//119 229//119 1140//117
f 1140//117 229//119 230//119 1143//117
f 1143//117 230//119 90//119 231//117
f 1142//116 1143//117 231//117 232//116
f 1141//115 1142//116 232//116 233//115
f 225//118 1141//115 233//115 89//118
f 226//118 1138//115 1141//115 225//118
f 227//118 1135//115 1138//115 226//118
f 1144//120 1145//121 1148//121 1147//120
f 1145//121 1146//122 1149//122 1148//121
f 1147//120 1148//121 1151//121 1150//120
f 1148//121 1149//122 1152//122 1151//121
f 86//119 215//120 1144//120 228//119
f 215//120 214//121 1145//121 1144//120
f 214//121 213//122 1146//122 1145//121
f 213//122 87//123 234//123 1146//122
f 1146//122 234//123 235//123 1149//122
f 1149//122 235//123 236//123 1152//122
f 1152//122 236//123 91//123 237//122
f 1151//121 1152//122 237//122 238//121
f 1150//120 1151//121 238//121 239//120
f 230//119 1150//120 239//120 90//119
f 229//119 1147//120 1150//120 230//119
f 228//119 1144//120 1147//120 229//119
f 1153//124 1154//125 1157//125 1156//124
f 1154//125 1155//126 1158//126 1157//125
f 1156//124 1157//125 1160//125 1159//124
f 1157//125 1158//126 1161//126 1160//125
f 87//123 221//124 1153//124 234//123
f 221//124 220//125 1154//125 1153//124
f 220//125 219//126 1155//126 1154//125
f 219//126 88//127 240//127 1155//126
f 1155//126 240//127 241//127 1158//126
f 1158//126 241//127 242//127 1161//126
f 1161//126 242//127 92//127 243//126
f 1160//125 1161//126 243//126 244//125
f 1159//124 1160//125 244//125 245//124
f 236//123 1159//124 245//124 91//123
f 235//123 1156//124 1159//124 236//123
f 234//123 1153//124 1156//124 235//123
f 1162//128 1163//129 1166//129 1165//128
f 1163//129 1164//130 1167//130 1166//129
f 1165//128 1166//129 1169//129 1168//128
f 1166//129 1167//130 1170//130 1169//129
f 88//127 224//128 1162//128 240//127
f 224//128 223//129 1163//129 1162//128
f 223//129 222//130 1164//130 1163//129
f 222//130 85//118 227//118 1164//130
f 1164//130 227//118 226//118 1167//130
f 1167//130 226//118 225//118 1170//130
f 1170//130 225//118 89//118 246//130
f 1169//129 1170//130 246//130 247//129
f 1168//128 1169//129 247//129 248//128
f 242//127 1168//128 248//128 92//127
f 241//127 1165//128 1168//128 242//127
f 240//127 1162//128 1165//128 241//127
f 1171//115 1172//116 1175//116 1174//115
f 1172//116 1173//117 1176//117 1175//116
f 1174//115 1175//116 1178//116 1177//115
f 1175//116 1176//117 1179//117 1178//116
f 89//118 233//115 1171//115 251//118
f 233//115 232//116 1172//116 1171//115
f 232//116 231//117 1173//117 1172//116
f 231//117 90//119 252//119 1173//117
f 1173//117 252//119 253//119 1176//117
f 1176//117 253//119 254//119 1179//117
f 1179//117 254//119 94//119 255//117
f 1178//116 1179//117 255//117 256//116
f 1177//115 1178//116 256//116 257//115
f 249//118 1177//115 257//115 93//118
f 250//118 1174//115 1177//115 249//118
f 251//118 1171//115 1174//115 250//118
f 1180//120 1181//121 1184//121 1183//120
f 1181//121 1182//122 1185//122 1184//121
f 1183//120 1184//121 1187//121 1186//120
f 1184//121 1185//122 1188//122 1187//121
f 90//119 239//120 1180//120 252//119
f 239//120 238//121 1181//121 1180//120
f 238//121 237//122 1182//122 1181//121
f 237//122 91//123 258//123 1182//122
f 1182//122 258//123 259//123 1185//122
f 1185//122 259//123 260//123 1188//122
f 1188//122 260//123 95//123 261//122
f 1187//121 1188//122 261//122 262//121
f 1186//120 1187//121 262//121 263//120
f 254//119 1186//120 263//120 94//119
f 253//119 1183//120 1186//120 254//119
f 252//119 1180//120 1183//120 253//119
f 1189//124 1190//125 1193//125 1192//124
f 1190//125 1191//126 1194//126 1193//125
f 1192//124 1193//125 1196//125 1195//124
f 1193//125 1194//126 1197//126 1196//125
f 91//123 245//124 1189//124 258//123
f 245//124 244//125 1190//125 1189//124
f 244//125 243//126 1191//126 1190//125
f 243//126 92//127 264//127 1191//126
f 1191//126 264//127 265//127 1194//126
f 1194//126 265//127 266//127 1197//126
f 1197//126 266//127 96//127 267//126
f 1196//125 1197//126 267//126 268//125
f 1195//124 1196//125 268//125 269//124
f 260//123 1195//124 269//124 95//123
f 259//123 1192//124 1195//124 260//123
f 258//123 1189//124 1192//124 259//123
f 1198//128 1199//129 1202//129 1201//128
f 1199//129 1200//130 1203//130 1202//129
f 1201//128 1202//129 1205//129 1204//128
f 1202//129 1203//130 1206//130 1205//129
f 92//127 248//128 1198//128 264//127
f 248//128 247//129 1199//129 1198//128
f 247//129 246//130 1200//130 1199//129
f 246//130 89//118 251//118 1200//130
f 1200//130 251//118 250//118 1203//130
f 1203//130 250//118 249//118 1206//130
f 1206//130 249//118 93//118 270//130
f 1205//129 1206//130 270//130 271//129
f 1204//128 1205//129 271//129 272//128
f 266//127 1204//128 272//128 96//127
f 265//127 1201//128 1204//128 266//127
f 264//127 1198//128 1201//128 265//127
f 1207//115 1208//116 1211//116 1210//115
f 1208//116 1209//117 1212//117 1211//116
f 2444//131 2445//132 2448//132 2447//131
f 2443//133 2444//131 2447//131 2446//133
f 93//118 257//115 1207//115 275//118
f 257//115 256//116 1208//116 1207//115
f 256//116 255//117 1209//117 1208//116
f 255//117 94//119 276//119 1209//117
f 1209//117 276//119 277//119 1212//117
f 2441//131 2442//132 2445//132 2444//131
f 2440//133 2441//131 2444//131 2443//133
f 290//134 100//135 97//135 291//134
f 291//134 97//135 2437//135 292//134
f 2436//136 286//137 285//137 2439//136
f 98//136 287//137 286//137 2436//136
f 275//118 1207//115 1210//115 274//118
f 1216//120 1217//121 1220//121 1219//120
f 1217//121 1218//122 1221//122 1220//121
f 1241//136 1242//137 287//137 98//136
f 1240//138 1241//136 98//136 99//138
f 94//119 263//120 1216//120 276//119
f 263//120 262//121 1217//121 1216//120
f 262//121 261//122 1218//122 1217//121
f 261//122 95//123 282//123 1218//122
f 1218//122 282//123 283//123 1221//122
f 1233//135 1240//138 99//138 100//135
f 1232//134 1233//135 100//135 290//134
f 2435//138 2436//136 2439//136 2438//138
f 97//135 2435//138 2438//138 2437//135
f 99//138 98//136 2436//136 2435//138
f 100//135 99//138 2435//138 97//135
f 276//119 1216//120 1219//120 277//119
f 1225//124 1226//125 1229//125 1228//124
f 1226//125 1227//126 1230//126 1229//125
f 1212//139 277//140 2374//140 2401//141
f 1219//142 1220//143 2406//143 2405//144
f 95//123 269//124 1225//124 282//123
f 269//124 268//125 1226//125 1225//124
f 268//125 267//126 1227//126 1226//125
f 267//126 96//127 288//127 1227//126
f 1227//126 288//127 289//127 1230//126
f 1244//145 1243//146 2423//147 2424//145
f 306//148 1254//149 2428//150 2397//148
f 1229//151 1230//152 2413//153 2412//151
f 1254//149 1253//154 2427//155 2428//150
f 289//156 1237//157 2417//158 2386//156
f 1221//159 283//160 2380//160 2407//161
f 282//123 1225//124 1228//124 283//123
f 1234//128 1235//129 1238//129 1237//162
f 1235//129 1236//130 1239//130 1238//129
f 1228//163 1229//151 2412//151 2411//164
f 1253//154 1252//165 2426//166 2427//155
f 96//127 272//128 1234//128 288//127
f 272//128 271//129 1235//129 1234//128
f 271//129 270//130 1236//130 1235//129
f 270//130 93//118 275//118 1236//130
f 1236//130 275//118 274//118 1239//130
f 1243//146 299//167 2395//167 2423//147
f 312//168 1263//169 2431//170 2398//171
f 1238//172 1239//173 2419//174 2418//172
f 1263//169 1262//175 2430//175 2431//170
f 1230//152 289//156 2386//156 2413//153
f 1237//157 1238//172 2418//172 2417//158
f 288//127 1234//128 1237//162 289//127
f 1243//176 1244//177 1247//178 1246//179
f 1244//177 1245//180 1248//181 1247//178
f 1246//179 1247//178 1250//182 1249//183
f 1247//178 1248//181 1251//184 1250//182
f 1262//175 1261//185 2429//186 2430//175
f 1252//165 300//187 2396//187 2426//166
f 299//167 1272//188 2434//189 2395//167
f 274//190 1210//191 2399//192 2373//190
f 1245//180 300//193 301//194 1248//181
f 1248//181 301//194 302//195 1251//184
f 1251//184 302//195 10//196 303//197
f 1250//182 1251//184 303//197 304//198
f 1249//183 1250//182 304//198 305//199
f 297//200 1249//183 305//199 9//201
f 298//202 1246//179 1249//183 297//200
f 299//203 1243//176 1246//179 298//202
f 1252//204 1253//205 1256//206 1255//207
f 1253//205 1254//208 1257//209 1256//206
f 1255//207 1256//206 1259//210 1258//211
f 1256//206 1257//209 1260//212 1259//210
f 1272//188 1271//213 2433//214 2434//189
f 1239//173 274//190 2373//190 2419//174
f 1271//213 1270//215 2432//216 2433//214
f 1261//185 306//148 2397//148 2429//186
f 1254//208 306//217 307//218 1257//209
f 1257//209 307//218 308//219 1260//212
f 1260//212 308//219 11//220 309//221
f 1259//210 1260//212 309//221 310//222
f 1258//211 1259//210 310//222 311//223
f 302//195 1258//211 311//223 10//196
f 301//194 1255//207 1258//211 302//195
f 300//193 1252//204 1255//207 301//194
f 1261//224 1262//225 1265//226 1264//227
f 1262//225 1263//228 1266//229 1265//226
f 1264//227 1265//226 1268//230 1267//231
f 1265//226 1266//229 1269//232 1268//230
f 1210//191 1211//233 2400//233 2399//192
f 1211//233 1212//139 2401//141 2400//233
f 277//140 1219//142 2405//144 2374//140
f 300//187 1245//234 2425//235 2396//187
f 1263//228 312//236 313//237 1266//229
f 1266//229 313//237 314//238 1269//232
f 1269//232 314//238 12//239 315//240
f 1268//230 1269//232 315//240 316//241
f 1267//231 1268//230 316//241 317//242
f 308//219 1267//231 317//242 11//220
f 307//218 1264//227 1267//231 308//219
f 306//217 1261//224 1264//227 307//218
f 1270//243 1271//244 1274//245 1273//246
f 1271//244 1272//247 1275//248 1274//245
f 1273//246 1274//245 1277//249 1276//250
f 1274//245 1275//248 1278//251 1277//249
f 1270//215 312//168 2398//171 2432//216
f 1220//143 1221//159 2407//161 2406//143
f 1245//234 1244//145 2424//145 2425//235
f 283//160 1228//163 2411//164 2380//160
f 1272//247 299//203 298//202 1275//248
f 1275//248 298//202 297//200 1278//251
f 1278//251 297//200 9//201 318//252
f 1277//249 1278//251 318//252 319//253
f 1276//250 1277//249 319//253 320//254
f 314//238 1276//250 320//254 12//239
f 313//237 1273//246 1276//250 314//238
f 312//236 1270//243 1273//246 313//237
f 1279//255 1280//256 1283//257 1282//258
f 1280//256 1281//259 1284//260 1283//257
f 1282//258 1283//257 1286//261 1285//262
f 1283//257 1284//260 1287//263 1286//261
f 9//201 305//199 1279//255 323//264
f 305//199 304//198 1280//256 1279//255
f 304//198 303//197 1281//259 1280//256
f 303//197 10//196 324//265 1281//259
f 1281//259 324//265 325//266 1284//260
f 1284//260 325//266 326//267 1287//263
f 1287//263 326//267 102//268 327//269
f 1286//261 1287//263 327//269 328//270
f 1285//262 1286//261 328//270 329//271
f 321//272 1285//262 329//271 101//273
f 322//274 1282//258 1285//262 321//272
f 323//264 1279//255 1282//258 322//274
f 1288//275 1289//276 1292//277 1291//278
f 1289//276 1290//279 1293//280 1292//277
f 1291//278 1292//277 1295//281 1294//282
f 1292//277 1293//280 1296//283 1295//281
f 10//196 311//223 1288//275 324//265
f 311//223 310//222 1289//276 1288//275
f 310//222 309//221 1290//279 1289//276
f 309//221 11//220 330//284 1290//279
f 1290//279 330//284 331//285 1293//280
f 1293//280 331//285 332//286 1296//283
f 1296//283 332//286 103//287 333//288
f 1295//281 1296//283 333//288 334//289
f 1294//282 1295//281 334//289 335//290
f 326//267 1294//282 335//290 102//268
f 325//266 1291//278 1294//282 326//267
f 324//265 1288//275 1291//278 325//266
f 1297//291 1298//292 1301//293 1300//294
f 1298//292 1299//295 1302//296 1301//293
f 1300//294 1301//293 1304//297 1303//298
f 1301//293 1302//296 1305//299 1304//297
f 11//220 317//242 1297//291 330//284
f 317//242 316//241 1298//292 1297//291
f 316//241 315//240 1299//295 1298//292
f 315//240 12//239 336//300 1299//295
f 1299//295 336//300 337//301 1302//296
f 1302//296 337//301 338//302 1305//299
f 1305//299 338//302 104//303 339//304
f 1304//297 1305//299 339//304 340//305
f 1303//298 1304//297 340//305 341//306
f 332//286 1303//298 341//306 103//287
f 331//285 1300//294 1303//298 332//286
f 330//284 1297//291 1300//294 331//285
f 1306//307 1307//308 1310//309 1309//310
f 1307//308 1308//311 1311//312 1310//309
f 1309//310 1310//309 1313//313 1312//314
f 1310//309 1311//312 1314//315 1313//313
f 12//239 320//254 1306//307 336//300
f 320//254 319//253 1307//308 1306//307
f 319//253 318//252 1308//311 1307//308
f 318//252 9//201 323//264 1308//311
f 1308//311 323//264 322//274 1311//312
f 1311//312 322//274 321//272 1314//315
f 1314//315 321//272 101//273 342//316
f 1313//313 1314//315 342//316 343//317
f 1312//314 1313//313 343//317 344//318
f 338//302 1312//314 344//318 104//303
f 337//301 1309//310 1312//314 338//302
f 336//300 1306//307 1309//310 337//301
f 1315//319 1316//320 1319//321 1318//322
f 1316//320 1317//323 1320//324 1319//321
f 1318//322 1319//321 1322//325 1321//326
f 1319//321 1320//324 1323//327 1322//325
f 101//273 329//271 1315//319 347//328
f 329//271 328//270 1316//320 1315//319
f 328//270 327//269 1317//323 1316//320
f 327//269 102//268 348//329 1317//323
f 1317//323 348//329 349//330 1320//324
f 1320//324 349//330 350//331 1323//327
f 1323//327 350//331 14//332 351//333
f 1322//325 1323//327 351//333 352//334
f 1321//326 1322//325 352//334 353//335
f 345//336 1321//326 353//335 13//337
f 346//338 1318//322 1321//326 345//336
f 347//328 1315//319 1318//322 346//338
f 1324//339 1325//340 1328//341 1327//342
f 1325//340 1326//343 1329//344 1328//341
f 1327//342 1328//341 1331//345 1330//346
f 1328//341 1329//344 1332//347 1331//345
f 102//268 335//290 1324//339 348//329
f 335//290 334//289 1325//340 1324//339
f 334//289 333//288 1326//343 1325//340
f 333//288 103//287 354//348 1326//343
f 1326//343 354//348 355//349 1329//344
f 1329//344 355//349 356//350 1332//347
f 1332//347 356//350 15//351 357//352
f 1331//345 1332//347 357//352 358//353
f 1330//346 1331//345 358//353 359//354
f 350//331 1330//346 359//354 14//332
f 349//330 1327//342 1330//346 350//331
f 348//329 1324//339 1327//342 349//330
f 1333//355 1334//356 1337//357 1336//358
f 1334//356 1335//359 1338//360 1337//357
f 1336//358 1337//357 1340//361 1339//362
f 1337//357 1338//360 1341//363 1340//361
f 103//287 341//306 1333//355 354//348
f 341//306 340//305 1334//356 1333//355
f 340//305 339//304 1335//359 1334//356
f 339//304 104//303 360//364 1335//359
f 1335//359 360//364 361//365 1338//360
f 1338//360 361//365 362//366 1341//363
f 1341//363 362//366 16//367 363//368
f 1340//361 1341//363 363//368 364//369
f 1339//362 1340//361 364//369 365//370
f 356//350 1339//362 365//370 15//351
f 355//349 1336//358 1339//362 356//350
f 354//348 1333//355 1336//358 355//349
f 1342//371 1343//372 1346//373 1345//374
f 1343//372 1344//375 1347//376 1346//373
f 1345//374 1346//373 1349//377 1348//378
f 1346//373 1347//376 1350//379 1349//377
f 104//303 344//318 1342//371 360//364
f 344//318 343//317 1343//372 1342//371
f 343//317 342//316 1344//375 1343//372
f 342//316 101//273 347//328 1344//375
f 1344//375 347//328 346//338 1347//376
f 1347//376 346//338 345//336 1350//379
f 1350//379 345//336 13//337 366//380
f 1349//377 1350//379 366//380 367//381
f 1348//378 1349//377 367//381 368//382
f 362//366 1348//378 368//382 16//367
f 361//365 1345//374 1348//378 362//366
f 360//364 1342//371 1345//374 361//365
f 1351//383 1352//384 1355//385 1354//386
f 1352//384 1353//387 1356//388 1355//385
f 1354//386 1355//385 1358//389 1357//390
f 1355//385 1356//388 1359//391 1358//389
f 13//337 353//335 1351//383 371//392
f 353//335 352//334 1352//384 1351//383
f 352//334 351//333 1353//387 1352//384
f 351//333 14//332 372//393 1353//387
f 1353//387 372//393 373//394 1356//388
f 1356//388 373//394 374//395 1359//391
f 1359//391 374//395 18//396 375//397
f 1358//389 1359//391 375//397 376//398
f 1357//390 1358//389 376//398 377//399
f 369//400 1357//390 377//399 17//401
f 370//402 1354//386 1357//390 369//400
f 371//392 1351//383 1354//386 370//402
f 1360//403 1361//404 1364//405 1363//406
f 1361//404 1362//407 1365//408 1364//405
f 1363//406 1364//405 1367//409 1366//410
f 1364//405 1365//408 1368//411 1367//409
f 14//332 359//354 1360//403 372//393
f 359//354 358//353 1361//404 1360//403
f 358//353 357//352 1362//407 1361//404
f 357//352 15//351 378//412 1362//407
f 1362//407 378//412 379//413 1365//408
f 1365//408 379//413 380//414 1368//411
f 1368//411 380//414 19//415 381//416
f 1367//409 1368//411 381//416 382//417
f 1366//410 1367//409 382//417 383//418
f 374//395 1366//410 383//418 18//396
f 373//394 1363//406 1366//410 374//395
f 372//393 1360//403 1363//406 373//394
f 1369//419 1370//420 1373//421 1372//422
f 1370//420 1371//423 1374//424 1373//421
f 1372//422 1373//421 1376//425 1375//426
f 1373//421 1374//424 1377//427 1376//425
f 15//351 365//370 1369//419 378//412
f 365//370 364//369 1370//420 1369//419
f 364//369 363//368 1371//423 1370//420
f 363//368 16//367 384//428 1371//423
f 1371//423 384//428 385//429 1374//424
f 1374//424 385//429 386//430 1377//427
f 1377//427 386//430 20//431 387//432
f 1376//425 1377//427 387//432 388//433
f 1375//426 1376//425 388//433 389//434
f 380//414 1375//426 389//434 19//415
f 379//413 1372//422 1375//426 380//414
f 378//412 1369//419 1372//422 379//413
f 1378//435 1379//436 1382//437 1381//438
f 1379//436 1380//439 1383//440 1382//437
f 1381//438 1382//437 1385//441 1384//442
f 1382//437 1383//440 1386//443 1385//441
f 16//367 368//382 1378//435 384//428
f 368//382 367//381 1379//436 1378//435
f 367//381 366//380 1380//439 1379//436
f 366//380 13//337 371//392 1380//439
f 1380//439 371//392 370//402 1383//440
f 1383//440 370//402 369//400 1386//443
f 1386//443 369//400 17//401 390//444
f 1385//441 1386//443 390//444 391//445
f 1384//442 1385//441 391//445 392//446
f 386//430 1384//442 392//446 20//431
f 385//429 1381//438 1384//442 386//430
f 384//428 1378//435 1381//438 385//429
f 1387//447 1388//448 1391//449 1390//450
f 1388//448 1389//451 1392//452 1391//449
f 1390//450 1391//449 1394//453 1393//454
f 1391//449 1392//452 1395//455 1394//453
f 17//401 377//399 1387//447 395//456
f 377//399 376//398 1388//448 1387//447
f 376//398 375//397 1389//451 1388//448
f 375//397 18//396 396//457 1389//451
f 1389//451 396//457 397//458 1392//452
f 1392//452 397//458 398//459 1395//455
f 1395//455 398//459 22//460 399//461
f 1394//453 1395//455 399//461 400//462
f 1393//454 1394//453 400//462 401//463
f 393//464 1393//454 401//463 21//465
f 394//466 1390//450 1393//454 393//464
f 395//456 1387//447 1390//450 394//466
f 1396//467 1397//468 1400//469 1399//470
f 1397//468 1398//471 1401//472 1400//469
f 1399//470 1400//469 1403//473 1402//474
f 1400//469 1401//472 1404//475 1403//473
f 18//396 383//418 1396//467 396//457
f 383//418 382//417 1397//468 1396//467
f 382//417 381//416 1398//471 1397//468
f 381//416 19//415 402//476 1398//471
f 1398//471 402//476 403//477 1401//472
f 1401//472 403//477 404//478 1404//475
f 1404//475 404//478 23//479 405//480
f 1403//473 1404//475 405//480 406//481
f 1402//474 1403//473 406//481 407//482
f 398//459 1402//474 407//482 22//460
f 397//458 1399//470 1402//474 398//459
f 396//457 1396//467 1399//470 397//458
f 1405//483 1406//484 1409//485 1408//486
f 1406//484 1407//487 1410//488 1409//485
f 1408//486 1409//485 1412//489 1411//490
f 1409//485 1410//488 1413//491 1412//489
f 19//415 389//434 1405//483 402//476
f 389//434 388//433 1406//484 1405//483
f 388//433 387//432 1407//487 1406//484
f 387//432 20//431 408//492 1407//487
f 1407//487 408//492 409//493 1410//488
f 1410//488 409//493 410//494 1413//491
f 1413//491 410//494 24//495 411//496
f 1412//489 1413//491 411//496 412//497
f 1411//490 1412//489 412//497 413//498
f 404//478 1411//490 413//498 23//479
f 403//477 1408//486 1411//490 404//478
f 402//476 1405//483 1408//486 403//477
f 1414//499 1415//500 1418//501 1417//502
f 1415//500 1416//503 1419//504 1418//501
f 1417//502 1418//501 1421//505 1420//506
f 1418//501 1419//504 1422//507 1421//505
f 20//431 392//446 1414//499 408//492
f 392//446 391//445 1415//500 1414//499
f 391//445 390//444 1416//503 1415//500
f 390//444 17//401 395//456 1416//503
f 1416//503 395//456 394//466 1419//504
f 1419//504 394//466 393//464 1422//507
f 1422//507 393//464 21//465 414//508
f 1421//505 1422//507 414//508 415//509
f 1420//506 1421//505 415//509 416//510
f 410//494 1420//506 416//510 24//495
f 409//493 1417//502 1420//506 410//494
f 408//492 1414//499 1417//502 409//493
f 1423//511 1424//512 1427//513 1426//514
f 1424//512 1425//515 1428//516 1427//513
f 1426//514 1427//513 1430//517 1429//518
f 1427//513 1428//516 1431//519 1430//517
f 21//465 401//463 1423//511 419//520
f 401//463 400//462 1424//512 1423//511
f 400//462 399//461 1425//515 1424//512
f 399//461 22//460 420//521 1425//515
f 1425//515 420//521 421//522 1428//516
f 1428//516 421//522 422//523 1431//519
f 1431//519 422//523 106//524 423//525
f 1430//517 1431//519 423//525 424//526
f 1429//518 1430//517 424//526 425//527
f 417//528 1429//518 425//527 105//529
f 418//530 1426//514 1429//518 417//528
f 419//520 1423//511 1426//514 418//530
f 1432//531 1433//532 1436//533 1435//534
f 1433//532 1434//535 1437//536 1436//533
f 1435//534 1436//533 1439//537 1438//538
f 1436//533 1437//536 1440//539 1439//537
f 22//460 407//482 1432//531 420//521
f 407//482 406//481 1433//532 1432//531
f 406//481 405//480 1434//535 1433//532
f 405//480 23//479 426//540 1434//535
f 1434//535 426//540 427//541 1437//536
f 1437//536 427//541 428//542 1440//539
f 1440//539 428//542 107//543 429//544
f 1439//537 1440//539 429//544 430//545
f 1438//538 1439//537 430//545 431//546
f 422//523 1438//538 431//546 106//524
f 421//522 1435//534 1438//538 422//523
f 420//521 1432//531 1435//534 421//522
f 1441//547 1442//548 1445//549 1444//550
f 1442//548 1443//551 1446//552 1445//549
f 1444//550 1445//549 1448//553 1447//554
f 1445//549 1446//552 1449//555 1448//553
f 23//479 413//498 1441//547 426//540
f 413//498 412//497 1442//548 1441//547
f 412//497 411//496 1443//551 1442//548
f 411//496 24//495 432//556 1443//551
f 1443//551 432//556 433//557 1446//552
f 1446//552 433//557 434//558 1449//555
f 1449//555 434//558 108//559 435//560
f 1448//553 1449//555 435//560 436//561
f 1447//554 1448//553 436//561 437//562
f 428//542 1447//554 437//562 107//543
f 427//541 1444//550 1447//554 428//542
f 426//540 1441//547 1444//550 427//541
f 1450//563 1451//564 1454//565 1453//566
f 1451//564 1452//567 1455//568 1454//565
f 1453//566 1454//565 1457//569 1456//570
f 1454//565 1455//568 1458//571 1457//569
f 24//495 416//510 1450//563 432//556
f 416//510 415//509 1451//564 1450//563
f 415//509 414//508 1452//567 1451//564
f 414//508 21//465 419//520 1452//567
f 1452//567 419//520 418//530 1455//568
f 1455//568 418//530 417//528 1458//571
f 1458//571 417//528 105//529 438//572
f 1457//569 1458//571 438//572 439//573
f 1456//570 1457//569 439//573 440//574
f 434//558 1456//570 440//574 108//559
f 433//557 1453//566 1456//570 434//558
f 432//556 1450//563 1453//566 433//557
f 1459//575 1460//576 1463//577 1462//578
f 1460//576 1461//579 1464//580 1463//577
f 1462//578 1463//577 1466//581 1465//582
f 1463//577 1464//580 1467//583 1466//581
f 105//529 425//527 1459//575 443//584
f 425//527 424//526 1460//576 1459//575
f 424//526 423//525 1461//579 1460//576
f 423//525 106//524 444//585 1461//579
f 1461//579 444//585 445//586 1464//580
f 1464//580 445//586 446//587 1467//583
f 1467//583 446//587 26//588 447//589
f 1466//581 1467//583 447//589 448//590
f 1465//582 1466//581 448//590 449//591
f 441//592 1465//582 449//591 25//593
f 442//594 1462//578 1465//582 441//592
f 443//584 1459//575 1462//578 442//594
f 1468//595 1469//596 1472//597 1471//598
f 1469//596 1470//599 1473//600 1472//597
f 1471//598 1472//597 1475//601 1474//602
f 1472//597 1473//600 1476//603 1475//601
f 106//524 431//546 1468//595 444//585
f 431//546 430//545 1469//596 1468//595
f 430//545 429//544 1470//599 1469//596
f 429//544 107//543 450//604 1470//599
f 1470//599 450//604 451//605 1473//600
f 1473//600 451//605 452//606 1476//603
f 1476//603 452//606 27//607 453//608
f 1475//601 1476//603 453//608 454//609
f 1474//602 1475//601 454//609 455//610
f 446//587 1474//602 455//610 26//588
f 445//586 1471//598 1474//602 446//587
f 444//585 1468//595 1471//598 445//586
f 1477//611 1478//612 1481//613 1480//614
f 1478//612 1479//615 1482//616 1481//613
f 1480//614 1481//613 1484//617 1483//618
f 1481//613 1482//616 1485//619 1484//617
f 107//543 437//562 1477//611 450//604
f 437//562 436//561 1478//612 1477//611
f 436//561 435//560 1479//615 1478//612
f 435//560 108//559 456//620 1479//615
f 1479//615 456//620 457//621 1482//616
f 1482//616 457//621 458//622 1485//619
f 1485//619 458//622 28//623 459//624
f 1484//617 1485//619 459//624 460//625
f 1483//618 1484//617 460//625 461//626
f 452//606 1483//618 461//626 27//607
f 451//605 1480//614 1483//618 452//606
f 450//604 1477//611 1480//614 451//605
f 1486//627 1487//628 1490//629 1489//630
f 1487//628 1488//631 1491//632 1490//629
f 1489//630 1490//629 1493//633 1492//634
f 1490//629 1491//632 1494//635 1493//633
f 108//559 440//574 1486//627 456//620
f 440//574 439//573 1487//628 1486//627
f 439//573 438//572 1488//631 1487//628
f 438//572 105//529 443//584 1488//631
f 1488//631 443//584 442//594 1491//632
f 1491//632 442//594 441//592 1494//635
f 1494//635 441//592 25//593 462//636
f 1493//633 1494//635 462//636 463//637
f 1492//634 1493//633 463//637 464//638
f 458//622 1492//634 464//638 28//623
f 457//621 1489//630 1492//634 458//622
f 456//620 1486//627 1489//630 457//621
f 1495//639 1496//640 1499//641 1498//642
f 1496//640 1497//643 1500//644 1499//641
f 1498//642 1499//641 1502//645 1501//646
f 1499//641 1500//644 1503//647 1502//645
f 25//593 449//591 1495//639 467//648
f 449//591 448//590 1496//640 1495//639
f 448//590 447//589 1497//643 1496//640
f 447//589 26//588 468//649 1497//643
f 1497//643 468//649 469//650 1500//644
f 1500//644 469//650 470//651 1503//647
f 1503//647 470//651 30//652 471//653
f 1502//645 1503//647 471//653 472//654
f 1501//646 1502//645 472//654 473//655
f 465//656 1501//646 473//655 29//657
f 466//658 1498//642 1501//646 465//656
f 467//648 1495//639 1498//642 466//658
f 1504//659 1505//660 1508//661 1507//662
f 1505//660 1506//663 1509//664 1508//661
f 1507//662 1508//661 1511//665 1510//666
f 1508//661 1509//664 1512//667 1511//665
f 26//588 455//610 1504//659 468//649
f 455//610 454//609 1505//660 1504//659
f 454//609 453//608 1506//663 1505//660
f 453//608 27//607 474//668 1506//663
f 1506//663 474//668 475//669 1509//664
f 1509//664 475//669 476//670 1512//667
f 1512//667 476//670 31//671 477//672
f 1511//665 1512//667 477//672 478//673
f 1510//666 1511//665 478//673 479//674
f 470//651 1510//666 479//674 30//652
f 469//650 1507//662 1510//666 470//651
f 468//649 1504//659 1507//662 469//650
f 1513//675 1514//676 1517//677 1516//678
f 1514//676 1515//679 1518//680 1517//677
f 1516//678 1517//677 1520//681 1519//682
f 1517//677 1518//680 1521//683 1520//681
f 27//607 461//626 1513//675 474//668
f 461//626 460//625 1514//676 1513//675
f 460//625 459//624 1515//679 1514//676
f 459//624 28//623 480//684 1515//679
f 1515//679 480//684 481//685 1518//680
f 1518//680 481//685 482//686 1521//683
f 1521//683 482//686 32//687 483//688
f 1520//681 1521//683 483//688 484//689
f 1519//682 1520//681 484//689 485//690
f 476//670 1519//682 485//690 31//671
f 475//669 1516//678 1519//682 476//670
f 474//668 1513//675 1516//678 475//669
f 1522//691 1523//692 1526//693 1525//694
f 1523//692 1524//695 1527//696 1526//693
f 1525//694 1526//693 1529//697 1528//698
f 1526//693 1527//696 1530//699 1529//697
f 28//623 464//638 1522//691 480//684
f 464//638 463//637 1523//692 1522//691
f 463//637 462//636 1524//695 1523//692
f 462//636 25//593 467//648 1524//695
f 1524//695 467//648 466//658 1527//696
f 1527//696 466//658 465//656 1530//699
f 1530//699 465//656 29//657 486//700
f 1529//697 1530//699 486//700 487//701
f 1528//698 1529//697 487//701 488//702
f 482//686 1528//698 488//702 32//687
f 481//685 1525//694 1528//698 482//686
f 480//684 1522//691 1525//694 481//685
f 1531//703 1532//704 1535//705 1534//706
f 1532//704 1533//707 1536//708 1535//705
f 1534//706 1535//705 1538//709 1537//710
f 1535//705 1536//708 1539//711 1538//709
f 29//657 473//655 1531//703 491//712
f 473//655 472//654 1532//704 1531//703
f 472//654 471//653 1533//707 1532//704
f 471//653 30//652 492//713 1533//707
f 1533//707 492//713 493//714 1536//708
f 1536//708 493//714 494//715 1539//711
f 1539//711 494//715 34//716 495//717
f 1538//709 1539//711 495//717 496//718
f 1537//710 1538//709 496//718 497//719
f 489//720 1537//710 497//719 33//721
f 490//722 1534//706 1537//710 489//720
f 491//712 1531//703 1534//706 490//722
f 1540//723 1541//724 1544//725 1543//726
f 1541//724 1542//727 1545//728 1544//725
f 1543//726 1544//725 1547//729 1546//730
f 1544//725 1545//728 1548//731 1547//729
f 30//652 479//674 1540//723 492//713
f 479//674 478//673 1541//724 1540//723
f 478//673 477//672 1542//727 1541//724
f 477//672 31//671 498//732 1542//727
f 1542//727 498//732 499//733 1545//728
f 1545//728 499//733 500//734 1548//731
f 1548//731 500//734 35//735 501//736
f 1547//729 1548//731 501//736 502//737
f 1546//730 1547//729 502//737 503//738
f 494//715 1546//730 503//738 34//716
f 493//714 1543//726 1546//730 494//715
f 492//713 1540//723 1543//726 493//714
f 1549//739 1550//740 1553//741 1552//742
f 1550//740 1551//743 1554//744 1553//741
f 1552//742 1553//741 1556//745 1555//746
f 1553//741 1554//744 1557//747 1556//745
f 31//671 485//690 1549//739 498//732
f 485//690 484//689 1550//740 1549//739
f 484//689 483//688 1551//743 1550//740
f 483//688 32//687 504//748 1551//743
f 1551//743 504//748 505//749 1554//744
f 1554//744 505//749 506//750 1557//747
f 1557//747 506//750 36//751 507//752
f 1556//745 1557//747 507//752 508//753
f 1555//746 1556//745 508//753 509//754
f 500//734 1555//746 509//754 35//735
f 499//733 1552//742 1555//746 500//734
f 498//732 1549//739 1552//742 499//733
f 1558//755 1559//756 1562//757 1561//758
f 1559//756 1560//759 1563//760 1562//757
f 1561//758 1562//757 1565//761 1564//762
f 1562//757 1563//760 1566//763 1565//761
f 32//687 488//702 1558//755 504//748
f 488//702 487//701 1559//756 1558//755
f 487//701 486//700 1560//759 1559//756
f 486//700 29//657 491//712 1560//759
f 1560//759 491//712 490//722 1563//760
f 1563//760 490//722 489//720 1566//763
f 1566//763 489//720 33//721 510//764
f 1565//761 1566//763 510//764 511//765
f 1564//762 1565//761 511//765 512//766
f 506//750 1564//762 512//766 36//751
f 505//749 1561//758 1564//762 506//750
f 504//748 1558//755 1561//758 505//749
f 1567//767 1568//768 1571//769 1570//770
f 1568//768 1569//771 1572//772 1571//769
f 1570//770 1571//769 1574//773 1573//774
f 1571//769 1572//772 1575//775 1574//773
f 33//721 497//719 1567//767 515//776
f 497//719 496//718 1568//768 1567//767
f 496//718 495//717 1569//771 1568//768
f 495//717 34//716 516//777 1569//771
f 1569//771 516//777 517//778 1572//772
f 1572//772 517//778 518//779 1575//775
f 1575//775 518//779 110//780 519//781
f 1574//773 1575//775 519//781 520//782
f 1573//774 1574//773 520//782 521//783
f 513//784 1573//774 521//783 109//785
f 514//786 1570//770 1573//774 513//784
f 515//776 1567//767 1570//770 514//786
f 1576//787 1577//788 1580//789 1579//790
f 1577//788 1578//791 1581//792 1580//789
f 1579//790 1580//789 1583//793 1582//794
f 1580//789 1581//792 1584//795 1583//793
f 34//716 503//738 1576//787 516//777
f 503//738 502//737 1577//788 1576//787
f 502//737 501//736 1578//791 1577//788
f 501//736 35//735 522//796 1578//791
f 1578//791 522//796 523//797 1581//792
f 1581//792 523//797 524//798 1584//795
f 1584//795 524//798 111//799 525//800
f 1583//793 1584//795 525//800 526//801
f 1582//794 1583//793 526//801 527//802
f 518//779 1582//794 527//802 110//780
f 517//778 1579//790 1582//794 518//779
f 516//777 1576//787 1579//790 517//778
f 1585//803 1586//804 1589//805 1588//806
f 1586//804 1587//807 1590//808 1589//805
f 1588//806 1589//805 1592//809 1591//810
f 1589//805 1590//808 1593//811 1592//809
f 35//735 509//754 1585//803 522//796
f 509//754 508//753 1586//804 1585//803
f 508//753 507//752 1587//807 1586//804
f 507//752 36//751 528//812 1587//807
f 1587//807 528//812 529//813 1590//808
f 1590//808 529//813 530//814 1593//811
f 1593//811 530//814 112//815 531//816
f 1592//809 1593//811 531//816 532//817
f 1591//810 1592//809 532//817 533//818
f 524//798 1591//810 533//818 111//799
f 523//797 1588//806 1591//810 524//798
f 522//796 1585//803 1588//806 523//797
f 1594//819 1595//820 1598//821 1597//822
f 1595//820 1596//823 1599//824 1598//821
f 1597//822 1598//821 1601//825 1600//826
f 1598//821 1599//824 1602//827 1601//825
f 36//751 512//766 1594//819 528//812
f 512//766 511//765 1595//820 1594//819
f 511//765 510//764 1596//823 1595//820
f 510//764 33//721 515//776 1596//823
f 1596//823 515//776 514//786 1599//824
f 1599//824 514//786 513//784 1602//827
f 1602//827 513//784 109//785 534//828
f 1601//825 1602//827 534//828 535//829
f 1600//826 1601//825 535//829 536//830
f 530//814 1600//826 536//830 112//815
f 529//813 1597//822 1600//826 530//814
f 528//812 1594//819 1597//822 529//813
f 1603//831 1604//832 1607//833 1606//834
f 1604//832 1605//835 1608//836 1607//833
f 1606//834 1607//833 1610//837 1609//838
f 1607//833 1608//836 1611//839 1610//837
f 109//785 521//783 1603//831 539//840
f 521//783 520//782 1604//832 1603//831
f 520//782 519//781 1605//835 1604//832
f 519//781 110//780 540//841 1605//835
f 1605//835 540//841 541//842 1608//836
f 1608//836 541//842 542//843 1611//839
f 1611//839 542//843 114//844 543//845
f 1610//837 1611//839 543//845 544//846
f 1609//838 1610//837 544//846 545//847
f 537//848 1609//838 545//847 113//849
f 538//850 1606//834 1609//838 537//848
f 539//840 1603//831 1606//834 538//850
f 1612//851 1613//852 1616//853 1615//854
f 1613//852 1614//855 1617//856 1616//853
f 1615//854 1616//853 1619//857 1618//858
f 1616//853 1617//856 1620//859 1619//857
f 110//780 527//802 1612//851 540//841
f 527//802 526//801 1613//852 1612//851
f 526//801 525//800 1614//855 1613//852
f 525//800 111//799 546//860 1614//855
f 1614//855 546//860 547//861 1617//856
f 1617//856 547//861 548//862 1620//859
f 1620//859 548//862 115//863 549//864
f 1619//857 1620//859 549//864 550//865
f 1618//858 1619//857 550//865 551//866
f 542//843 1618//858 551//866 114//844
f 541//842 1615//854 1618//858 542//843
f 540//841 1612//851 1615//854 541//842
f 1621//867 1622//868 1625//869 1624//870
f 1622//868 1623//871 1626//872 1625//869
f 1624//870 1625//869 1628//873 1627//874
f 1625//869 1626//872 1629//875 1628//873
f 111//799 533//818 1621//867 546//860
f 533//818 532//817 1622//868 1621//867
f 532//817 531//816 1623//871 1622//868
f 531//816 112//815 552//876 1623//871
f 1623//871 552//876 553//877 1626//872
f 1626//872 553//877 554//878 1629//875
f 1629//875 554//878 116//879 555//880
f 1628//873 1629//875 555//880 556//881
f 1627//874 1628//873 556//881 557//882
f 548//862 1627//874 557//882 115//863
f 547//861 1624//870 1627//874 548//862
f 546//860 1621//867 1624//870 547//861
f 1630//883 1631//884 1634//885 1633//886
f 1631//884 1632//887 1635//888 1634//885
f 1633//886 1634//885 1637//889 1636//890
f 1634//885 1635//888 1638//891 1637//889
f 112//815 536//830 1630//883 552//876
f 536//830 535//829 1631//884 1630//883
f 535//829 534//828 1632//887 1631//884
f 534//828 109//785 539//840 1632//887
f 1632//887 539//840 538//850 1635//888
f 1635//888 538//850 537//848 1638//891
f 1638//891 537//848 113//849 558//892
f 1637//889 1638//891 558//892 559//893
f 1636//890 1637//889 559//893 560//894
f 554//878 1636//890 560//894 116//879
f 553//877 1633//886 1636//890 554//878
f 552//876 1630//883 1633//886 553//877
f 1639//895 1640//896 1643//897 1642//898
f 1640//896 1641//899 1644//900 1643//897
f 1642//898 1643//897 1646//901 1645//902
f 1643//897 1644//900 1647//903 1646//901
f 113//849 545//847 1639//895 563//904
f 545//847 544//846 1640//896 1639//895
f 544//846 543//845 1641//899 1640//896
f 543//845 114//844 564//905 1641//899
f 1641//899 564//905 565//906 1644//900
f 1644//900 565//906 566//907 1647//903
f 1647//903 566//907 38//908 567//909
f 1646//901 1647//903 567//909 568//910
f 1645//902 1646//901 568//910 569//911
f 561//912 1645//902 569//911 37//913
f 562//914 1642//898 1645//902 561//912
f 563//904 1639//895 1642//898 562//914
f 1648//915 1649//916 1652//917 1651//918
f 1649//916 1650//919 1653//920 1652//917
f 1651//918 1652//917 1655//921 1654//922
f 1652//917 1653//920 1656//923 1655//921
f 114//844 551//866 1648//915 564//905
f 551//866 550//865 1649//916 1648//915
f 550//865 549//864 1650//919 1649//916
f 549//864 115//863 570//924 1650//919
f 1650//919 570//924 571//925 1653//920
f 1653//920 571//925 572//926 1656//923
f 1656//923 572//926 39//927 573//928
f 1655//921 1656//923 573//928 574//929
f 1654//922 1655//921 574//929 575//930
f 566//907 1654//922 575//930 38//908
f 565//906 1651//918 1654//922 566//907
f 564//905 1648//915 1651//918 565//906
f 1657//931 1658//932 1661//933 1660//934
f 1658//932 1659//935 1662//936 1661//933
f 1660//934 1661//933 1664//937 1663//938
f 1661//933 1662//936 1665//939 1664//937
f 115//863 557//882 1657//931 570//924
f 557//882 556//881 1658//932 1657//931
f 556//881 555//880 1659//935 1658//932
f 555//880 116//879 576//940 1659//935
f 1659//935 576//940 577//941 1662//936
f 1662//936 577//941 578//942 1665//939
f 1665//939 578//942 40//943 579//944
f 1664//937 1665//939 579//944 580//945
f 1663//938 1664//937 580//945 581//946
f 572//926 1663//938 581//946 39//927
f 571//925 1660//934 1663//938 572//926
f 570//924 1657//931 1660//934 571//925
f 1666//947 1667//948 1670//949 1669//950
f 1667//948 1668//951 1671//952 1670//949
f 1669//950 1670//949 1673//953 1672//954
f 1670//949 1671//952 1674//955 1673//953
f 116//879 560//894 1666//947 576//940
f 560//894 559//893 1667//948 1666//947
f 559//893 558//892 1668//951 1667//948
f 558//892 113//849 563//904 1668//951
f 1668//951 563//904 562//914 1671//952
f 1671//952 562//914 561//912 1674//955
f 1674//955 561//912 37//913 582//956
f 1673//953 1674//955 582//956 583//957
f 1672//954 1673//953 583//957 584//958
f 578//942 1672//954 584//958 40//943
f 577//941 1669//950 1672//954 578//942
f 576//940 1666//947 1669//950 577//941
f 1675//959 1676//960 1679//961 1678//962
f 1676//960 1677//963 1680//964 1679//961
f 1678//962 1679//961 1682//965 1681//966
f 1679//961 1680//964 1683//967 1682//965
f 37//913 569//911 1675//959 587//968
f 569//911 568//910 1676//960 1675//959
f 568//910 567//909 1677//963 1676//960
f 567//909 38//908 588//969 1677//963
f 1677//963 588//969 589//970 1680//964
f 1680//964 589//970 590//971 1683//967
f 1683//967 590//971 42//972 591//973
f 1682//965 1683//967 591//973 592//974
f 1681//966 1682//965 592//974 593//975
f 585//976 1681//966 593//975 41//977
f 586//978 1678//962 1681//966 585//976
f 587//968 1675//959 1678//962 586//978
f 1684//979 1685//980 1688//981 1687//982
f 1685//980 1686//983 1689//984 1688//981
f 1687//982 1688//981 1691//985 1690//986
f 1688//981 1689//984 1692//987 1691//985
f 38//908 575//930 1684//979 588//969
f 575//930 574//929 1685//980 1684//979
f 574//929 573//928 1686//983 1685//980
f 573//928 39//927 594//988 1686//983
f 1686//983 594//988 595//989 1689//984
f 1689//984 595//989 596//990 1692//987
f 1692//987 596//990 43//991 597//992
f 1691//985 1692//987 597//992 598//993
f 1690//986 1691//985 598//993 599//994
f 590//971 1690//986 599//994 42//972
f 589//970 1687//982 1690//986 590//971
f 588//969 1684//979 1687//982 589//970
f 1693//995 1694//996 1697//997 1696//998
f 1694//996 1695//999 1698//1000 1697//997
f 1696//998 1697//997 1700//1001 1699//1002
f 1697//997 1698//1000 1701//1003 1700//1001
f 39//927 581//946 1693//995 594//988
f 581//946 580//945 1694//996 1693//995
f 580//945 579//944 1695//999 1694//996
f 579//944 40//943 600//1004 1695//999
f 1695//999 600//1004 601//1005 1698//1000
f 1698//1000 601//1005 602//1006 1701//1003
f 1701//1003 602//1006 44//1007 603//1008
f 1700//1001 1701//1003 603//1008 604//1009
f 1699//1002 1700//1001 604//1009 605//1010
f 596//990 1699//1002 605//1010 43//991
f 595//989 1696//998 1699//1002 596//990
f 594//988 1693//995 1696//998 595//989
f 1702//1011 1703//1012 1706//1013 1705//1014
f 1703//1012 1704//1015 1707//1016 1706//1013
f 1705//1014 1706//1013 1709//1017 1708//1018
f 1706//1013 1707//1016 1710//1019 1709//1017
f 40//943 584//958 1702//1011 600//1004
f 584//958 583//957 1703//1012 1702//1011
f 583//957 582//956 1704//1015 1703//1012
f 582//956 37//913 587//968 1704//1015
f 1704//1015 587//968 586//978 1707//1016
f 1707//1016 586//978 585//976 1710//1019
f 1710//1019 585//976 41//977 606//1020
f 1709//1017 1710//1019 606//1020 607//1021
f 1708//1018 1709//1017 607//1021 608//1022
f 602//1006 1708//1018 608//1022 44//1007
f 601//1005 1705//1014 1708//1018 602//1006
f 600//1004 1702//1011 1705//1014 601//1005
f 1711//1023 1712//1024 1715//1025 1714//1026
f 1712//1024 1713//1027 1716//1028 1715//1025
f 1714//1026 1715//1025 1718//1029 1717//1030
f 1715//1025 1716//1028 1719//1031 1718//1029
f 41//977 593//975 1711//1023 611//1032
f 593//975 592//974 1712//1024 1711//1023
f 592//974 591//973 1713//1027 1712//1024
f 591//973 42//972 612//1033 1713//1027
f 1713//1027 612//1033 613//1034 1716//1028
f 1716//1028 613//1034 614//1035 1719//1031
f 1719//1031 614//1035 46//1036 615//1037
f 1718//1029 1719//1031 615//1037 616//1038
f 1717//1030 1718//1029 616//1038 617//1039
f 609//1040 1717//1030 617//1039 45//1041
f 610//1042 1714//1026 1717//1030 609//1040
f 611//1032 1711//1023 1714//1026 610//1042
f 1720//1043 1721//1044 1724//1045 1723//1046
f 1721//1044 1722//1047 1725//1048 1724//1045
f 1723//1046 1724//1045 1727//1049 1726//1050
f 1724//1045 1725//1048 1728//1051 1727//1049
f 42//972 599//994 1720//1043 612//1033
f 599//994 598//993 1721//1044 1720//1043
f 598//993 597//992 1722//1047 1721//1044
f 597//992 43//991 618//1052 1722//1047
f 1722//1047 618//1052 619//1053 1725//1048
f 1725//1048 619//1053 620//1054 1728//1051
f 1728//1051 620//1054 47//1055 621//1056
f 1727//1049 1728//1051 621//1056 622//1057
f 1726//1050 1727//1049 622//1057 623//1058
f 614//1035 1726//1050 623//1058 46//1036
f 613//1034 1723//1046 1726//1050 614//1035
f 612//1033 1720//1043 1723//1046 613//1034
f 1729//1059 1730//1060 1733//1061 1732//1062
f 1730//1060 1731//1063 1734//1064 1733//1061
f 1732//1062 1733//1061 1736//1065 1735//1066
f 1733//1061 1734//1064 1737//1067 1736//1065
f 43//991 605//1010 1729//1059 618//1052
f 605//1010 604//1009 1730//1060 1729//1059
f 604//1009 603//1008 1731//1063 1730//1060
f 603//1008 44//1007 624//1068 1731//1063
f 1731//1063 624//1068 625//1069 1734//1064
f 1734//1064 625//1069 626//1070 1737//1067
f 1737//1067 626//1070 48//1071 627//1072
f 1736//1065 1737//1067 627//1072 628//1073
f 1735//1066 1736//1065 628//1073 629//1074
f 620//1054 1735//1066 629//1074 47//1055
f 619//1053 1732//1062 1735//1066 620//1054
f 618//1052 1729//1059 1732//1062 619//1053
f 1738//1075 1739//1076 1742//1077 1741//1078
f 1739//1076 1740//1079 1743//1080 1742//1077
f 1741//1078 1742//1077 1745//1081 1744//1082
f 1742//1077 1743//1080 1746//1083 1745//1081
f 44//1007 608//1022 1738//1075 624//1068
f 608//1022 607//1021 1739//1076 1738//1075
f 607//1021 606//1020 1740//1079 1739//1076
f 606//1020 41//977 611//1032 1740//1079
f 1740//1079 611//1032 610//1042 1743//1080
f 1743//1080 610//1042 609//1040 1746//1083
f 1746//1083 609//1040 45//1041 630//1084
f 1745//1081 1746//1083 630//1084 631//1085
f 1744//1082 1745//1081 631//1085 632//1086
f 626//1070 1744//1082 632//1086 48//1071
f 625//1069 1741//1078 1744//1082 626//1070
f 624//1068 1738//1075 1741//1078 625//1069
f 1747//1087 1748//1088 1751//1089 1750//1090
f 1748//1088 1749//1091 1752//1092 1751//1089
f 1750//1090 1751//1089 1754//1093 1753//1094
f 1751//1089 1752//1092 1755//1095 1754//1093
f 45//1041 617//1039 1747//1087 635//1096
f 617//1039 616//1038 1748//1088 1747//1087
f 616//1038 615//1037 1749//1091 1748//1088
f 615//1037 46//1036 636//1097 1749//1091
f 1749//1091 636//1097 637//1098 1752//1092
f 1752//1092 637//1098 638//1099 1755//1095
f 1755//1095 638//1099 50//1100 639//1101
f 1754//1093 1755//1095 639//1101 640//1102
f 1753//1094 1754//1093 640//1102 641//1103
f 633//1104 1753//1094 641//1103 49//1105
f 634//1106 1750//1090 1753//1094 633//1104
f 635//1096 1747//1087 1750//1090 634//1106
f 1756//1107 1757//1108 1760//1109 1759//1110
f 1757//1108 1758//1111 1761//1112 1760//1109
f 1759//1110 1760//1109 1763//1113 1762//1114
f 1760//1109 1761//1112 1764//1115 1763//1113
f 46//1036 623//1058 1756//1107 636//1097
f 623//1058 622//1057 1757//1108 1756//1107
f 622//1057 621//1056 1758//1111 1757//1108
f 621//1056 47//1055 642//1116 1758//1111
f 1758//1111 642//1116 643//1117 1761//1112
f 1761//1112 643//1117 644//1118 1764//1115
f 1764//1115 644//1118 51//1119 645//1120
f 1763//1113 1764//1115 645//1120 646//1121
f 1762//1114 1763//1113 646//1121 647//1122
f 638//1099 1762//1114 647//1122 50//1100
f 637//1098 1759//1110 1762//1114 638//1099
f 636//1097 1756//1107 1759//1110 637//1098
f 1765//1123 1766//1124 1769//1125 1768//1126
f 1766//1124 1767//1127 1770//1128 1769//1125
f 1768//1126 1769//1125 1772//1129 1771//1130
f 1769//1125 1770//1128 1773//1131 1772//1129
f 47//1055 629//1074 1765//1123 642//1116
f 629//1074 628//1073 1766//1124 1765//1123
f 628//1073 627//1072 1767//1127 1766//1124
f 627//1072 48//1071 648//1132 1767//1127
f 1767//1127 648//1132 649//1133 1770//1128
f 1770//1128 649//1133 650//1134 1773//1131
f 1773//1131 650//1134 52//1135 651//1136
f 1772//1129 1773//1131 651//1136 652//1137
f 1771//1130 1772//1129 652//1137 653//1138
f 644//1118 1771//1130 653//1138 51//1119
f 643//1117 1768//1126 1771//1130 644//1118
f 642//1116 1765//1123 1768//1126 643//1117
f 1774//1139 1775//1140 1778//1141 1777//1142
f 1775//1140 1776//1143 1779//1144 1778//1141
f 1777//1142 1778//1141 1781//1145 1780//1146
f 1778//1141 1779//1144 1782//1147 1781//1145
f 48//1071 632//1086 1774//1139 648//1132
f 632//1086 631//1085 1775//1140 1774//1139
f 631//1085 630//1084 1776//1143 1775//1140
f 630//1084 45//1041 635//1096 1776//1143
f 1776//1143 635//1096 634//1106 1779//1144
f 1779//1144 634//1106 633//1104 1782//1147
f 1782//1147 633//1104 49//1105 654//1148
f 1781//1145 1782//1147 654//1148 655//1149
f 1780//1146 1781//1145 655//1149 656//1150
f 650//1134 1780//1146 656//1150 52//1135
f 649//1133 1777//1142 1780//1146 650//1134
f 648//1132 1774//1139 1777//1142 649//1133
f 1783//1151 1784//1152 1787//1153 1786//1154
f 1784//1152 1785//1155 1788//1156 1787//1153
f 1786//1154 1787//1153 1790//1157 1789//1158
f 1787//1153 1788//1156 1791//1159 1790//1157
f 49//1105 641//1103 1783//1151 659//1160
f 641//1103 640//1102 1784//1152 1783//1151
f 640//1102 639//1101 1785//1155 1784//1152
f 639//1101 50//1100 660//1161 1785//1155
f 1785//1155 660//1161 661//1162 1788//1156
f 1788//1156 661//1162 662//1163 1791//1159
f 1791//1159 662//1163 54//1164 663//1165
f 1790//1157 1791//1159 663//1165 664//1166
f 1789//1158 1790//1157 664//1166 665//1167
f 657//1168 1789//1158 665//1167 53//1169
f 658//1170 1786//1154 1789//1158 657//1168
f 659//1160 1783//1151 1786//1154 658//1170
f 1792//1171 1793//1172 1796//1173 1795//1174
f 1793//1172 1794//1175 1797//1176 1796//1173
f 1795//1174 1796//1173 1799//1177 1798//1178
f 1796//1173 1797//1176 1800//1179 1799//1177
f 50//1100 647//1122 1792//1171 660//1161
f 647//1122 646//1121 1793//1172 1792//1171
f 646//1121 645//1120 1794//1175 1793//1172
f 645//1120 51//1119 666//1180 1794//1175
f 1794//1175 666//1180 667//1181 1797//1176
f 1797//1176 667//1181 668//1182 1800//1179
f 1800//1179 668//1182 55//1183 669//1184
f 1799//1177 1800//1179 669//1184 670//1185
f 1798//1178 1799//1177 670//1185 671//1186
f 662//1163 1798//1178 671//1186 54//1164
f 661//1162 1795//1174 1798//1178 662//1163
f 660//1161 1792//1171 1795//1174 661//1162
f 1801//1187 1802//1188 1805//1189 1804//1190
f 1802//1188 1803//1191 1806//1192 1805//1189
f 1804//1190 1805//1189 1808//1193 1807//1194
f 1805//1189 1806//1192 1809//1195 1808//1193
f 51//1119 653//1138 1801//1187 666//1180
f 653//1138 652//1137 1802//1188 1801//1187
f 652//1137 651//1136 1803//1191 1802//1188
f 651//1136 52//1135 672//1196 1803//1191
f 1803//1191 672//1196 673//1197 1806//1192
f 1806//1192 673//1197 674//1198 1809//1195
f 1809//1195 674//1198 56//1199 675//1200
f 1808//1193 1809//1195 675//1200 676//1201
f 1807//1194 1808//1193 676//1201 677//1202
f 668//1182 1807//1194 677//1202 55//1183
f 667//1181 1804//1190 1807//1194 668//1182
f 666//1180 1801//1187 1804//1190 667//1181
f 1810//1203 1811//1204 1814//1205 1813//1206
f 1811//1204 1812//1207 1815//1208 1814//1205
f 1813//1206 1814//1205 1817//1209 1816//1210
f 1814//1205 1815//1208 1818//1211 1817//1209
f 52//1135 656//1150 1810//1203 672//1196
f 656//1150 655//1149 1811//1204 1810//1203
f 655//1149 654//1148 1812//1207 1811//1204
f 654//1148 49//1105 659//1160 1812//1207
f 1812//1207 659//1160 658//1170 1815//1208
f 1815//1208 658//1170 657//1168 1818//1211
f 1818//1211 657//1168 53//1169 678//1212
f 1817//1209 1818//1211 678//1212 679//1213
f 1816//1210 1817//1209 679//1213 680//1214
f 674//1198 1816//1210 680//1214 56//1199
f 673//1197 1813//1206 1816//1210 674//1198
f 672//1196 1810//1203 1813//1206 673//1197
f 1819//1215 1820//1216 1823//1217 1822//1218
f 1820//1216 1821//1219 1824//1220 1823//1217
f 1822//1218 1823//1217 1826//1221 1825//1222
f 1823//1217 1824//1220 1827//1223 1826//1221
f 53//1169 665//1167 1819//1215 683//1224
f 665//1167 664//1166 1820//1216 1819//1215
f 664//1166 663//1165 1821//1219 1820//1216
f 663//1165 54//1164 684//1225 1821//1219
f 1821//1219 684//1225 685//1226 1824//1220
f 1824//1220 685//1226 686//1227 1827//1223
f 1827//1223 686//1227 118//1228 687//1229
f 1826//1221 1827//1223 687//1229 688//1230
f 1825//1222 1826//1221 688//1230 689//1231
f 681//1232 1825//1222 689//1231 117//1233
f 682//1234 1822//1218 1825//1222 681//1232
f 683//1224 1819//1215 1822//1218 682//1234
f 1828//1235 1829//1236 1832//1237 1831//1238
f 1829//1236 1830//1239 1833//1240 1832//1237
f 1831//1238 1832//1237 1835//1241 1834//1242
f 1832//1237 1833//1240 1836//1243 1835//1241
f 54//1164 671//1186 1828//1235 684//1225
f 671//1186 670//1185 1829//1236 1828//1235
f 670//1185 669//1184 1830//1239 1829//1236
f 669//1184 55//1183 690//1244 1830//1239
f 1830//1239 690//1244 691//1245 1833//1240
f 1833//1240 691//1245 692//1246 1836//1243
f 1836//1243 692//1246 119//1247 693//1248
f 1835//1241 1836//1243 693//1248 694//1249
f 1834//1242 1835//1241 694//1249 695//1250
f 686//1227 1834//1242 695//1250 118//1228
f 685//1226 1831//1238 1834//1242 686//1227
f 684//1225 1828//1235 1831//1238 685//1226
f 1837//1251 1838//1252 1841//1253 1840//1254
f 1838//1252 1839//1255 1842//1256 1841//1253
f 1840//1254 1841//1253 1844//1257 1843//1258
f 1841//1253 1842//1256 1845//1259 1844//1257
f 55//1183 677//1202 1837//1251 690//1244
f 677//1202 676//1201 1838//1252 1837//1251
f 676//1201 675//1200 1839//1255 1838//1252
f 675//1200 56//1199 696//1260 1839//1255
f 1839//1255 696//1260 697//1261 1842//1256
f 1842//1256 697//1261 698//1262 1845//1259
f 1845//1259 698//1262 120//1263 699//1264
f 1844//1257 1845//1259 699//1264 700//1265
f 1843//1258 1844//1257 700//1265 701//1266
f 692//1246 1843//1258 701//1266 119//1247
f 691//1245 1840//1254 1843//1258 692//1246
f 690//1244 1837//1251 1840//1254 691//1245
f 1846//1267 1847//1268 1850//1269 1849//1270
f 1847//1268 1848//1271 1851//1272 1850//1269
f 1849//1270 1850//1269 1853//1273 1852//1274
f 1850//1269 1851//1272 1854//1275 1853//1273
f 56//1199 680//1214 1846//1267 696//1260
f 680//1214 679//1213 1847//1268 1846//1267
f 679//1213 678//1212 1848//1271 1847//1268
f 678//1212 53//1169 683//1224 1848//1271
f 1848//1271 683//1224 682//1234 1851//1272
f 1851//1272 682//1234 681//1232 1854//1275
f 1854//1275 681//1232 117//1233 702//1276
f 1853//1273 1854//1275 702//1276 703//1277
f 1852//1274 1853//1273 703//1277 704//1278
f 698//1262 1852//1274 704//1278 120//1263
f 697//1261 1849//1270 1852//1274 698//1262
f 696//1260 1846//1267 1849//1270 697//1261
f 1855//1279 1856//1280 1859//1281 1858//1282
f 1856//1280 1857//1283 1860//1284 1859//1281
f 1858//1282 1859//1281 1862//1285 1861//1286
f 1859//1281 1860//1284 1863//1287 1862//1285
f 117//1233 689//1231 1855//1279 707//1288
f 689//1231 688//1230 1856//1280 1855//1279
f 688//1230 687//1229 1857//1283 1856//1280
f 687//1229 118//1228 708//1289 1857//1283
f 1857//1283 708//1289 709//1290 1860//1284
f 1860//1284 709//1290 710//1291 1863//1287
f 1863//1287 710//1291 122//1292 711//1293
f 1862//1285 1863//1287 711//1293 712//1294
f 1861//1286 1862//1285 712//1294 713//1295
f 705//1296 1861//1286 713//1295 121//1297
f 706//1298 1858//1282 1861//1286 705//1296
f 707//1288 1855//1279 1858//1282 706//1298
f 1864//1299 1865//1300 1868//1301 1867//1302
f 1865//1300 1866//1303 1869//1304 1868//1301
f 1867//1302 1868//1301 1871//1305 1870//1306
f 1868//1301 1869//1304 1872//1307 1871//1305
f 118//1228 695//1250 1864//1299 708//1289
f 695//1250 694//1249 1865//1300 1864//1299
f 694//1249 693//1248 1866//1303 1865//1300
f 693//1248 119//1247 714//1308 1866//1303
f 1866//1303 714//1308 715//1309 1869//1304
f 1869//1304 715//1309 716//1310 1872//1307
f 1872//1307 716//1310 123//1311 717//1312
f 1871//1305 1872//1307 717//1312 718//1313
f 1870//1306 1871//1305 718//1313 719//1314
f 710//1291 1870//1306 719//1314 122//1292
f 709//1290 1867//1302 1870//1306 710//1291
f 708//1289 1864//1299 1867//1302 709//1290
f 1873//1315 1874//1316 1877//1317 1876//1318
f 1874//1316 1875//1319 1878//1320 1877//1317
f 1876//1318 1877//1317 1880//1321 1879//1322
f 1877//1317 1878//1320 1881//1323 1880//1321
f 119//1247 701//1266 1873//1315 714//1308
f 701//1266 700//1265 1874//1316 1873//1315
f 700//1265 699//1264 1875//1319 1874//1316
f 699//1264 120//1263 720//1324 1875//1319
f 1875//1319 720//1324 721//1325 1878//1320
f 1878//1320 721//1325 722//1326 1881//1323
f 1881//1323 722//1326 124//1327 723//1328
f 1880//1321 1881//1323 723//1328 724//1329
f 1879//1322 1880//1321 724//1329 725//1330
f 716//1310 1879//1322 725//1330 123//1311
f 715//1309 1876//1318 1879//1322 716//1310
f 714//1308 1873//1315 1876//1318 715//1309
f 1882//1331 1883//1332 1886//1333 1885//1334
f 1883//1332 1884//1335 1887//1336 1886//1333
f 1885//1334 1886//1333 1889//1337 1888//1338
f 1886//1333 1887//1336 1890//1339 1889//1337
f 120//1263 704//1278 1882//1331 720//1324
f 704//1278 703//1277 1883//1332 1882//1331
f 703//1277 702//1276 1884//1335 1883//1332
f 702//1276 117//1233 707//1288 1884//1335
f 1884//1335 707//1288 706//1298 1887//1336
f 1887//1336 706//1298 705//1296 1890//1339
f 1890//1339 705//1296 121//1297 726//1340
f 1889//1337 1890//1339 726//1340 727//1341
f 1888//1338 1889//1337 727//1341 728//1342
f 722//1326 1888//1338 728//1342 124//1327
f 721//1325 1885//1334 1888//1338 722//1326
f 720//1324 1882//1331 1885//1334 721//1325
f 1891//1343 1892//1344 1895//1344 1894//1345
f 1892//1344 1893//1346 1896//1347 1895//1344
f 1894//1345 1895//1344 1898//1344 1897//1348
f 1895//1344 1896//1347 1899//1349 1898//1344
f 121//1297 713//1295 1891//1343 731//1350
f 713//1295 712//1294 1892//1344 1891//1343
f 712//1294 711//1293 1893//1346 1892//1344
f 711//1293 122//1292 732//1351 1893//1346
f 1893//1346 732//1351 733//1352 1896//1347
f 1896//1347 733//1352 734//1353 1899//1349
f 1899//1349 734//1353 58//1354 735//1355
f 1898//1344 1899//1349 735//1355 736//1344
f 1897//1348 1898//1344 736//1344 737//1356
f 729//1357 1897//1348 737//1356 57//1358
f 730//1359 1894//1345 1897//1348 729//1357
f 731//1350 1891//1343 1894//1345 730//1359
f 1900//1360 1901//1361 1904//1362 1903//1363
f 1901//1361 1902//1364 1905//1365 1904//1362
f 1903//1363 1904//1362 1907//1366 1906//1367
f 1904//1362 1905//1365 1908//1368 1907//1366
f 122//1292 719//1314 1900//1360 732//1351
f 719//1314 718//1313 1901//1361 1900//1360
f 718//1313 717//1312 1902//1364 1901//1361
f 717//1312 123//1311 738//1369 1902//1364
f 1902//1364 738//1369 739//1370 1905//1365
f 1905//1365 739//1370 740//1371 1908//1368
f 1908//1368 740//1371 59//1372 741//1373
f 1907//1366 1908//1368 741//1373 742//1374
f 1906//1367 1907//1366 742//1374 743//1375
f 734//1353 1906//1367 743//1375 58//1354
f 733//1352 1903//1363 1906//1367 734//1353
f 732//1351 1900//1360 1903//1363 733//1352
f 1909//1376 1910//1329 1913//1329 1912//1377
f 1910//1329 1911//1378 1914//1379 1913//1329
f 1912//1377 1913//1329 1916//1329 1915//1380
f 1913//1329 1914//1379 1917//1381 1916//1329
f 123//1311 725//1330 1909//1376 738//1369
f 725//1330 724//1329 1910//1329 1909//1376
f 724//1329 723//1328 1911//1378 1910//1329
f 723//1328 124//1327 744//1382 1911//1378
f 1911//1378 744//1382 745//1383 1914//1379
f 1914//1379 745//1383 746//1384 1917//1381
f 1917//1381 746//1384 60//1385 747//1386
f 1916//1329 1917//1381 747//1386 748//1329
f 1915//1380 1916//1329 748//1329 749//1387
f 740//1371 1915//1380 749//1387 59//1372
f 739//1370 1912//1377 1915//1380 740//1371
f 738//1369 1909//1376 1912//1377 739//1370
f 1918//1388 1919//1389 1922//1390 1921//1391
f 1919//1389 1920//1340 1923//1392 1922//1390
f 1921//1391 1922//1390 1925//1393 1924//1394
f 1922//1390 1923//1392 1926//1395 1925//1393
f 124//1327 728//1342 1918//1388 744//1382
f 728//1342 727//1341 1919//1389 1918//1388
f 727//1341 726//1340 1920//1340 1919//1389
f 726//1340 121//1297 731//1350 1920//1340
f 1920//1340 731//1350 730//1359 1923//1392
f 1923//1392 730//1359 729//1357 1926//1395
f 1926//1395 729//1357 57//1358 750//1396
f 1925//1393 1926//1395 750//1396 751//1397
f 1924//1394 1925//1393 751//1397 752//1398
f 746//1384 1924//1394 752//1398 60//1385
f 745//1383 1921//1391 1924//1394 746//1384
f 744//1382 1918//1388 1921//1391 745//1383
f 1927//1399 1928//1400 1931//1400 1930//1401
f 1928//1400 1929//1402 1932//1403 1931//1400
f 1930//1401 1931//1400 1934//1400 1933//1404
f 1931//1400 1932//1403 1935//1405 1934//1400
f 57//1358 737//1356 1927//1399 755//1406
f 737//1356 736//1344 1928//1400 1927//1399
f 736//1344 735//1355 1929//1402 1928//1400
f 735//1355 58//1354 756//1407 1929//1402
f 1929//1402 756//1407 757//1408 1932//1403
f 1932//1403 757//1408 758//1409 1935//1405
f 1935//1405 758//1409 126//137 759//136
f 1934//1400 1935//1405 759//136 760//138
f 1933//1404 1934//1400 760//138 761//135
f 753//1410 1933//1404 761//135 125//134
f 754//1411 1930//1401 1933//1404 753//1410
f 755//1406 1927//1399 1930//1401 754//1411
f 1936//1412 1937//1413 1940//1414 1939//1415
f 1937//1413 1938//1416 1941//1417 1940//1414
f 1939//1415 1940//1414 1943//1418 1942//1419
f 1940//1414 1941//1417 1944//1420 1943//1418
f 58//1354 743//1375 1936//1412 756//1407
f 743//1375 742//1374 1937//1413 1936//1412
f 742//1374 741//1373 1938//1416 1937//1413
f 741//1373 59//1372 762//1421 1938//1416
f 1938//1416 762//1421 763//1422 1941//1417
f 1941//1417 763//1422 764//1423 1944//1420
f 1944//1420 764//1423 127//1424 765//132
f 1943//1418 1944//1420 765//132 766//131
f 1942//1419 1943//1418 766//131 767//1425
f 758//1409 1942//1419 767//1425 126//137
f 757//1408 1939//1415 1942//1419 758//1409
f 756//1407 1936//1412 1939//1415 757//1408
f 1945//1426 1946//1427 1949//1427 1948//1428
f 1946//1427 1947//1429 1950//1430 1949//1427
f 1948//1428 1949//1427 1952//1427 1951//1431
f 1949//1427 1950//1430 1953//1432 1952//1427
f 59//1372 749//1387 1945//1426 762//1421
f 749//1387 748//1329 1946//1427 1945//1426
f 748//1329 747//1386 1947//1429 1946//1427
f 747//1386 60//1385 768//1433 1947//1429
f 1947//1429 768//1433 769//1434 1950//1430
f 1950//1430 769//1434 770//1435 1953//1432
f 1953//1432 770//1435 128//1436 771//1437
f 1952//1427 1953//1432 771//1437 772//1427
f 1951//1431 1952//1427 772//1427 773//1438
f 764//1423 1951//1431 773//1438 127//1424
f 763//1422 1948//1428 1951//1431 764//1423
f 762//1421 1945//1426 1948//1428 763//1422
f 1954//1439 1955//1440 1958//1441 1957//1442
f 1955//1440 1956//1443 1959//1444 1958//1441
f 1957//1442 1958//1441 1961//1333 1960//1445
f 1958//1441 1959//1444 1962//1446 1961//1333
f 60//1385 752//1398 1954//1439 768//1433
f 752//1398 751//1397 1955//1440 1954//1439
f 751//1397 750//1396 1956//1443 1955//1440
f 750//1396 57//1358 755//1406 1956//1443
f 1956//1443 755//1406 754//1411 1959//1444
f 1959//1444 754//1411 753//1410 1962//1446
f 1962//1446 753//1410 125//134 774//1447
f 1961//1333 1962//1446 774//1447 775//1448
f 1960//1445 1961//1333 775//1448 776//1449
f 770//1435 1960//1445 776//1449 128//1436
f 769//1434 1957//1442 1960//1445 770//1435
f 768//1433 1954//1439 1957//1442 769//1434
f 1963//1450 1964//138 1967//138 1966//1450
f 1964//138 1965//136 1968//136 1967//138
f 1966//1450 1967//138 1970//138 1969//1450
f 1967//138 1968//136 1971//136 1970//138
f 125//134 761//135 1963//1450 779//134
f 761//135 760//138 1964//138 1963//1450
f 760//138 759//136 1965//136 1964//138
f 759//136 126//137 780//137 1965//136
f 1965//136 780//137 781//137 1968//136
f 1968//136 781//137 782//137 1971//136
f 1971//136 782//137 130//137 783//136
f 1970//138 1971//136 783//136 784//138
f 1969//1450 1970//138 784//138 785//1450
f 777//134 1969//1450 785//1450 129//134
f 778//134 1966//1450 1969//1450 777//134
f 779//134 1963//1450 1966//1450 778//134
f 1972//1425 1973//131 1976//131 1975//1425
f 1973//131 1974//132 1977//132 1976//131
f 1975//1425 1976//131 1979//131 1978//1425
f 1976//131 1977//132 1980//132 1979//131
f 126//137 767//1425 1972//1425 780//137
f 767//1425 766//131 1973//131 1972//1425
f 766//131 765//132 1974//132 1973//131
f 765//132 127//1424 786//1424 1974//132
f 1974//132 786//1424 787//1424 1977//132
f 1977//132 787//1424 788//1424 1980//132
f 1980//132 788//1424 131//1424 789//132
f 1979//131 1980//132 789//132 790//131
f 1978//1425 1979//131 790//131 791//1425
f 782//137 1978//1425 791//1425 130//137
f 781//137 1975//1425 1978//1425 782//137
f 780//137 1972//1425 1975//1425 781//137
f 1981//1438 1982//1427 1985//1427 1984//1438
f 1982//1427 1983//1437 1986//1437 1985//1427
f 1984//1438 1985//1427 1988//1427 1987//1438
f 1985//1427 1986//1437 1989//1437 1988//1427
f 127//1424 773//1438 1981//1438 786//1424
f 773//1438 772//1427 1982//1427 1981//1438
f 772//1427 771//1437 1983//1437 1982//1427
f 771//1437 128//1436 792//1436 1983//1437
f 1983//1437 792//1436 793//1436 1986//1437
f 1986//1437 793//1436 794//1436 1989//1437
f 1989//1437 794//1436 132//1436 795//1437
f 1988//1427 1989//1437 795//1437 796//1427
f 1987//1438 1988//1427 796//1427 797//1438
f 788//1424 1987//1438 797//1438 131//1424
f 787//1424 1984//1438 1987//1438 788//1424
f 786//1424 1981//1438 1984//1438 787//1424
f 1990//1449 1991//1448 1994//1448 1993//1449
f 1991//1448 1992//1447 1995//1447 1994//1448
f 1993//1449 1994//1448 1997//1448 1996//1449
f 1994//1448 1995//1447 1998//1447 1997//1448
f 128//1436 776//1449 1990//1449 792//1436
f 776//1449 775//1448 1991//1448 1990//1449
f 775//1448 774//1447 1992//1447 1991//1448
f 774//1447 125//134 779//134 1992//1447
f 1992//1447 779//134 778//134 1995//1447
f 1995//1447 778//134 777//134 1998//1447
f 1998//1447 777//134 129//134 798//1447
f 1997//1448 1998//1447 798//1447 799//1448
f 1996//1449 1997//1448 799//1448 800//1449
f 794//1436 1996//1449 800//1449 132//1436
f 793//1436 1993//1449 1996//1449 794//1436
f 792//1436 1990//1449 1993//1449 793//1436
f 1999//1450 2000//138 2003//138 2002//1450
f 2000//138 2001//136 2004//136 2003//138
f 2002//1450 2003//138 2006//138 2005//1450
f 2003//138 2004//136 2007//136 2006//138
f 129//134 785//1450 1999//1450 803//134
f 785//1450 784//138 2000//138 1999//1450
f 784//138 783//136 2001//136 2000//138
f 783//136 130//137 804//137 2001//136
f 2001//136 804//137 805//137 2004//136
f 2004//136 805//137 806//137 2007//136
f 2007//136 806//137 134//137 807//136
f 2006//138 2007//136 807//136 808//138
f 2005//1450 2006//138 808//138 809//1450
f 801//134 2005//1450 809//1450 133//134
f 802//134 2002//1450 2005//1450 801//134
f 803//134 1999//1450 2002//1450 802//134
f 2008//133 2009//131 2012//131 2011//133
f 2009//131 2010//132 2013//132 2012//131
f 2011//133 2012//131 2015//131 2014//133
f 2012//131 2013//132 2016//132 2015//131
f 130//137 791//1425 2008//133 804//137
f 791//1425 790//131 2009//131 2008//133
f 790//131 789//132 2010//132 2009//131
f 789//132 131//1424 810//1424 2010//132
f 2010//132 810//1424 811//1424 2013//132
f 2013//132 811//1424 812//1424 2016//132
f 2016//132 812//1424 135//1424 813//132
f 2015//131 2016//132 813//132 814//131
f 2014//133 2015//131 814//131 815//133
f 806//137 2014//133 815//133 134//137
f 805//137 2011//133 2014//133 806//137
f 804//137 2008//133 2011//133 805//137
f 2017//1438 2018//1427 2021//1427 2020//1438
f 2018//1427 2019//1437 2022//1437 2021//1427
f 2020//1438 2021//1427 2024//1427 2023//1438
f 2021//1427 2022//1437 2025//1437 2024//1427
f 131//1424 797//1438 2017//1438 810//1424
f 797//1438 796//1427 2018//1427 2017//1438
f 796//1427 795//1437 2019//1437 2018//1427
f 795//1437 132//1436 816//1436 2019//1437
f 2019//1437 816//1436 817//1436 2022//1437
f 2022//1437 817//1436 818//1436 2025//1437
f 2025//1437 818//1436 136//1436 819//1437
f 2024//1427 2025//1437 819//1437 820//1427
f 2023//1438 2024//1427 820//1427 821//1438
f 812//1424 2023//1438 821//1438 135//1424
f 811//1424 2020//1438 2023//1438 812//1424
f 810//1424 2017//1438 2020//1438 811//1424
f 2026//1449 2027//1448 2030//1448 2029//1449
f 2027//1448 2028//1447 2031//1447 2030//1448
f 2029//1449 2030//1448 2033//1448 2032//1449
f 2030//1448 2031//1447 2034//1447 2033//1448
f 132//1436 800//1449 2026//1449 816//1436
f 800//1449 799//1448 2027//1448 2026//1449
f 799//1448 798//1447 2028//1447 2027//1448
f 798//1447 129//134 803//134 2028//1447
f 2028//1447 803//134 802//134 2031//1447
f 2031//1447 802//134 801//134 2034//1447
f 2034//1447 801//134 133//134 822//1447
f 2033//1448 2034//1447 822//1447 823//1448
f 2032//1449 2033//1448 823//1448 824//1449
f 818//1436 2032//1449 824//1449 136//1436
f 817//1436 2029//1449 2032//1449 818//1436
f 816//1436 2026//1449 2029//1449 817//1436
f 2035//1450 2036//138 2039//138 2038//1450
f 2036//138 2037//136 2040//136 2039//138
f 2038//1450 2039//138 2042//138 2041//1450
f 2039//138 2040//136 2043//136 2042//138
f 133//134 809//1450 2035//1450 827//134
f 809//1450 808//138 2036//138 2035//1450
f 808//138 807//136 2037//136 2036//138
f 807//136 134//137 828//137 2037//136
f 2037//136 828//137 829//137 2040//136
f 2040//136 829//137 830//137 2043//136
f 2043//136 830//137 62//137 831//136
f 2042//138 2043//136 831//136 832//138
f 2041//1450 2042//138 832//138 833//1450
f 825//134 2041//1450 833//1450 61//134
f 826//134 2038//1450 2041//1450 825//134
f 827//134 2035//1450 2038//1450 826//134
f 2044//133 2045//131 2048//131 2047//133
f 2045//131 2046//132 2049//132 2048//131
f 2047//133 2048//131 2051//131 2050//133
f 2048//131 2049//132 2052//132 2051//131
f 134//137 815//133 2044//133 828//137
f 815//133 814//131 2045//131 2044//133
f 814//131 813//132 2046//132 2045//131
f 813//132 135//1424 834//1424 2046//132
f 2046//132 834//1424 835//1424 2049//132
f 2049//132 835//1424 836//1424 2052//132
f 2052//132 836//1424 63//1424 837//132
f 2051//131 2052//132 837//132 838//131
f 2050//133 2051//131 838//131 839//133
f 830//137 2050//133 839//133 62//137
f 829//137 2047//133 2050//133 830//137
f 828//137 2044//133 2047//133 829//137
f 2053//1438 2054//1427 2057//1427 2056//1438
f 2054//1427 2055//1437 2058//1437 2057//1427
f 2056//1438 2057//1427 2060//1427 2059//1438
f 2057//1427 2058//1437 2061//1437 2060//1427
f 135//1424 821//1438 2053//1438 834//1424
f 821//1438 820//1427 2054//1427 2053//1438
f 820//1427 819//1437 2055//1437 2054//1427
f 819//1437 136//1436 840//1436 2055//1437
f 2055//1437 840//1436 841//1436 2058//1437
f 2058//1437 841//1436 842//1436 2061//1437
f 2061//1437 842//1436 64//1436 843//1437
f 2060//1427 2061//1437 843//1437 844//1427
f 2059//1438 2060//1427 844//1427 845//1438
f 836//1424 2059//1438 845//1438 63//1424
f 835//1424 2056//1438 2059//1438 836//1424
f 834//1424 2053//1438 2056//1438 835//1424
f 2062//1449 2063//1448 2066//1448 2065//1449
f 2063//1448 2064//1447 2067//1447 2066//1448
f 2065//1449 2066//1448 2069//1448 2068//1449
f 2066//1448 2067//1447 2070//1447 2069//1448
f 136//1436 824//1449 2062//1449 840//1436
f 824//1449 823//1448 2063//1448 2062//1449
f 823//1448 822//1447 2064//1447 2063//1448
f 822//1447 133//134 827//134 2064//1447
f 2064//1447 827//134 826//134 2067//1447
f 2067//1447 826//134 825//134 2070//1447
f 2070//1447 825//134 61//134 846//1447
f 2069//1448 2070//1447 846//1447 847//1448
f 2068//1449 2069//1448 847//1448 848//1449
f 842//1436 2068//1449 848//1449 64//1436
f 841//1436 2065//1449 2068//1449 842//1436
f 840//1436 2062//1449 2065//1449 841//1436
f 2073//136 850//137 138//137 851//136
f 2072//138 2073//136 851//136 852//138
f 2071//1450 2072//138 852//138 853//1450
f 849//134 2071//1450 853//1450 137//134
f 63//1451 845//1452 296//1453 1231//1451
f 858//1454 2079//1455 2457//1456 273//1454
f 2073//1457 2072//1458 2438//1458 2439//1459
f 845//1452 844//1460 1213//1460 296//1453
f 2072//1458 2071//1461 2437//1462 2438//1458
f 844//1460 843//1463 1214//1464 1213//1460
f 2076//132 854//1424 139//1424 855//132
f 2075//131 2076//132 855//132 856//131
f 2074//133 2075//131 856//131 857//133
f 850//137 2074//133 857//133 138//137
f 61//1465 833//1466 1233//1467 1232//1465
f 849//1468 2082//1469 2466//1470 292//1468
f 843//1463 64//1471 1215//1471 1214//1464
f 2076//1472 2075//1473 2447//1473 2448//1474
f 833//1466 832//1475 1240//1475 1233//1467
f 2071//1461 849//1468 292//1468 2437//1462
f 2075//1473 2074//1476 2446//1477 2447//1473
f 832//1475 831//1478 1241//1479 1240//1475
f 831//1478 62//1480 1242//1480 1241//1479
f 2079//1455 2078//1481 2456//1481 2457//1456
f 2074//1476 850//1482 285//1482 2446//1477
f 2078//1481 2077//1483 2455//1484 2456//1481
f 2079//1437 858//1436 140//1436 859//1437
f 2078//1427 2079//1437 859//1437 860//1427
f 2077//1438 2078//1427 860//1427 861//1438
f 854//1424 2077//1438 861//1438 139//1424
f 850//1482 2073//1457 2439//1459 285//1482
f 62//1480 839//1485 1222//1486 1242//1480
f 2082//1469 2081//1487 2465//1487 2466//1470
f 839//1485 838//1488 1223//1488 1222//1486
f 2077//1483 854//1489 280//1489 2455//1484
f 64//1471 848//1490 293//1491 1215//1471
f 2081//1487 2080//1492 2464//1493 2465//1487
f 838//1488 837//1494 1224//1495 1223//1488
f 848//1490 847//1496 294//1496 293//1491
f 854//1489 2076//1472 2448//1474 280//1489
f 837//1494 63//1451 1231//1451 1224//1495
f 847//1496 846//1497 295//1498 294//1496
f 2082//1447 849//134 137//134 862//1447
f 2081//1448 2082//1447 862//1447 863//1448
f 2080//1449 2081//1448 863//1448 864//1449
f 858//1436 2080//1449 864//1449 140//1436
f 2080//1492 858//1454 273//1454 2464//1493
f 846//1497 61//1465 1232//1465 295//1498
f 2083//1450 2084//138 2087//138 2086//1450
f 2084//138 2085//136 2088//136 2087//138
f 2086//1450 2087//138 2090//138 2089//1450
f 2087//138 2088//136 2091//136 2090//138
f 137//134 853//1450 2083//1450 867//134
f 853//1450 852//138 2084//138 2083//1450
f 852//138 851//136 2085//136 2084//138
f 851//136 138//137 868//137 2085//136
f 2085//136 868//137 869//137 2088//136
f 2088//136 869//137 870//137 2091//136
f 2091//136 870//137 142//1499 871//1500
f 2090//138 2091//136 871//1500 872//1501
f 2089//1450 2090//138 872//1501 873//1404
f 865//134 2089//1450 873//1404 141//1502
f 866//134 2086//1450 2089//1450 865//134
f 867//134 2083//1450 2086//1450 866//134
f 2092//133 2093//131 2096//131 2095//133
f 2093//131 2094//132 2097//132 2096//131
f 2095//133 2096//131 2099//131 2098//133
f 2096//131 2097//132 2100//132 2099//131
f 138//137 857//133 2092//133 868//137
f 857//133 856//131 2093//131 2092//133
f 856//131 855//132 2094//132 2093//131
f 855//132 139//1424 874//1424 2094//132
f 2094//132 874//1424 875//1424 2097//132
f 2097//132 875//1424 876//1424 2100//132
f 2100//132 876//1424 143//1503 877//132
f 2099//131 2100//132 877//132 878//131
f 2098//133 2099//131 878//131 879//1425
f 870//137 2098//133 879//1425 142//1499
f 869//137 2095//133 2098//133 870//137
f 868//137 2092//133 2095//133 869//137
f 2101//1438 2102//1427 2105//1427 2104//1438
f 2102//1427 2103//1437 2106//1437 2105//1427
f 2104//1438 2105//1427 2108//1427 2107//1438
f 2105//1427 2106//1437 2109//1437 2108//1427
f 139//1424 861//1438 2101//1438 874//1424
f 861//1438 860//1427 2102//1427 2101//1438
f 860//1427 859//1437 2103//1437 2102//1427
f 859//1437 140//1436 880//1436 2103//1437
f 2103//1437 880//1436 881//1436 2106//1437
f 2106//1437 881//1436 882//1436 2109//1437
f 2109//1437 882//1436 144//1504 883//1432
f 2108//1427 2109//1437 883//1432 884//1505
f 2107//1438 2108//1427 884//1505 885//1506
f 876//1424 2107//1438 885//1506 143//1503
f 875//1424 2104//1438 2107//1438 876//1424
f 874//1424 2101//1438 2104//1438 875//1424
f 2110//1449 2111//1448 2114//1448 2113//1449
f 2111//1448 2112//1447 2115//1447 2114//1448
f 2113//1449 2114//1448 2117//1448 2116//1449
f 2114//1448 2115//1447 2118//1447 2117//1448
f 140//1436 864//1449 2110//1449 880//1436
f 864//1449 863//1448 2111//1448 2110//1449
f 863//1448 862//1447 2112//1447 2111//1448
f 862//1447 137//134 867//134 2112//1447
f 2112//1447 867//134 866//134 2115//1447
f 2115//1447 866//134 865//134 2118//1447
f 2118//1447 865//134 141//1502 886//1447
f 2117//1448 2118//1447 886//1447 887//1448
f 2116//1449 2117//1448 887//1448 888//1449
f 882//1436 2116//1449 888//1449 144//1504
f 881//1436 2113//1449 2116//1449 882//1436
f 880//1436 2110//1449 2113//1449 881//1436
f 2119//1507 2120//1508 2123//1509 2122//1510
f 2120//1508 2121//1511 2124//1512 2123//1509
f 2122//1510 2123//1509 2126//1513 2125//1514
f 2123//1509 2124//1512 2127//1515 2126//1513
f 141//1502 873//1404 2119//1507 891//1516
f 873//1404 872//1501 2120//1508 2119//1507
f 872//1501 871//1500 2121//1511 2120//1508
f 871//1500 142//1499 892//1517 2121//1511
f 2121//1511 892//1517 893//1518 2124//1512
f 2124//1512 893//1518 894//1519 2127//1515
f 2127//1515 894//1519 146//1520 895//1521
f 2126//1513 2127//1515 895//1521 896//1522
f 2125//1514 2126//1513 896//1522 897//1523
f 889//1524 2125//1514 897//1523 145//1525
f 890//1526 2122//1510 2125//1514 889//1524
f 891//1516 2119//1507 2122//1510 890//1526
f 2128//1527 2129//131 2132//1528 2131//1529
f 2129//131 2130//1530 2133//1531 2132//1528
f 2131//1529 2132//1528 2135//1532 2134//1533
f 2132//1528 2133//1531 2136//1534 2135//1532
f 142//1499 879//1425 2128//1527 892//1517
f 879//1425 878//131 2129//131 2128//1527
f 878//131 877//132 2130//1530 2129//131
f 877//132 143//1503 898//1535 2130//1530
f 2130//1530 898//1535 899//1536 2133//1531
f 2133//1531 899//1536 900//1537 2136//1534
f 2136//1534 900//1537 147//1538 901//1539
f 2135//1532 2136//1534 901//1539 902//1540
f 2134//1533 2135//1532 902//1540 903//1541
f 894//1519 2134//1533 903//1541 146//1520
f 893//1518 2131//1529 2134//1533 894//1519
f 892//1517 2128//1527 2131//1529 893//1518
f 2137//1542 2138//1543 2141//1544 2140//1545
f 2138//1543 2139//1546 2142//1547 2141//1544
f 2140//1545 2141//1544 2144//1548 2143//1549
f 2141//1544 2142//1547 2145//1550 2144//1548
f 143//1503 885//1506 2137//1542 898//1535
f 885//1506 884//1505 2138//1543 2137//1542
f 884//1505 883//1432 2139//1546 2138//1543
f 883//1432 144//1504 904//1551 2139//1546
f 2139//1546 904//1551 905//1552 2142//1547
f 2142//1547 905//1552 906//1553 2145//1550
f 2145//1550 906//1553 148//1554 907//1555
f 2144//1548 2145//1550 907//1555 908//1556
f 2143//1549 2144//1548 908//1556 909//1557
f 900//1537 2143//1549 909//1557 147//1538
f 899//1536 2140//1545 2143//1549 900//1537
f 898//1535 2137//1542 2140//1545 899//1536
f 2146//1558 2147//1559 2150//1560 2149//1561
f 2147//1559 2148//1562 2151//1563 2150//1560
f 2149//1561 2150//1560 2153//1564 2152//1565
f 2150//1560 2151//1563 2154//1566 2153//1564
f 144//1504 888//1449 2146//1558 904//1551
f 888//1449 887//1448 2147//1559 2146//1558
f 887//1448 886//1447 2148//1562 2147//1559
f 886//1447 141//1502 891//1516 2148//1562
f 2148//1562 891//1516 890//1526 2151//1563
f 2151//1563 890//1526 889//1524 2154//1566
f 2154//1566 889//1524 145//1525 910//1567
f 2153//1564 2154//1566 910//1567 911//1568
f 2152//1565 2153//1564 911//1568 912//1569
f 906//1553 2152//1565 912//1569 148//1554
f 905//1552 2149//1561 2152//1565 906//1553
f 904//1551 2146//1558 2149//1561 905//1552
f 2155//1570 2156//1571 2159//1572 2158//1573
f 2156//1571 2157//1574 2160//1575 2159//1572
f 2158//1573 2159//1572 2162//1576 2161//1577
f 2159//1572 2160//1575 2163//1578 2162//1576
f 145//1525 897//1523 2155//1570 915//1579
f 897//1523 896//1522 2156//1571 2155//1570
f 896//1522 895//1521 2157//1574 2156//1571
f 895//1521 146//1520 916//1580 2157//1574
f 2157//1574 916//1580 917//1581 2160//1575
f 2160//1575 917//1581 918//1582 2163//1578
f 2163//1578 918//1582 66//1583 919//1584
f 2162//1576 2163//1578 919//1584 920//1585
f 2161//1577 2162//1576 920//1585 921//1586
f 913//1587 2161//1577 921//1586 65//1588
f 914//1589 2158//1573 2161//1577 913//1587
f 915//1579 2155//1570 2158//1573 914//1589
f 2164//1590 2165//1591 2168//1592 2167//1593
f 2165//1591 2166//1594 2169//1595 2168//1592
f 2167//1593 2168//1592 2171//1596 2170//1597
f 2168//1592 2169//1595 2172//1598 2171//1596
f 146//1520 903//1541 2164//1590 916//1580
f 903//1541 902//1540 2165//1591 2164//1590
f 902//1540 901//1539 2166//1594 2165//1591
f 901//1539 147//1538 922//1599 2166//1594
f 2166//1594 922//1599 923//1600 2169//1595
f 2169//1595 923//1600 924//1601 2172//1598
f 2172//1598 924//1601 67//1602 925//1603
f 2171//1596 2172//1598 925//1603 926//1604
f 2170//1597 2171//1596 926//1604 927//1605
f 918//1582 2170//1597 927//1605 66//1583
f 917//1581 2167//1593 2170//1597 918//1582
f 916//1580 2164//1590 2167//1593 917//1581
f 2173//1606 2174//1607 2177//1608 2176//1609
f 2174//1607 2175//1610 2178//1611 2177//1608
f 2176//1609 2177//1608 2180//1612 2179//1613
f 2177//1608 2178//1611 2181//1614 2180//1612
f 147//1538 909//1557 2173//1606 922//1599
f 909//1557 908//1556 2174//1607 2173//1606
f 908//1556 907//1555 2175//1610 2174//1607
f 907//1555 148//1554 928//1615 2175//1610
f 2175//1610 928//1615 929//1616 2178//1611
f 2178//1611 929//1616 930//1617 2181//1614
f 2181//1614 930//1617 68//1618 931//1619
f 2180//1612 2181//1614 931//1619 932//1620
f 2179//1613 2180//1612 932//1620 933//1621
f 924//1601 2179//1613 933//1621 67//1602
f 923//1600 2176//1609 2179//1613 924//1601
f 922//1599 2173//1606 2176//1609 923//1600
f 2182//1622 2183//1623 2186//1624 2185//1625
f 2183//1623 2184//1626 2187//1627 2186//1624
f 2185//1625 2186//1624 2189//1628 2188//1629
f 2186//1624 2187//1627 2190//1630 2189//1628
f 148//1554 912//1569 2182//1622 928//1615
f 912//1569 911//1568 2183//1623 2182//1622
f 911//1568 910//1567 2184//1626 2183//1623
f 910//1567 145//1525 915//1579 2184//1626
f 2184//1626 915//1579 914//1589 2187//1627
f 2187//1627 914//1589 913//1587 2190//1630
f 2190//1630 913//1587 65//1588 934//1631
f 2189//1628 2190//1630 934//1631 935//1632
f 2188//1629 2189//1628 935//1632 936//1633
f 930//1617 2188//1629 936//1633 68//1618
f 929//1616 2185//1625 2188//1629 930//1617
f 928//1615 2182//1622 2185//1625 929//1616
f 2191//1634 2192//1635 2195//1636 2194//1637
f 2192//1635 2193//1638 2196//1639 2195//1636
f 2194//1637 2195//1636 2198//1640 2197//1641
f 2195//1636 2196//1639 2199//1642 2198//1640
f 65//1588 921//1586 2191//1634 939//1643
f 921//1586 920//1585 2192//1635 2191//1634
f 920//1585 919//1584 2193//1638 2192//1635
f 919//1584 66//1583 940//1644 2193//1638
f 2193//1638 940//1644 941//1645 2196//1639
f 2196//1639 941//1645 942//1646 2199//1642
f 2199//1642 942//1646 70//1647 943//1648
f 2198//1640 2199//1642 943//1648 944//1649
f 2197//1641 2198//1640 944//1649 945//1650
f 937//1651 2197//1641 945//1650 69//1652
f 938//1653 2194//1637 2197//1641 937//1651
f 939//1643 2191//1634 2194//1637 938//1653
f 2200//1654 2201//1655 2204//1656 2203//1657
f 2201//1655 2202//1658 2205//1659 2204//1656
f 2203//1657 2204//1656 2207//1660 2206//1661
f 2204//1656 2205//1659 2208//1662 2207//1660
f 66//1583 927//1605 2200//1654 940//1644
f 927//1605 926//1604 2201//1655 2200//1654
f 926//1604 925//1603 2202//1658 2201//1655
f 925//1603 67//1602 946//1663 2202//1658
f 2202//1658 946//1663 947//1664 2205//1659
f 2205//1659 947//1664 948//1665 2208//1662
f 2208//1662 948//1665 71//1666 949//1667
f 2207//1660 2208//1662 949//1667 950//1668
f 2206//1661 2207//1660 950//1668 951//1669
f 942//1646 2206//1661 951//1669 70//1647
f 941//1645 2203//1657 2206//1661 942//1646
f 940//1644 2200//1654 2203//1657 941//1645
f 2209//1670 2210//1671 2213//1672 2212//1673
f 2210//1671 2211//1674 2214//1675 2213//1672
f 2212//1673 2213//1672 2216//1676 2215//1677
f 2213//1672 2214//1675 2217//1678 2216//1676
f 67//1602 933//1621 2209//1670 946//1663
f 933//1621 932//1620 2210//1671 2209//1670
f 932//1620 931//1619 2211//1674 2210//1671
f 931//1619 68//1618 952//1679 2211//1674
f 2211//1674 952//1679 953//1680 2214//1675
f 2214//1675 953//1680 954//1681 2217//1678
f 2217//1678 954//1681 72//1682 955//1683
f 2216//1676 2217//1678 955//1683 956//1684
f 2215//1677 2216//1676 956//1684 957//1685
f 948//1665 2215//1677 957//1685 71//1666
f 947//1664 2212//1673 2215//1677 948//1665
f 946//1663 2209//1670 2212//1673 947//1664
f 2218//1686 2219//1687 2222//1688 2221//1689
f 2219//1687 2220//1690 2223//1691 2222//1688
f 2221//1689 2222//1688 2225//1692 2224//1693
f 2222//1688 2223//1691 2226//1694 2225//1692
f 68//1618 936//1633 2218//1686 952//1679
f 936//1633 935//1632 2219//1687 2218//1686
f 935//1632 934//1631 2220//1690 2219//1687
f 934//1631 65//1588 939//1643 2220//1690
f 2220//1690 939//1643 938//1653 2223//1691
f 2223//1691 938//1653 937//1651 2226//1694
f 2226//1694 937//1651 69//1652 958//1695
f 2225//1692 2226//1694 958//1695 959//1696
f 2224//1693 2225//1692 959//1696 960//1697
f 954//1681 2224//1693 960//1697 72//1682
f 953//1680 2221//1689 2224//1693 954//1681
f 952//1679 2218//1686 2221//1689 953//1680
f 2227//1698 2228//1699 2231//1700 2230//1701
f 2228//1699 2229//1702 2232//1703 2231//1700
f 2230//1701 2231//1700 2234//1704 2233//1705
f 2231//1700 2232//1703 2235//1706 2234//1704
f 69//1652 945//1650 2227//1698 963//1707
f 945//1650 944//1649 2228//1699 2227//1698
f 944//1649 943//1648 2229//1702 2228//1699
f 943//1648 70//1647 964//1708 2229//1702
f 2229//1702 964//1708 965//1709 2232//1703
f 2232//1703 965//1709 966//1710 2235//1706
f 2235//1706 966//1710 74//1711 967//1712
f 2234//1704 2235//1706 967//1712 968//1713
f 2233//1705 2234//1704 968//1713 969//1714
f 961//1715 2233//1705 969//1714 73//1716
f 962//1717 2230//1701 2233//1705 961//1715
f 963//1707 2227//1698 2230//1701 962//1717
f 2236//1718 2237//1719 2240//1720 2239//1721
f 2237//1719 2238//1722 2241//1723 2240//1720
f 2239//1721 2240//1720 2243//1724 2242//1725
f 2240//1720 2241//1723 2244//1726 2243//1724
f 70//1647 951//1669 2236//1718 964//1708
f 951//1669 950//1668 2237//1719 2236//1718
f 950//1668 949//1667 2238//1722 2237//1719
f 949//1667 71//1666 970//1727 2238//1722
f 2238//1722 970//1727 971//1728 2241//1723
f 2241//1723 971//1728 972//1729 2244//1726
f 2244//1726 972//1729 75//1730 973//1731
f 2243//1724 2244//1726 973//1731 974//1732
f 2242//1725 2243//1724 974//1732 975//1733
f 966//1710 2242//1725 975//1733 74//1711
f 965//1709 2239//1721 2242//1725 966//1710
f 964//1708 2236//1718 2239//1721 965//1709
f 2245//1734 2246//1735 2249//1736 2248//1737
f 2246//1735 2247//1738 2250//1739 2249//1736
f 2248//1737 2249//1736 2252//1740 2251//1741
f 2249//1736 2250//1739 2253//1742 2252//1740
f 71//1666 957//1685 2245//1734 970//1727
f 957//1685 956//1684 2246//1735 2245//1734
f 956//1684 955//1683 2247//1738 2246//1735
f 955//1683 72//1682 976//1743 2247//1738
f 2247//1738 976//1743 977//1744 2250//1739
f 2250//1739 977//1744 978//1745 2253//1742
f 2253//1742 978//1745 76//1746 979//1747
f 2252//1740 2253//1742 979//1747 980//1748
f 2251//1741 2252//1740 980//1748 981//1749
f 972//1729 2251//1741 981//1749 75//1730
f 971//1728 2248//1737 2251//1741 972//1729
f 970//1727 2245//1734 2248//1737 971//1728
f 2254//1750 2255//1751 2258//1752 2257//1753
f 2255//1751 2256//1754 2259//1755 2258//1752
f 2257//1753 2258//1752 2261//1756 2260//1757
f 2258//1752 2259//1755 2262//1758 2261//1756
f 72//1682 960//1697 2254//1750 976//1743
f 960//1697 959//1696 2255//1751 2254//1750
f 959//1696 958//1695 2256//1754 2255//1751
f 958//1695 69//1652 963//1707 2256//1754
f 2256//1754 963//1707 962//1717 2259//1755
f 2259//1755 962//1717 961//1715 2262//1758
f 2262//1758 961//1715 73//1716 982//1759
f 2261//1756 2262//1758 982//1759 983//1760
f 2260//1757 2261//1756 983//1760 984//1761
f 978//1745 2260//1757 984//1761 76//1746
f 977//1744 2257//1753 2260//1757 978//1745
f 976//1743 2254//1750 2257//1753 977//1744
f 2263//1762 2264//1763 2267//1764 2266//1765
f 2264//1763 2265//1766 2268//1767 2267//1764
f 2266//1765 2267//1764 2270//1768 2269//1769
f 2267//1764 2268//1767 2271//1770 2270//1768
f 73//1716 969//1714 2263//1762 987//1771
f 969//1714 968//1713 2264//1763 2263//1762
f 968//1713 967//1712 2265//1766 2264//1763
f 967//1712 74//1711 988//1772 2265//1766
f 2265//1766 988//1772 989//1773 2268//1767
f 2268//1767 989//1773 990//1774 2271//1770
f 2271//1770 990//1774 150//1775 991//1776
f 2270//1768 2271//1770 991//1776 992//1777
f 2269//1769 2270//1768 992//1777 993//1778
f 985//1779 2269//1769 993//1778 149//1780
f 986//1781 2266//1765 2269//1769 985//1779
f 987//1771 2263//1762 2266//1765 986//1781
f 2272//1782 2273//1783 2276//1784 2275//1785
f 2273//1783 2274//1786 2277//1787 2276//1784
f 2275//1785 2276//1784 2279//1788 2278//1789
f 2276//1784 2277//1787 2280//1790 2279//1788
f 74//1711 975//1733 2272//1782 988//1772
f 975//1733 974//1732 2273//1783 2272//1782
f 974//1732 973//1731 2274//1786 2273//1783
f 973//1731 75//1730 994//1791 2274//1786
f 2274//1786 994//1791 995//1792 2277//1787
f 2277//1787 995//1792 996//1793 2280//1790
f 2280//1790 996//1793 151//1794 997//1795
f 2279//1788 2280//1790 997//1795 998//1796
f 2278//1789 2279//1788 998//1796 999//1797
f 990//1774 2278//1789 999//1797 150//1775
f 989//1773 2275//1785 2278//1789 990//1774
f 988//1772 2272//1782 2275//1785 989//1773
f 2281//1798 2282//1799 2285//1800 2284//1801
f 2282//1799 2283//1802 2286//1803 2285//1800
f 2284//1801 2285//1800 2288//1804 2287//1805
f 2285//1800 2286//1803 2289//1806 2288//1804
f 75//1730 981//1749 2281//1798 994//1791
f 981//1749 980//1748 2282//1799 2281//1798
f 980//1748 979//1747 2283//1802 2282//1799
f 979//1747 76//1746 1000//1807 2283//1802
f 2283//1802 1000//1807 1001//1808 2286//1803
f 2286//1803 1001//1808 1002//1809 2289//1806
f 2289//1806 1002//1809 152//1810 1003//1811
f 2288//1804 2289//1806 1003//1811 1004//1812
f 2287//1805 2288//1804 1004//1812 1005//1813
f 996//1793 2287//1805 1005//1813 151//1794
f 995//1792 2284//1801 2287//1805 996//1793
f 994//1791 2281//1798 2284//1801 995//1792
f 2290//1814 2291//1815 2294//1816 2293//1817
f 2291//1815 2292//1818 2295//1819 2294//1816
f 2293//1817 2294//1816 2297//1820 2296//1821
f 2294//1816 2295//1819 2298//1822 2297//1820
f 76//1746 984//1761 2290//1814 1000//1807
f 984//1761 983//1760 2291//1815 2290//1814
f 983//1760 982//1759 2292//1818 2291//1815
f 982//1759 73//1716 987//1771 2292//1818
f 2292//1818 987//1771 986//1781 2295//1819
f 2295//1819 986//1781 985//1779 2298//1822
f 2298//1822 985//1779 149//1780 1006//1823
f 2297//1820 2298//1822 1006//1823 1007//1824
f 2296//1821 2297//1820 1007//1824 1008//1825
f 1002//1809 2296//1821 1008//1825 152//1810
f 1001//1808 2293//1817 2296//1821 1002//1809
f 1000//1807 2290//1814 2293//1817 1001//1808
f 2299//1826 2300//1827 2303//1828 2302//1829
f 2300//1827 2301//1830 2304//1831 2303//1828
f 2302//1829 2303//1828 2306//1832 2305//1833
f 2303//1828 2304//1831 2307//1834 2306//1832
f 149//1780 993//1778 2299//1826 1011//1835
f 993//1778 992//1777 2300//1827 2299//1826
f 992//1777 991//1776 2301//1830 2300//1827
f 991//1776 150//1775 1012//1836 2301//1830
f 2301//1830 1012//1836 1013//1837 2304//1831
f 2304//1831 1013//1837 1014//1838 2307//1834
f 2307//1834 1014//1838 78//1839 1015//1840
f 2306//1832 2307//1834 1015//1840 1016//1841
f 2305//1833 2306//1832 1016//1841 1017//1842
f 1009//1843 2305//1833 1017//1842 77//1844
f 1010//1845 2302//1829 2305//1833 1009//1843
f 1011//1835 2299//1826 2302//1829 1010//1845
f 2308//1846 2309//1847 2312//1848 2311//1849
f 2309//1847 2310//1850 2313//1851 2312//1848
f 2311//1849 2312//1848 2315//1852 2314//1853
f 2312//1848 2313//1851 2316//1854 2315//1852
f 150//1775 999//1797 2308//1846 1012//1836
f 999//1797 998//1796 2309//1847 2308//1846
f 998//1796 997//1795 2310//1850 2309//1847
f 997//1795 151//1794 1018//1855 2310//1850
f 2310//1850 1018//1855 1019//1856 2313//1851
f 2313//1851 1019//1856 1020//1857 2316//1854
f 2316//1854 1020//1857 79//1858 1021//1859
f 2315//1852 2316//1854 1021//1859 1022//1860
f 2314//1853 2315//1852 1022//1860 1023//1861
f 1014//1838 2314//1853 1023//1861 78//1839
f 1013//1837 2311//1849 2314//1853 1014//1838
f 1012//1836 2308//1846 2311//1849 1013//1837
f 2317//1862 2318//1863 2321//1864 2320//1865
f 2318//1863 2319//1866 2322//1867 2321//1864
f 2320//1865 2321//1864 2324//1868 2323//1869
f 2321//1864 2322//1867 2325//1870 2324//1868
f 151//1794 1005//1813 2317//1862 1018//1855
f 1005//1813 1004//1812 2318//1863 2317//1862
f 1004//1812 1003//1811 2319//1866 2318//1863
f 1003//1811 152//1810 1024//1871 2319//1866
f 2319//1866 1024//1871 1025//1872 2322//1867
f 2322//1867 1025//1872 1026//1873 2325//1870
f 2325//1870 1026//1873 80//1874 1027//1875
f 2324//1868 2325//1870 1027//1875 1028//1876
f 2323//1869 2324//1868 1028//1876 1029//1877
f 1020//1857 2323//1869 1029//1877 79//1858
f 1019//1856 2320//1865 2323//1869 1020//1857
f 1018//1855 2317//1862 2320//1865 1019//1856
f 2326//1878 2327//1879 2330//1880 2329//1881
f 2327//1879 2328//1882 2331//1883 2330//1880
f 2329//1881 2330//1880 2333//1884 2332//1885
f 2330//1880 2331//1883 2334//1886 2333//1884
f 152//1810 1008//1825 2326//1878 1024//1871
f 1008//1825 1007//1824 2327//1879 2326//1878
f 1007//1824 1006//1823 2328//1882 2327//1879
f 1006//1823 149//1780 1011//1835 2328//1882
f 2328//1882 1011//1835 1010//1845 2331//1883
f 2331//1883 1010//1845 1009//1843 2334//1886
f 2334//1886 1009//1843 77//1844 1030//1887
f 2333//1884 2334//1886 1030//1887 1031//1888
f 2332//1885 2333//1884 1031//1888 1032//1889
f 1026//1873 2332//1885 1032//1889 80//1874
f 1025//1872 2329//1881 2332//1885 1026//1873
f 1024//1871 2326//1878 2329//1881 1025//1872
f 2335//1890 2336//1891 2339//1892 2338//1893
f 2336//1891 2337//1894 2340//1895 2339//1892
f 2338//1893 2339//1892 2342//1896 2341//1897
f 2339//1892 2340//1895 2343//1898 2342//1896
f 77//1844 1017//1842 2335//1890 1035//1899
f 1017//1842 1016//1841 2336//1891 2335//1890
f 1016//1841 1015//1840 2337//1894 2336//1891
f 1015//1840 78//1839 1036//1900 2337//1894
f 2337//1894 1036//1900 1037//1901 2340//1895
f 2340//1895 1037//1901 1038//1902 2343//1898
f 2343//1898 1038//1902 82//40 170//39
f 2342//1896 2343//1898 170//39 169//38
f 2341//1897 2342//1896 169//38 168//36
f 1033//1903 2341//1897 168//36 81//35
f 1034//1904 2338//1893 2341//1897 1033//1903
f 1035//1899 2335//1890 2338//1893 1034//1904
f 2344//1905 2345//1906 2348//1907 2347//1908
f 2345//1906 2346//1909 2349//1910 2348//1907
f 2347//1908 2348//1907 2351//1911 2350//1912
f 2348//1907 2349//1910 2352//1913 2351//1911
f 78//1839 1023//1861 2344//1905 1036//1900
f 1023//1861 1022//1860 2345//1906 2344//1905
f 1022//1860 1021//1859 2346//1909 2345//1906
f 1021//1859 79//1858 1039//1914 2346//1909
f 2346//1909 1039//1914 1040//1915 2349//1910
f 2349//1910 1040//1915 1041//1916 2352//1913
f 2352//1913 1041//1916 83//44 173//43
f 2351//1911 2352//1913 173//43 172//42
f 2350//1912 2351//1911 172//42 171//41
f 1038//1902 2350//1912 171//41 82//40
f 1037//1901 2347//1908 2350//1912 1038//1902
f 1036//1900 2344//1905 2347//1908 1037//1901
f 2353//1917 2354//1918 2357//1919 2356//1920
f 2354//1918 2355//1921 2358//1922 2357//1919
f 2356//1920 2357//1919 2360//1923 2359//1924
f 2357//1919 2358//1922 2361//1925 2360//1923
f 79//1858 1029//1877 2353//1917 1039//1914
f 1029//1877 1028//1876 2354//1918 2353//1917
f 1028//1876 1027//1875 2355//1921 2354//1918
f 1027//1875 80//1874 1042//1926 2355//1921
f 2355//1921 1042//1926 1043//1927 2358//1922
f 2358//1922 1043//1927 1044//1928 2361//1925
f 2361//1925 1044//1928 84//49 176//47
f 2360//1923 2361//1925 176//47 175//46
f 2359//1924 2360//1923 175//46 174//45
f 1041//1916 2359//1924 174//45 83//44
f 1040//1915 2356//1920 2359//1924 1041//1916
f 1039//1914 2353//1917 2356//1920 1040//1915
f 2362//1929 2363//1930 2366//1931 2365//1932
f 2363//1930 2364//1933 2367//1934 2366//1931
f 2365//1932 2366//1931 2369//1935 2368//1936
f 2366//1931 2367//1934 2370//1937 2369//1935
f 80//1874 1032//1889 2362//1929 1042//1926
f 1032//1889 1031//1888 2363//1930 2362//1929
f 1031//1888 1030//1887 2364//1933 2363//1930
f 1030//1887 77//1844 1035//1899 2364//1933
f 2364//1933 1035//1899 1034//1904 2367//1934
f 2367//1934 1034//1904 1033//1903 2370//1937
f 2370//1937 1033//1903 81//35 167//37
f 2369//1935 2370//1937 167//37 166//50
f 2368//1936 2369//1935 166//50 165//48
f 1044//1928 2368//1936 165//48 84//49
f 1043//1927 2365//1932 2368//1936 1044//1928
f 1042//1926 2362//1929 2365//1932 1043//1927
f 2399//115 2400//116 2403//116 2402//115
f 2400//116 2401//117 2404//117 2403//116
f 2401//117 2374//119 2375//119 2404//117
f 2404//117 2375//119 2376//119 2377//117
f 2403//116 2404//117 2377//117 2378//116
f 2402//115 2403//116 2378//116 2379//115
f 2372//118 2402//115 2379//115 2371//118
f 2373//118 2399//115 2402//115 2372//118
f 2405//120 2406//121 2409//121 2408//120
f 2406//121 2407//122 2410//122 2409//121
f 2407//122 2380//123 2381//123 2410//122
f 2410//122 2381//123 2382//1938 2383//1939
f 2409//121 2410//122 2383//1939 2384//1940
f 2408//120 2409//121 2384//1940 2385//120
f 2375//119 2408//120 2385//120 2376//119
f 2374//119 2405//120 2408//120 2375//119
f 2411//124 2412//125 2415//125 2414//124
f 2412//125 2413//126 2416//126 2415//125
f 2413//126 2386//127 2387//127 2416//126
f 2416//126 2387//127 2388//127 2389//126
f 2415//125 2416//126 2389//126 2390//125
f 2414//124 2415//125 2390//125 2391//124
f 2381//123 2414//124 2391//124 2382//1938
f 2380//123 2411//124 2414//124 2381//123
f 2417//128 2418//129 2421//129 2420//128
f 2418//129 2419//130 2422//130 2421//129
f 2419//130 2373//118 2372//118 2422//130
f 2422//130 2372//118 2371//118 2392//1941
f 2421//129 2422//130 2392//1941 2393//129
f 2420//128 2421//129 2393//129 2394//128
f 2387//127 2420//128 2394//128 2388//127
f 2386//127 2417//128 2420//128 2387//127
f 2371//118 2379//115 2423//1942 2395//1943
f 2379//115 2378//116 2424//1944 2423//1942
f 2378//116 2377//117 2425//1945 2424//1944
f 2377//117 2376//119 2396//1946 2425//1945
f 2376//119 2385//120 2426//1947 2396//1946
f 2385//120 2384//1940 2427//1948 2426//1947
f 2384//1940 2383//1939 2428//1939 2427//1948
f 2383//1939 2382//1938 2397//1938 2428//1939
f 2382//1938 2391//124 2429//1949 2397//1938
f 2391//124 2390//125 2430//1950 2429//1949
f 2390//125 2389//126 2431//1951 2430//1950
f 2389//126 2388//127 2398//1952 2431//1951
f 2388//127 2394//128 2432//1953 2398//1952
f 2394//128 2393//129 2433//1954 2432//1953
f 2393//129 2392//1941 2434//1955 2433//1954
f 2392//1941 2371//118 2395//1943 2434//1955
f 1242//137 1222//133 2440//133 287//137
f 1222//133 1223//131 2441//131 2440//133
f 1223//131 1224//132 2442//132 2441//131
f 1224//132 1231//1424 284//1424 2442//132
f 2442//132 284//1424 281//1424 2445//132
f 2445//132 281//1424 280//1424 2448//132
f 286//137 2443//133 2446//133 285//137
f 287//137 2440//133 2443//133 286//137
f 2449//1438 2450//1427 2453//1427 2452//1438
f 2450//1427 2451//1437 2454//1437 2453//1427
f 2452//1438 2453//1427 2456//1427 2455//1438
f 2453//1427 2454//1437 2457//1437 2456//1427
f 1231//1424 296//1438 2449//1438 284//1424
f 296//1438 1213//1427 2450//1427 2449//1438
f 1213//1427 1214//1437 2451//1437 2450//1427
f 1214//1437 1215//1436 279//1436 2451//1437
f 2451//1437 279//1436 278//1436 2454//1437
f 2454//1437 278//1436 273//1436 2457//1437
f 281//1424 2452//1438 2455//1438 280//1424
f 284//1424 2449//1438 2452//1438 281//1424
f 2458//1449 2459//1448 2462//1448 2461//1449
f 2459//1448 2460//1447 2463//1447 2462//1448
f 2461//1449 2462//1448 2465//1448 2464//1449
f 2462//1448 2463//1447 2466//1447 2465//1448
f 1215//1436 293//1449 2458//1449 279//1436
f 293//1449 294//1448 2459//1448 2458//1449
f 294//1448 295//1447 2460//1447 2459//1448
f 295//1447 1232//134 290//134 2460//1447
f 2460//1447 290//134 291//134 2463//1447
f 2463//1447 291//134 292//134 2466//1447
f 278//1436 2461//1449 2464//1449 273//1436
f 279//1436 2458//1449 2461//1449 278//1436
