# Blender 4.3.0
# www.blender.org
mtllib tv_big.mtl
o Cube.044_export
v -0.461943 -0.596347 0.152143
v -0.941143 -0.292706 0.152143
v -0.795583 -0.568617 0.152143
v -0.897382 -0.504114 0.152143
v -0.941143 0.292706 0.152143
v -0.461943 0.596347 0.152143
v -0.897382 0.504114 0.152143
v -0.795583 0.568617 0.152143
v -0.387049 -0.540489 -0.013313
v -0.852989 -0.245250 -0.013313
v -0.724104 -0.515402 -0.013313
v -0.813398 -0.458822 -0.013313
v -0.852989 0.245250 -0.013313
v -0.387049 0.540489 -0.013313
v -0.813398 0.458821 -0.013313
v -0.724104 0.515402 -0.013313
v 0.941143 -0.292706 0.152143
v 0.461943 -0.596347 0.152143
v 0.897382 -0.504114 0.152143
v 0.795583 -0.568617 0.152143
v 0.461943 0.596347 0.152143
v 0.941143 0.292706 0.152143
v 0.795583 0.568617 0.152143
v 0.897382 0.504114 0.152143
v 0.852989 -0.245250 -0.013313
v 0.387049 -0.540489 -0.013313
v 0.813398 -0.458821 -0.013313
v 0.724104 -0.515402 -0.013313
v 0.387049 0.540489 -0.013313
v 0.852989 0.245250 -0.013313
v 0.724104 0.515402 -0.013313
v 0.813398 0.458821 -0.013313
v -0.808263 -0.253661 0.194702
v -0.400324 -0.512149 0.194702
v -0.775808 -0.436054 0.194702
v -0.688172 -0.491584 0.194702
v -0.400324 0.512148 0.194701
v -0.808264 0.253661 0.194702
v -0.688172 0.491584 0.194701
v -0.775808 0.436054 0.194701
v 0.808263 0.253661 0.194702
v 0.400324 0.512148 0.194701
v 0.775808 0.436054 0.194701
v 0.688172 0.491584 0.194701
v 0.400324 -0.512149 0.194702
v 0.808263 -0.253661 0.194702
v 0.688172 -0.491584 0.194702
v 0.775808 -0.436054 0.194702
v -0.500624 -0.641300 0.088246
v -0.858950 -0.612127 0.088246
v -0.966048 -0.544266 0.088246
v -1.012088 -0.317216 0.088246
v -0.500624 0.641300 0.088246
v -0.858950 0.612128 0.088246
v -0.966049 0.544266 0.088246
v -1.012088 0.317216 0.088246
v 0.500624 -0.641300 0.088246
v 0.858950 -0.612127 0.088246
v 0.966049 -0.544266 0.088246
v 1.012088 -0.317216 0.088246
v 0.500624 0.641300 0.088246
v 0.858950 0.612128 0.088246
v 0.966048 0.544266 0.088246
v 1.012088 0.317216 0.088246
v -0.870120 -0.619960 0.025770
v -0.978409 -0.551344 0.025770
v -1.024960 -0.321427 0.025770
v -0.507271 0.649456 0.025770
v 0.507271 -0.649456 0.025770
v 0.870120 0.619960 0.025770
v 0.978409 0.551344 0.025770
v 1.024960 0.321428 0.025770
v -0.507271 -0.649457 0.025770
v -0.870120 0.619960 0.025770
v -0.978409 0.551344 0.025770
v -1.024960 0.321428 0.025770
v 0.870120 -0.619960 0.025770
v 0.978409 -0.551344 0.025770
v 1.024960 -0.321427 0.025770
v 0.507271 0.649456 0.025770
v 0.500127 -0.316901 0.202605
v 0.500127 0.316901 0.202604
v -0.500128 0.316901 0.202604
v -0.500127 -0.316901 0.202605
v -1.024966 -0.321516 -0.000245
v -1.024966 0.321516 -0.000245
v -0.507411 0.649460 -0.000245
v -0.870246 0.619986 -0.000245
v -0.978451 0.551423 -0.000245
v 0.507411 -0.649460 -0.000245
v 0.870246 -0.619986 -0.000245
v 0.978451 -0.551423 -0.000245
v 1.024966 -0.321516 -0.000245
v 1.024966 0.321516 -0.000245
v 0.507411 0.649460 -0.000245
v -0.507411 -0.649460 -0.000245
v -0.870246 -0.619986 -0.000245
v -0.978451 -0.551424 -0.000245
v 0.870246 0.619986 -0.000245
v 0.978451 0.551423 -0.000245
v -0.446307 -0.580023 0.165634
v -0.429747 -0.561178 0.177528
v -0.413880 -0.538868 0.187369
v -0.249213 -0.598664 0.152143
v 0.000000 -0.599436 0.152143
v 0.249213 -0.598664 0.152143
v 0.446307 -0.580023 0.165634
v 0.429747 -0.561178 0.177528
v 0.413880 -0.538868 0.187369
v -0.215924 -0.512283 0.194702
v 0.000000 -0.512328 0.194702
v 0.215924 -0.512283 0.194702
v 0.964071 -0.301178 0.137462
v 0.983926 -0.308069 0.121807
v 1.000126 -0.313405 0.105346
v 1.015935 -0.171203 0.088246
v 1.017217 0.000000 0.088246
v 1.015935 0.171203 0.088246
v 0.964071 0.301178 0.137462
v 0.983926 0.308069 0.121807
v 1.000126 0.313405 0.105346
v 0.944800 -0.157912 0.152143
v 0.946019 0.000000 0.152143
v 0.944800 0.157912 0.152143
v 0.915382 -0.282798 0.165634
v 0.885641 -0.272305 0.177528
v 0.850432 -0.262251 0.187369
v 0.915381 0.282798 0.165634
v 0.885641 0.272305 0.177528
v 0.850432 0.262251 0.187369
v 0.808476 0.136818 0.194702
v 0.808547 0.000000 0.194702
v 0.808476 -0.136818 0.194702
v -0.228977 -0.506232 -0.013960
v 0.000000 -0.481614 -0.014285
v 0.228977 -0.506232 -0.013960
v -0.457537 -0.502314 -0.013960
v -0.548109 -0.471286 -0.014285
v -0.650865 -0.487737 -0.013960
v -0.694978 -0.473405 -0.013960
v -0.686612 -0.435065 -0.014285
v -0.747119 -0.440366 -0.013960
v -0.792743 -0.289914 -0.013960
v -0.743774 -0.347304 -0.014285
v -0.769737 -0.412415 -0.013960
v -0.798927 -0.145089 -0.013960
v -0.760074 -0.000000 -0.014285
v -0.798927 0.145089 -0.013960
v -0.792743 0.289914 -0.013960
v -0.743774 0.347304 -0.014285
v -0.769737 0.412415 -0.013960
v -0.747119 0.440366 -0.013960
v -0.686612 0.435065 -0.014285
v -0.694978 0.473405 -0.013960
v -0.457537 0.502314 -0.013960
v -0.548109 0.471285 -0.014285
v -0.650865 0.487737 -0.013960
v -0.228977 0.506232 -0.013960
v 0.000000 0.481614 -0.014285
v 0.228977 0.506232 -0.013960
v 0.457537 0.502314 -0.013960
v 0.548109 0.471285 -0.014285
v 0.650865 0.487737 -0.013960
v 0.694978 0.473405 -0.013960
v 0.686612 0.435065 -0.014285
v 0.747119 0.440366 -0.013960
v 0.792743 0.289914 -0.013960
v 0.743774 0.347304 -0.014285
v 0.769737 0.412415 -0.013960
v 0.798927 -0.145089 -0.013960
v 0.760074 -0.000000 -0.014285
v 0.798927 0.145089 -0.013960
v 0.792743 -0.289914 -0.013960
v 0.743774 -0.347304 -0.014285
v 0.769737 -0.412415 -0.013960
v 0.747119 -0.440366 -0.013960
v 0.686612 -0.435065 -0.014285
v 0.694978 -0.473405 -0.013960
v 0.457537 -0.502314 -0.013960
v 0.548109 -0.471285 -0.014285
v 0.650865 -0.487737 -0.013960
v -1.024965 -0.321501 0.004115
v -1.024964 -0.321483 0.009295
v -1.024962 -0.321460 0.016210
v -1.028850 -0.173481 0.025770
v -1.030146 0.000000 0.025770
v -1.028850 0.173481 0.025770
v -1.024965 0.321502 0.004115
v -1.024964 0.321484 0.009295
v -1.024962 0.321460 0.016210
v 0.446307 0.580023 0.165634
v 0.429747 0.561178 0.177527
v 0.413880 0.538868 0.187368
v -0.249213 0.598664 0.152143
v 0.000000 0.599436 0.152143
v 0.249213 0.598664 0.152143
v -0.446307 0.580023 0.165634
v -0.429747 0.561178 0.177527
v -0.413880 0.538868 0.187368
v -0.215924 0.512283 0.194701
v 0.000000 0.512328 0.194701
v 0.215924 0.512283 0.194701
v 0.529380 -0.511527 0.194702
v 0.610112 -0.508429 0.194702
v 0.657577 -0.501261 0.194702
v 0.715376 -0.481073 0.194702
v 0.739676 -0.468689 0.194702
v 0.759220 -0.453292 0.194702
v 0.807282 -0.335437 0.194702
v 0.802393 -0.386592 0.194702
v 0.791080 -0.416668 0.194702
v 0.807282 0.335437 0.194701
v 0.802393 0.386591 0.194701
v 0.791080 0.416668 0.194701
v 0.759220 0.453291 0.194701
v 0.739676 0.468689 0.194701
v 0.715376 0.481073 0.194701
v 0.529380 0.511526 0.194701
v 0.610112 0.508429 0.194701
v 0.657577 0.501260 0.194701
v -0.529380 0.511526 0.194701
v -0.610112 0.508429 0.194701
v -0.657577 0.501260 0.194701
v -0.715376 0.481073 0.194701
v -0.739676 0.468689 0.194701
v -0.759220 0.453291 0.194701
v -0.807282 0.335437 0.194701
v -0.802393 0.386591 0.194701
v -0.791080 0.416668 0.194701
v -0.808476 -0.136818 0.194702
v -0.808547 0.000000 0.194702
v -0.808476 0.136818 0.194702
v -0.807282 -0.335437 0.194702
v -0.802393 -0.386592 0.194702
v -0.791080 -0.416668 0.194702
v -0.759220 -0.453292 0.194702
v -0.739676 -0.468689 0.194702
v -0.715376 -0.481073 0.194702
v -0.529380 -0.511527 0.194702
v -0.610112 -0.508429 0.194702
v -0.657577 -0.501261 0.194702
v 0.475314 0.610874 0.137462
v 0.486188 0.623456 0.121807
v 0.494610 0.633721 0.105346
v -0.270190 0.643738 0.088246
v 0.000000 0.644550 0.088246
v 0.270190 0.643738 0.088246
v -0.475314 0.610874 0.137462
v -0.486188 0.623456 0.121807
v -0.494610 0.633721 0.105346
v -0.915382 0.282798 0.165634
v -0.885641 0.272305 0.177528
v -0.850432 0.262251 0.187369
v -0.944800 -0.157912 0.152143
v -0.946018 0.000000 0.152143
v -0.944800 0.157912 0.152143
v -0.915382 -0.282798 0.165634
v -0.885641 -0.272305 0.177528
v -0.850432 -0.262251 0.187369
v -0.661380 -0.637188 0.088246
v -0.761862 -0.631154 0.088246
v -0.821307 -0.622899 0.088246
v -0.475314 -0.610874 0.137462
v -0.486188 -0.623456 0.121807
v -0.494610 -0.633721 0.105346
v -0.610723 -0.592438 0.152143
v -0.704169 -0.586702 0.152143
v -0.759911 -0.578856 0.152143
v -0.816827 -0.582824 0.137462
v -0.834605 -0.595010 0.121807
v -0.848713 -0.604877 0.105346
v -0.890745 -0.598641 0.088246
v -0.919506 -0.582636 0.088246
v -0.944764 -0.564412 0.088246
v -0.825805 -0.555798 0.152143
v -0.853142 -0.540586 0.152143
v -0.877150 -0.523263 0.152143
v -0.919803 -0.517575 0.137462
v -0.939034 -0.528840 0.121807
v -0.954605 -0.537779 0.105346
v -0.983048 -0.520414 0.088246
v -0.996075 -0.482747 0.088246
v -1.005598 -0.419078 0.088246
v -0.934975 -0.386979 0.152143
v -0.925922 -0.446190 0.152143
v -0.913540 -0.481511 0.152143
v -0.964071 -0.301178 0.137462
v -0.983926 -0.308069 0.121807
v -1.000126 -0.313405 0.105346
v -0.670126 0.645299 0.025770
v -0.771886 0.639197 0.025770
v -0.832050 0.630851 0.025770
v -0.507388 0.649459 0.004115
v -0.507360 0.649459 0.009295
v -0.507322 0.649458 0.016210
v -0.870225 0.619982 0.004115
v -0.870200 0.619976 0.009295
v -0.870167 0.619969 0.016210
v -0.902269 0.606323 0.025770
v -0.931349 0.590141 0.025770
v -0.956888 0.571714 0.025770
v -0.978444 0.551410 0.004115
v -0.978436 0.551394 0.009295
v -0.978424 0.551373 0.016210
v -0.995597 0.527221 0.025770
v -1.008769 0.489098 0.025770
v -1.018398 0.424619 0.025770
v 0.670126 -0.645299 0.025770
v 0.771886 -0.639197 0.025770
v 0.832050 -0.630851 0.025770
v 0.507388 -0.649459 0.004115
v 0.507360 -0.649459 0.009296
v 0.507322 -0.649458 0.016210
v 0.870225 -0.619982 0.004115
v 0.870200 -0.619976 0.009296
v 0.870167 -0.619969 0.016210
v 0.902269 -0.606323 0.025770
v 0.931349 -0.590141 0.025770
v 0.956888 -0.571714 0.025770
v 0.978444 -0.551410 0.004115
v 0.978436 -0.551394 0.009296
v 0.978424 -0.551373 0.016210
v 0.995597 -0.527221 0.025770
v 1.008769 -0.489098 0.025770
v 1.018398 -0.424619 0.025770
v 1.024965 -0.321501 0.004115
v 1.024964 -0.321483 0.009295
v 1.024962 -0.321460 0.016210
v 0.661380 0.637188 0.088246
v 0.761862 0.631154 0.088246
v 0.821307 0.622899 0.088246
v 0.610723 0.592438 0.152143
v 0.704169 0.586702 0.152143
v 0.759911 0.578856 0.152143
v 0.816827 0.582825 0.137462
v 0.834605 0.595010 0.121807
v 0.848713 0.604877 0.105346
v 0.890745 0.598641 0.088246
v 0.919506 0.582636 0.088246
v 0.944764 0.564412 0.088246
v 0.825805 0.555798 0.152143
v 0.853142 0.540586 0.152143
v 0.877150 0.523263 0.152143
v 0.919803 0.517575 0.137462
v 0.939034 0.528840 0.121807
v 0.954605 0.537779 0.105346
v 0.983048 0.520414 0.088246
v 0.996075 0.482747 0.088246
v 1.005598 0.419078 0.088246
v 0.934975 0.386979 0.152143
v 0.925922 0.446190 0.152143
v 0.913540 0.481511 0.152143
v -0.934975 0.386979 0.152143
v -0.925922 0.446190 0.152143
v -0.913540 0.481511 0.152143
v -0.872092 0.488665 0.165634
v -0.843673 0.471762 0.177527
v -0.811714 0.454020 0.187368
v -0.877150 0.523263 0.152143
v -0.853142 0.540586 0.152143
v -0.825805 0.555798 0.152143
v -0.771202 0.552593 0.165634
v -0.744527 0.534585 0.177527
v -0.716527 0.514335 0.187368
v -0.610724 0.592438 0.152143
v -0.704169 0.586702 0.152143
v -0.759911 0.578856 0.152143
v 0.872092 0.488665 0.165634
v 0.843673 0.471762 0.177527
v 0.811714 0.454020 0.187368
v 0.771202 0.552593 0.165634
v 0.744527 0.534585 0.177527
v 0.716527 0.514335 0.187368
v 0.610723 -0.592438 0.152143
v 0.704169 -0.586702 0.152143
v 0.759911 -0.578856 0.152143
v 0.771202 -0.552593 0.165634
v 0.744527 -0.534585 0.177528
v 0.716527 -0.514335 0.187369
v 0.877150 -0.523264 0.152143
v 0.853142 -0.540586 0.152143
v 0.825805 -0.555798 0.152143
v 0.872092 -0.488665 0.165634
v 0.843673 -0.471763 0.177528
v 0.811714 -0.454021 0.187369
v 0.934975 -0.386979 0.152143
v 0.925922 -0.446190 0.152143
v 0.913540 -0.481511 0.152143
v -0.771202 -0.552593 0.165634
v -0.744527 -0.534585 0.177528
v -0.716527 -0.514335 0.187369
v -0.872092 -0.488665 0.165634
v -0.843673 -0.471763 0.177528
v -0.811714 -0.454021 0.187369
v -0.270190 -0.643738 0.088246
v 0.000000 -0.644550 0.088246
v 0.270190 -0.643738 0.088246
v 0.475314 -0.610874 0.137462
v 0.486188 -0.623456 0.121807
v 0.494610 -0.633721 0.105346
v -0.504366 -0.646013 0.070815
v -0.506330 -0.648434 0.053920
v -0.507103 -0.649328 0.038570
v 0.273785 -0.651921 0.025770
v 0.000000 -0.652743 0.025770
v -0.273785 -0.651921 0.025770
v 0.504366 -0.646013 0.070815
v 0.506330 -0.648434 0.053920
v 0.507103 -0.649328 0.038570
v 0.995597 0.527221 0.025770
v 1.008769 0.489098 0.025770
v 1.018399 0.424619 0.025770
v 0.973164 0.548301 0.070815
v 0.976831 0.550397 0.053920
v 0.978197 0.551197 0.038569
v 1.019526 0.319587 0.070815
v 1.023347 0.320831 0.053920
v 1.024757 0.321321 0.038570
v 0.902269 0.606323 0.025770
v 0.931349 0.590141 0.025770
v 0.956888 0.571714 0.025770
v 0.865318 0.616637 0.070815
v 0.868626 0.618960 0.053920
v 0.869889 0.619825 0.038569
v 0.832050 0.630851 0.025770
v 0.771886 0.639197 0.025770
v 0.670126 0.645298 0.025770
v 0.504366 0.646013 0.070815
v 0.506330 0.648434 0.053920
v 0.507103 0.649327 0.038569
v 0.919803 -0.517575 0.137462
v 0.939034 -0.528840 0.121807
v 0.954605 -0.537779 0.105346
v 0.983048 -0.520414 0.088246
v 0.996075 -0.482747 0.088246
v 1.005598 -0.419078 0.088246
v 0.816827 -0.582824 0.137462
v 0.834605 -0.595010 0.121807
v 0.848713 -0.604877 0.105346
v 0.890745 -0.598641 0.088246
v 0.919506 -0.582636 0.088246
v 0.944764 -0.564412 0.088246
v 0.661380 -0.637188 0.088246
v 0.761862 -0.631154 0.088246
v 0.821307 -0.622899 0.088246
v -0.919803 0.517575 0.137462
v -0.939034 0.528840 0.121807
v -0.954605 0.537779 0.105346
v -0.983048 0.520414 0.088246
v -0.996075 0.482747 0.088246
v -1.005598 0.419078 0.088246
v -0.964071 0.301178 0.137462
v -0.983926 0.308069 0.121807
v -1.000126 0.313405 0.105346
v -0.816827 0.582825 0.137462
v -0.834605 0.595010 0.121807
v -0.848713 0.604877 0.105346
v -0.890745 0.598641 0.088246
v -0.919506 0.582637 0.088246
v -0.944764 0.564412 0.088246
v -0.661380 0.637188 0.088246
v -0.761862 0.631154 0.088246
v -0.821307 0.622899 0.088246
v -0.995597 -0.527221 0.025770
v -1.008769 -0.489098 0.025770
v -1.018399 -0.424619 0.025770
v -0.973164 -0.548301 0.070815
v -0.976831 -0.550397 0.053920
v -0.978197 -0.551197 0.038570
v -1.019526 -0.319587 0.070815
v -1.023347 -0.320831 0.053920
v -1.024757 -0.321321 0.038570
v -0.902269 -0.606323 0.025770
v -0.931349 -0.590141 0.025770
v -0.956888 -0.571714 0.025770
v -0.865318 -0.616636 0.070815
v -0.868626 -0.618960 0.053920
v -0.869889 -0.619825 0.038570
v -0.832050 -0.630851 0.025770
v -0.771886 -0.639197 0.025770
v -0.670126 -0.645299 0.025770
v -0.273785 0.651921 0.025770
v 0.000000 0.652743 0.025770
v 0.273785 0.651921 0.025770
v -0.504366 0.646013 0.070815
v -0.506330 0.648434 0.053920
v -0.507103 0.649327 0.038569
v -1.015935 -0.171203 0.088246
v -1.017217 0.000000 0.088246
v -1.015935 0.171203 0.088246
v 1.019526 -0.319587 0.070815
v 1.023347 -0.320831 0.053920
v 1.024757 -0.321321 0.038570
v 1.028850 0.173481 0.025770
v 1.030146 0.000000 0.025770
v 1.028850 -0.173481 0.025770
v 1.024965 0.321502 0.004115
v 1.024964 0.321484 0.009295
v 1.024962 0.321460 0.016210
v 0.507388 0.649459 0.004115
v 0.507360 0.649459 0.009295
v 0.507322 0.649458 0.016210
v -0.507388 -0.649459 0.004115
v -0.507360 -0.649459 0.009296
v -0.507322 -0.649458 0.016210
v -0.870225 -0.619982 0.004115
v -0.870200 -0.619976 0.009296
v -0.870167 -0.619969 0.016210
v -0.978444 -0.551410 0.004115
v -0.978436 -0.551394 0.009296
v -0.978424 -0.551373 0.016210
v 0.870225 0.619981 0.004115
v 0.870200 0.619976 0.009295
v 0.870167 0.619969 0.016210
v 0.978444 0.551410 0.004115
v 0.978436 0.551394 0.009295
v 0.978424 0.551373 0.016210
v 0.973164 -0.548301 0.070815
v 0.976831 -0.550397 0.053920
v 0.978197 -0.551197 0.038570
v 0.865318 -0.616636 0.070815
v 0.868626 -0.618960 0.053920
v 0.869889 -0.619825 0.038570
v -0.973164 0.548301 0.070815
v -0.976831 0.550397 0.053920
v -0.978197 0.551197 0.038569
v -1.019526 0.319587 0.070815
v -1.023347 0.320831 0.053920
v -1.024757 0.321321 0.038570
v -0.865318 0.616637 0.070815
v -0.868626 0.618960 0.053920
v -0.869889 0.619825 0.038569
v -0.616282 0.267975 0.202481
v -0.694877 0.251039 0.201617
v -0.757369 0.248318 0.199270
v -0.616282 -0.267975 0.202481
v -0.694877 -0.251039 0.201617
v -0.757369 -0.248318 0.199271
v 0.757369 -0.248318 0.199271
v 0.694877 -0.251039 0.201617
v 0.616282 -0.267975 0.202481
v 0.757369 0.248318 0.199270
v 0.694877 0.251039 0.201617
v 0.616282 0.267975 0.202481
v 0.444291 -0.155258 0.202605
v 0.430624 0.000000 0.202605
v 0.444291 0.155258 0.202604
v 0.391891 -0.479900 0.199271
v 0.396185 -0.440302 0.201617
v 0.422913 -0.390501 0.202481
v 0.422913 0.390501 0.202481
v 0.396185 0.440302 0.201616
v 0.391891 0.479900 0.199270
v 0.245025 0.281521 0.202604
v 0.000000 0.272861 0.202604
v -0.245025 0.281521 0.202604
v 0.245025 -0.281521 0.202605
v 0.000000 -0.272861 0.202605
v -0.245025 -0.281521 0.202605
v -0.444291 -0.155258 0.202605
v -0.430624 0.000000 0.202605
v -0.444291 0.155258 0.202604
v -0.422913 0.390501 0.202481
v -0.396185 0.440302 0.201616
v -0.391891 0.479900 0.199270
v -0.391891 -0.479900 0.199271
v -0.396185 -0.440302 0.201617
v -0.422913 -0.390501 0.202481
v -0.578632 0.396389 0.202481
v -0.625099 0.435482 0.201616
v -0.659285 0.465815 0.199270
v -0.625575 0.366644 0.202481
v -0.687269 0.396088 0.201616
v -0.735140 0.417750 0.199270
v 0.578631 0.396389 0.202481
v 0.625099 0.435482 0.201616
v 0.659285 0.465815 0.199270
v 0.625575 0.366644 0.202481
v 0.687269 0.396088 0.201616
v 0.735140 0.417750 0.199270
v 0.735140 -0.417750 0.199271
v 0.687269 -0.396088 0.201617
v 0.625575 -0.366644 0.202481
v 0.659285 -0.465815 0.199271
v 0.625099 -0.435482 0.201617
v 0.578631 -0.396390 0.202481
v -0.659285 -0.465815 0.199271
v -0.625099 -0.435482 0.201617
v -0.578632 -0.396390 0.202481
v -0.735140 -0.417750 0.199271
v -0.687269 -0.396088 0.201617
v -0.625575 -0.366644 0.202481
v -0.937049 -0.280519 -0.011442
v -0.997849 -0.308585 -0.008344
v -1.021577 -0.319911 -0.004471
v -0.937049 0.280519 -0.011442
v -0.997849 0.308585 -0.008344
v -1.021577 0.319911 -0.004471
v -0.442709 0.593752 -0.011442
v -0.487004 0.632277 -0.008344
v -0.504878 0.647312 -0.004471
v -0.795542 0.566474 -0.011442
v -0.847224 0.603477 -0.008344
v -0.867384 0.617926 -0.004471
v -0.893999 0.504087 -0.011442
v -0.952397 0.536835 -0.008344
v -0.975199 0.549610 -0.004471
v 0.442709 -0.593752 -0.011442
v 0.487004 -0.632277 -0.008344
v 0.504878 -0.647313 -0.004471
v 0.795542 -0.566474 -0.011442
v 0.847224 -0.603477 -0.008344
v 0.867384 -0.617926 -0.004471
v 0.893999 -0.504088 -0.011442
v 0.952397 -0.536835 -0.008344
v 0.975199 -0.549610 -0.004471
v 0.937049 -0.280519 -0.011442
v 0.997849 -0.308585 -0.008344
v 1.021577 -0.319911 -0.004471
v 0.937049 0.280519 -0.011442
v 0.997849 0.308585 -0.008344
v 1.021577 0.319911 -0.004471
v 0.442709 0.593752 -0.011442
v 0.487004 0.632277 -0.008344
v 0.504878 0.647312 -0.004471
v -0.442709 -0.593752 -0.011442
v -0.487004 -0.632277 -0.008344
v -0.504878 -0.647313 -0.004471
v -0.795542 -0.566474 -0.011442
v -0.847224 -0.603477 -0.008344
v -0.867384 -0.617926 -0.004471
v -0.893999 -0.504087 -0.011442
v -0.952397 -0.536835 -0.008344
v -0.975199 -0.549610 -0.004471
v 0.795542 0.566474 -0.011442
v 0.847224 0.603477 -0.008344
v 0.867384 0.617926 -0.004471
v 0.893999 0.504087 -0.011442
v 0.952397 0.536835 -0.008344
v 0.975199 0.549610 -0.004471
v 0.273864 -0.651923 -0.000245
v 0.000000 -0.652744 -0.000245
v -0.273864 -0.651923 -0.000245
v 0.995626 0.527317 -0.000245
v 1.008787 0.489205 -0.000245
v 1.018409 0.424726 -0.000245
v 0.902370 0.606360 -0.000245
v 0.931428 0.590190 -0.000245
v 0.956946 0.571778 -0.000245
v 0.670295 0.645305 -0.000245
v 0.772055 0.639208 -0.000245
v 0.832201 0.630869 -0.000245
v -0.995626 -0.527317 -0.000245
v -1.008787 -0.489205 -0.000245
v -1.018409 -0.424726 -0.000245
v -0.902370 -0.606360 -0.000245
v -0.931428 -0.590190 -0.000245
v -0.956946 -0.571778 -0.000245
v -0.670295 -0.645305 -0.000245
v -0.772055 -0.639209 -0.000245
v -0.832201 -0.630869 -0.000245
v -0.273864 0.651923 -0.000245
v 0.000000 0.652743 -0.000245
v 0.273864 0.651923 -0.000245
v 1.028852 0.173532 -0.000245
v 1.030148 -0.000000 -0.000245
v 1.028852 -0.173531 -0.000245
v 0.995626 -0.527317 -0.000245
v 1.008787 -0.489205 -0.000245
v 1.018409 -0.424726 -0.000245
v 0.902370 -0.606360 -0.000245
v 0.931428 -0.590190 -0.000245
v 0.956946 -0.571778 -0.000245
v 0.670295 -0.645305 -0.000245
v 0.772055 -0.639209 -0.000245
v 0.832202 -0.630869 -0.000245
v -0.995626 0.527317 -0.000245
v -1.008787 0.489205 -0.000245
v -1.018409 0.424726 -0.000245
v -0.902370 0.606360 -0.000245
v -0.931428 0.590190 -0.000245
v -0.956946 0.571778 -0.000245
v -0.670295 0.645305 -0.000245
v -0.772055 0.639208 -0.000245
v -0.832202 0.630869 -0.000245
v -1.028852 0.173532 -0.000245
v -1.030148 -0.000000 -0.000245
v -1.028852 -0.173531 -0.000245
v -0.240692 -0.582290 0.165634
v 0.000000 -0.583046 0.165634
v 0.240692 -0.582290 0.165634
v -0.231687 -0.563203 0.177528
v 0.000000 -0.563877 0.177528
v 0.231687 -0.563203 0.177528
v -0.223123 -0.540250 0.187369
v 0.000000 -0.540711 0.187369
v 0.223123 -0.540250 0.187369
v 1.003930 -0.169145 0.105346
v 1.005198 0.000000 0.105346
v 1.003930 0.169145 0.105346
v 0.987677 -0.166258 0.121807
v 0.988927 0.000000 0.121807
v 0.987677 0.166258 0.121807
v 0.967769 -0.162520 0.137462
v 0.969002 0.000000 0.137462
v 0.967769 0.162520 0.137462
v 0.918960 -0.152512 0.165634
v 0.920152 0.000000 0.165634
v 0.918959 0.152512 0.165634
v 0.888835 -0.146806 0.177528
v 0.889900 0.000000 0.177528
v 0.888836 0.146806 0.177528
v 0.852613 -0.141380 0.187369
v 0.853340 0.000000 0.187369
v 0.852613 0.141380 0.187369
v 0.000000 -0.000000 -0.017140
v -0.256875 -0.396316 -0.015368
v -0.344909 -0.318086 -0.015904
v -0.525209 -0.377467 -0.015368
v -0.462055 -0.292777 -0.015904
v -0.595711 -0.332794 -0.015368
v -0.501998 -0.218549 -0.015904
v -0.625459 -0.162766 -0.015368
v -0.513633 -0.000000 -0.015904
v -0.625459 0.162766 -0.015368
v -0.501998 0.218548 -0.015904
v -0.595711 0.332794 -0.015368
v -0.462055 0.292777 -0.015904
v -0.525209 0.377467 -0.015368
v -0.344909 0.318086 -0.015904
v -0.256875 0.396316 -0.015368
v 0.000000 0.325459 -0.015904
v 0.256875 0.396316 -0.015368
v 0.344909 0.318086 -0.015904
v 0.525209 0.377467 -0.015368
v 0.462055 0.292777 -0.015904
v 0.595711 0.332794 -0.015368
v 0.501998 0.218548 -0.015904
v 0.625459 0.162766 -0.015368
v 0.513633 -0.000000 -0.015904
v 0.625459 -0.162766 -0.015368
v 0.501998 -0.218549 -0.015904
v 0.595711 -0.332794 -0.015368
v 0.462055 -0.292777 -0.015904
v 0.525209 -0.377467 -0.015368
v 0.344909 -0.318086 -0.015904
v 0.256875 -0.396316 -0.015368
v 0.000000 -0.325459 -0.015904
v -1.024955 -0.172673 -0.004477
v -1.025757 -0.000000 -0.004483
v -1.024955 0.172674 -0.004477
v -0.997675 -0.166618 -0.008392
v -0.995019 -0.000000 -0.008440
v -0.997675 0.166618 -0.008392
v -0.925893 -0.153221 -0.011621
v -0.912958 -0.000000 -0.011778
v -0.925893 0.153221 -0.011621
v 0.240692 0.582290 0.165634
v 0.000000 0.583046 0.165634
v -0.240692 0.582290 0.165634
v 0.231687 0.563202 0.177527
v 0.000000 0.563877 0.177527
v -0.231687 0.563202 0.177527
v 0.223123 0.540250 0.187368
v 0.000000 0.540711 0.187368
v -0.223123 0.540250 0.187368
v 0.727969 0.363034 0.201122
v 0.662008 0.340262 0.202362
v 0.712681 0.326403 0.201532
v 0.762116 0.326989 0.199254
v 0.761973 0.374050 0.199206
v 0.750522 0.400437 0.199254
v 0.707219 0.378382 0.201532
v 0.266941 0.636131 0.105346
v 0.000000 0.636934 0.105346
v -0.266941 0.636131 0.105346
v 0.262384 0.625833 0.121807
v 0.000000 0.626625 0.121807
v -0.262384 0.625833 0.121807
v 0.256486 0.613218 0.137462
v 0.000000 0.614000 0.137462
v -0.256486 0.613218 0.137462
v -0.918960 0.152512 0.165634
v -0.920152 0.000000 0.165634
v -0.918959 -0.152512 0.165634
v -0.888835 0.146806 0.177528
v -0.889900 0.000000 0.177528
v -0.888836 -0.146806 0.177528
v -0.852613 0.141380 0.187369
v -0.853340 0.000000 0.187369
v -0.852613 -0.141380 0.187369
v -0.653447 -0.629655 0.105346
v -0.642371 -0.619446 0.121807
v -0.628136 -0.606921 0.137462
v -0.752742 -0.623688 0.105346
v -0.740058 -0.613562 0.121807
v -0.723854 -0.601118 0.137462
v -0.811496 -0.615527 0.105346
v -0.797915 -0.605513 0.121808
v -0.780680 -0.593181 0.137462
v -0.880150 -0.591541 0.105346
v -0.865607 -0.581859 0.121807
v -0.847398 -0.569857 0.137462
v -0.908587 -0.575718 0.105346
v -0.893651 -0.566254 0.121807
v -0.875052 -0.554469 0.137462
v -0.933560 -0.557699 0.105346
v -0.918279 -0.548484 0.121808
v -0.899337 -0.536946 0.137462
v -0.971413 -0.514197 0.105346
v -0.955610 -0.505591 0.121807
v -0.936148 -0.494671 0.137462
v -0.984293 -0.476968 0.105346
v -0.968312 -0.468931 0.121807
v -0.948674 -0.458663 0.137462
v -0.993710 -0.414051 0.105346
v -0.977598 -0.407033 0.121807
v -0.957831 -0.398013 0.137462
v -0.666945 0.642869 -0.004477
v -0.643326 0.625810 -0.008392
v -0.579911 0.581005 -0.011621
v -0.768495 0.636481 -0.004483
v -0.743409 0.617377 -0.008440
v -0.675964 0.566363 -0.011778
v -0.829080 0.628461 -0.004477
v -0.807080 0.611593 -0.008392
v -0.749591 0.567104 -0.011621
v -0.898929 0.604077 -0.004477
v -0.874748 0.588063 -0.008392
v -0.810720 0.546136 -0.011621
v -0.927461 0.587677 -0.004483
v -0.899617 0.570034 -0.008440
v -0.825246 0.522909 -0.011778
v -0.953344 0.569598 -0.004477
v -0.928070 0.554276 -0.008392
v -0.861902 0.513705 -0.011621
v -0.991827 0.525339 -0.004477
v -0.965204 0.511399 -0.008392
v -0.894993 0.474971 -0.011621
v -1.004483 0.486949 -0.004483
v -0.974332 0.471054 -0.008440
v -0.893824 0.428318 -0.011778
v -1.014565 0.422603 -0.004477
v -0.987642 0.407638 -0.008392
v -0.916931 0.367455 -0.011621
v 0.666945 -0.642869 -0.004477
v 0.643326 -0.625810 -0.008392
v 0.579911 -0.581005 -0.011621
v 0.768495 -0.636481 -0.004483
v 0.743409 -0.617377 -0.008440
v 0.675964 -0.566363 -0.011777
v 0.829080 -0.628462 -0.004477
v 0.807080 -0.611593 -0.008392
v 0.749591 -0.567104 -0.011621
v 0.898929 -0.604077 -0.004477
v 0.874748 -0.588063 -0.008392
v 0.810720 -0.546136 -0.011621
v 0.927461 -0.587677 -0.004483
v 0.899617 -0.570034 -0.008440
v 0.825246 -0.522909 -0.011778
v 0.953344 -0.569598 -0.004477
v 0.928070 -0.554276 -0.008392
v 0.861902 -0.513705 -0.011621
v 0.991827 -0.525339 -0.004477
v 0.965204 -0.511399 -0.008392
v 0.894993 -0.474971 -0.011621
v 1.004483 -0.486949 -0.004483
v 0.974332 -0.471054 -0.008440
v 0.893824 -0.428318 -0.011778
v 1.014565 -0.422603 -0.004477
v 0.987642 -0.407638 -0.008392
v 0.916931 -0.367455 -0.011621
v 0.653447 0.629655 0.105346
v 0.642371 0.619446 0.121807
v 0.628136 0.606920 0.137462
v 0.752742 0.623688 0.105346
v 0.740058 0.613562 0.121807
v 0.723854 0.601118 0.137462
v 0.811496 0.615527 0.105346
v 0.797915 0.605513 0.121807
v 0.780680 0.593182 0.137462
v 0.880150 0.591542 0.105346
v 0.865607 0.581859 0.121807
v 0.847398 0.569857 0.137462
v 0.908587 0.575718 0.105346
v 0.893651 0.566254 0.121807
v 0.875052 0.554469 0.137462
v 0.933560 0.557699 0.105346
v 0.918279 0.548484 0.121807
v 0.899337 0.536946 0.137462
v 0.971413 0.514197 0.105346
v 0.955610 0.505591 0.121807
v 0.936148 0.494671 0.137462
v 0.984293 0.476968 0.105346
v 0.968312 0.468931 0.121807
v 0.948674 0.458663 0.137462
v 0.993710 0.414051 0.105346
v 0.977598 0.407033 0.121807
v 0.957831 0.398013 0.137462
v -0.909336 0.374124 0.165634
v -0.880174 0.360446 0.177527
v -0.846490 0.347150 0.187368
v -0.900410 0.431722 0.165634
v -0.871721 0.416210 0.177527
v -0.839251 0.400788 0.187368
v -0.888128 0.466322 0.165634
v -0.859580 0.449859 0.177527
v -0.827397 0.433011 0.187368
v -0.852054 0.507656 0.165634
v -0.824072 0.490507 0.177527
v -0.793146 0.472244 0.187368
v -0.828278 0.524831 0.165634
v -0.800830 0.507438 0.177527
v -0.771171 0.488646 0.187368
v -0.801173 0.539896 0.165634
v -0.774109 0.522165 0.177527
v -0.745286 0.502569 0.187368
v -0.735941 0.562754 0.165634
v -0.709959 0.544665 0.177527
v -0.683369 0.524272 0.187368
v -0.681336 0.570536 0.165634
v -0.656855 0.552358 0.177527
v -0.632516 0.531784 0.187368
v -0.590435 0.576192 0.165634
v -0.568850 0.557714 0.177527
v -0.547866 0.536370 0.187368
v 0.846490 0.347150 0.187368
v 0.880174 0.360446 0.177527
v 0.909336 0.374124 0.165634
v 0.839251 0.400788 0.187368
v 0.871721 0.416210 0.177527
v 0.900410 0.431722 0.165634
v 0.827397 0.433011 0.187368
v 0.859580 0.449859 0.177527
v 0.888128 0.466322 0.165634
v 0.793146 0.472244 0.187368
v 0.824072 0.490507 0.177527
v 0.852054 0.507656 0.165634
v 0.771171 0.488646 0.187368
v 0.800830 0.507438 0.177527
v 0.828278 0.524831 0.165634
v 0.745286 0.502569 0.187368
v 0.774109 0.522165 0.177527
v 0.801172 0.539896 0.165634
v 0.683369 0.524272 0.187368
v 0.709959 0.544665 0.177527
v 0.735941 0.562754 0.165634
v 0.632516 0.531784 0.187368
v 0.656855 0.552358 0.177527
v 0.681336 0.570536 0.165634
v 0.547866 0.536371 0.187368
v 0.568850 0.557714 0.177527
v 0.590435 0.576192 0.165634
v 0.547866 -0.536371 0.187369
v 0.568850 -0.557714 0.177528
v 0.590435 -0.576192 0.165634
v 0.632516 -0.531784 0.187369
v 0.656855 -0.552358 0.177528
v 0.681336 -0.570536 0.165634
v 0.683369 -0.524273 0.187369
v 0.709959 -0.544665 0.177528
v 0.735941 -0.562754 0.165634
v 0.745286 -0.502570 0.187369
v 0.774109 -0.522165 0.177528
v 0.801173 -0.539896 0.165634
v 0.771171 -0.488646 0.187369
v 0.800830 -0.507438 0.177528
v 0.828278 -0.524831 0.165634
v 0.793146 -0.472244 0.187369
v 0.824072 -0.490507 0.177528
v 0.852054 -0.507656 0.165634
v 0.827397 -0.433011 0.187369
v 0.859580 -0.449859 0.177528
v 0.888128 -0.466322 0.165634
v 0.839251 -0.400788 0.187369
v 0.871721 -0.416210 0.177528
v 0.900410 -0.431722 0.165634
v 0.846490 -0.347150 0.187369
v 0.880175 -0.360447 0.177528
v 0.909336 -0.374124 0.165634
v -0.590435 -0.576192 0.165634
v -0.568850 -0.557714 0.177528
v -0.547866 -0.536371 0.187369
v -0.681336 -0.570536 0.165634
v -0.656855 -0.552358 0.177528
v -0.632516 -0.531784 0.187369
v -0.735941 -0.562754 0.165634
v -0.709959 -0.544665 0.177528
v -0.683369 -0.524273 0.187369
v -0.801173 -0.539896 0.165634
v -0.774109 -0.522165 0.177528
v -0.745286 -0.502570 0.187369
v -0.828278 -0.524831 0.165634
v -0.800830 -0.507438 0.177528
v -0.771171 -0.488646 0.187369
v -0.852054 -0.507656 0.165634
v -0.824072 -0.490507 0.177528
v -0.793146 -0.472244 0.187369
v -0.888128 -0.466322 0.165634
v -0.859580 -0.449859 0.177528
v -0.827397 -0.433011 0.187369
v -0.900410 -0.431722 0.165634
v -0.871721 -0.416210 0.177528
v -0.839251 -0.400788 0.187369
v -0.909336 -0.374124 0.165634
v -0.880175 -0.360447 0.177528
v -0.846490 -0.347150 0.187369
v -0.266941 -0.636131 0.105346
v 0.000000 -0.636934 0.105346
v 0.266941 -0.636131 0.105346
v -0.262384 -0.625833 0.121807
v 0.000000 -0.626625 0.121807
v 0.262384 -0.625833 0.121808
v -0.256486 -0.613218 0.137462
v 0.000000 -0.614000 0.137462
v 0.256486 -0.613218 0.137462
v -0.273692 -0.651793 0.038570
v 0.000000 -0.652614 0.038570
v 0.273692 -0.651793 0.038570
v -0.273273 -0.650897 0.053920
v 0.000000 -0.651718 0.053920
v 0.273273 -0.650897 0.053920
v -0.272211 -0.648468 0.070815
v 0.000000 -0.649286 0.070815
v 0.272211 -0.648468 0.070815
v 0.995389 0.527071 0.038569
v 0.994007 0.526295 0.053920
v 0.990283 0.524280 0.070815
v 1.008562 0.488950 0.038569
v 1.007168 0.488221 0.053920
v 1.003401 0.486342 0.070815
v 1.018194 0.424484 0.038570
v 1.016790 0.423843 0.053920
v 1.012991 0.422205 0.070815
v 0.902043 0.606186 0.038569
v 0.900749 0.605334 0.053920
v 0.897335 0.603055 0.070815
v 0.931129 0.590001 0.038569
v 0.929807 0.589164 0.053920
v 0.926297 0.586939 0.070815
v 0.956671 0.571571 0.038569
v 0.955326 0.570751 0.053920
v 0.951731 0.568588 0.070815
v 0.669913 0.645169 0.038569
v 0.668901 0.644280 0.053920
v 0.666315 0.641872 0.070815
v 0.771652 0.639066 0.038569
v 0.770501 0.638183 0.053920
v 0.767536 0.635796 0.070815
v 0.831813 0.630719 0.038569
v 0.830589 0.629843 0.053920
v 0.827409 0.627484 0.070815
v 0.936148 -0.494671 0.137462
v 0.955610 -0.505591 0.121807
v 0.971413 -0.514197 0.105346
v 0.948674 -0.458663 0.137462
v 0.968312 -0.468931 0.121807
v 0.984293 -0.476968 0.105346
v 0.957831 -0.398013 0.137462
v 0.977598 -0.407033 0.121807
v 0.993710 -0.414051 0.105346
v 0.847398 -0.569857 0.137462
v 0.865607 -0.581859 0.121807
v 0.880150 -0.591541 0.105346
v 0.875052 -0.554469 0.137462
v 0.893651 -0.566254 0.121807
v 0.908587 -0.575717 0.105346
v 0.899337 -0.536946 0.137462
v 0.918279 -0.548484 0.121807
v 0.933560 -0.557699 0.105346
v 0.628136 -0.606921 0.137462
v 0.642371 -0.619446 0.121807
v 0.653447 -0.629655 0.105346
v 0.723854 -0.601118 0.137462
v 0.740058 -0.613562 0.121807
v 0.752742 -0.623688 0.105346
v 0.780680 -0.593181 0.137462
v 0.797915 -0.605513 0.121807
v 0.811496 -0.615527 0.105346
v -0.936148 0.494671 0.137462
v -0.955610 0.505591 0.121807
v -0.971413 0.514197 0.105346
v -0.948674 0.458663 0.137462
v -0.968312 0.468931 0.121807
v -0.984293 0.476968 0.105346
v -0.957831 0.398013 0.137462
v -0.977598 0.407033 0.121807
v -0.993710 0.414051 0.105346
v -0.847398 0.569857 0.137462
v -0.865607 0.581859 0.121807
v -0.880150 0.591542 0.105346
v -0.875052 0.554469 0.137462
v -0.893651 0.566254 0.121807
v -0.908587 0.575718 0.105346
v -0.899337 0.536946 0.137462
v -0.918279 0.548484 0.121807
v -0.933560 0.557699 0.105346
v -0.628136 0.606921 0.137462
v -0.642371 0.619446 0.121807
v -0.653447 0.629655 0.105346
v -0.723854 0.601118 0.137462
v -0.740058 0.613562 0.121807
v -0.752742 0.623689 0.105346
v -0.780680 0.593181 0.137462
v -0.797915 0.605513 0.121807
v -0.811496 0.615527 0.105346
v -0.995389 -0.527071 0.038570
v -0.994007 -0.526295 0.053920
v -0.990283 -0.524280 0.070815
v -1.008562 -0.488950 0.038570
v -1.007168 -0.488221 0.053920
v -1.003401 -0.486342 0.070815
v -1.018194 -0.424484 0.038570
v -1.016790 -0.423843 0.053920
v -1.012991 -0.422205 0.070815
v -0.902043 -0.606186 0.038570
v -0.900749 -0.605333 0.053920
v -0.897335 -0.603055 0.070815
v -0.931129 -0.590001 0.038570
v -0.929807 -0.589164 0.053920
v -0.926297 -0.586939 0.070815
v -0.956671 -0.571571 0.038570
v -0.955326 -0.570751 0.053920
v -0.951731 -0.568588 0.070815
v -0.669913 -0.645169 0.038570
v -0.668901 -0.644280 0.053920
v -0.666315 -0.641872 0.070815
v -0.771652 -0.639066 0.038570
v -0.770501 -0.638183 0.053920
v -0.767536 -0.635795 0.070815
v -0.831813 -0.630718 0.038570
v -0.830589 -0.629843 0.053920
v -0.827409 -0.627483 0.070815
v 0.273692 0.651793 0.038569
v 0.000000 0.652614 0.038569
v -0.273692 0.651793 0.038569
v 0.273273 0.650897 0.053920
v 0.000000 0.651718 0.053920
v -0.273273 0.650897 0.053920
v 0.272211 0.648468 0.070815
v 0.000000 0.649286 0.070815
v -0.272211 0.648468 0.070815
v -0.967770 -0.162520 0.137462
v -0.969002 0.000000 0.137462
v -0.967770 0.162520 0.137462
v -0.987677 -0.166258 0.121807
v -0.988927 0.000000 0.121807
v -0.987677 0.166258 0.121807
v -1.003930 -0.169145 0.105346
v -1.005198 0.000000 0.105346
v -1.003930 0.169145 0.105346
v 1.028647 -0.173422 0.038570
v 1.029944 0.000000 0.038570
v 1.028647 0.173423 0.038570
v 1.027234 -0.173157 0.053920
v 1.028529 0.000000 0.053920
v 1.027234 0.173157 0.053920
v 1.023400 -0.172484 0.070815
v 1.024691 0.000000 0.070815
v 1.023400 0.172484 0.070815
v 1.028852 -0.173523 0.004115
v 1.030148 0.000000 0.004115
v 1.028852 0.173523 0.004115
v 1.028851 -0.173513 0.009295
v 1.030147 0.000000 0.009295
v 1.028851 0.173513 0.009295
v 1.028851 -0.173499 0.016210
v 1.030147 0.000000 0.016210
v 1.028851 0.173500 0.016210
v 0.273851 0.651922 0.004115
v 0.000000 0.652743 0.004115
v -0.273851 0.651922 0.004115
v 0.273835 0.651922 0.009295
v 0.000000 0.652743 0.009295
v -0.273835 0.651922 0.009295
v 0.273814 0.651922 0.016210
v 0.000000 0.652743 0.016210
v -0.273814 0.651922 0.016210
v -0.670267 -0.645304 0.004115
v -0.670233 -0.645303 0.009296
v -0.670188 -0.645301 0.016210
v -0.772026 -0.639207 0.004115
v -0.771993 -0.639204 0.009296
v -0.771948 -0.639201 0.016210
v -0.832176 -0.630866 0.004115
v -0.832146 -0.630862 0.009296
v -0.832106 -0.630858 0.016210
v -0.902353 -0.606354 0.004115
v -0.902333 -0.606346 0.009296
v -0.902306 -0.606336 0.016210
v -0.931414 -0.590182 0.004115
v -0.931399 -0.590172 0.009296
v -0.931378 -0.590159 0.016210
v -0.956936 -0.571767 0.004115
v -0.956925 -0.571755 0.009296
v -0.956909 -0.571738 0.016210
v -0.995621 -0.527300 0.004115
v -0.995615 -0.527281 0.009296
v -0.995608 -0.527256 0.016210
v -1.008784 -0.489187 0.004115
v -1.008780 -0.489166 0.009296
v -1.008776 -0.489137 0.016210
v -1.018407 -0.424708 0.004115
v -1.018405 -0.424687 0.009295
v -1.018402 -0.424658 0.016210
v 0.670267 0.645304 0.004115
v 0.670233 0.645303 0.009295
v 0.670188 0.645301 0.016210
v 0.772026 0.639207 0.004115
v 0.771993 0.639204 0.009295
v 0.771948 0.639201 0.016210
v 0.832176 0.630866 0.004115
v 0.832146 0.630862 0.009295
v 0.832106 0.630858 0.016210
v 0.902353 0.606354 0.004115
v 0.902333 0.606346 0.009295
v 0.902306 0.606336 0.016210
v 0.931414 0.590182 0.004115
v 0.931399 0.590172 0.009295
v 0.931378 0.590159 0.016210
v 0.956936 0.571767 0.004115
v 0.956925 0.571754 0.009295
v 0.956909 0.571737 0.016210
v 0.995621 0.527301 0.004115
v 0.995615 0.527282 0.009295
v 0.995608 0.527256 0.016210
v 1.008784 0.489187 0.004115
v 1.008780 0.489166 0.009295
v 1.008776 0.489138 0.016210
v 1.018407 0.424708 0.004115
v 1.018405 0.424687 0.009295
v 1.018402 0.424659 0.016210
v -0.273851 -0.651922 0.004115
v 0.000000 -0.652743 0.004115
v 0.273851 -0.651922 0.004115
v -0.273835 -0.651922 0.009296
v 0.000000 -0.652743 0.009296
v 0.273835 -0.651922 0.009296
v -0.273814 -0.651922 0.016210
v 0.000000 -0.652743 0.016210
v 0.273814 -0.651922 0.016210
v 0.990283 -0.524280 0.070815
v 0.994007 -0.526295 0.053920
v 0.995389 -0.527071 0.038570
v 1.003401 -0.486342 0.070815
v 1.007168 -0.488221 0.053920
v 1.008563 -0.488950 0.038570
v 1.012991 -0.422205 0.070815
v 1.016790 -0.423843 0.053920
v 1.018194 -0.424484 0.038570
v 0.897335 -0.603055 0.070815
v 0.900749 -0.605333 0.053920
v 0.902043 -0.606186 0.038570
v 0.926297 -0.586939 0.070815
v 0.929807 -0.589164 0.053920
v 0.931129 -0.590001 0.038570
v 0.951731 -0.568588 0.070815
v 0.955326 -0.570751 0.053920
v 0.956671 -0.571571 0.038570
v 0.666315 -0.641872 0.070815
v 0.668901 -0.644280 0.053920
v 0.669913 -0.645169 0.038570
v 0.767536 -0.635795 0.070815
v 0.770501 -0.638183 0.053920
v 0.771652 -0.639066 0.038570
v 0.827409 -0.627483 0.070815
v 0.830589 -0.629843 0.053920
v 0.831813 -0.630718 0.038570
v -0.990283 0.524280 0.070815
v -0.994007 0.526295 0.053920
v -0.995389 0.527071 0.038569
v -1.003401 0.486342 0.070815
v -1.007168 0.488221 0.053920
v -1.008563 0.488950 0.038569
v -1.012991 0.422205 0.070815
v -1.016790 0.423843 0.053920
v -1.018194 0.424484 0.038570
v -0.897335 0.603055 0.070815
v -0.900749 0.605334 0.053920
v -0.902043 0.606186 0.038569
v -0.926297 0.586939 0.070815
v -0.929807 0.589164 0.053920
v -0.931129 0.590001 0.038569
v -0.951731 0.568588 0.070815
v -0.955326 0.570751 0.053920
v -0.956671 0.571571 0.038569
v -0.666315 0.641872 0.070815
v -0.668901 0.644280 0.053920
v -0.669913 0.645169 0.038569
v -0.767536 0.635796 0.070815
v -0.770501 0.638183 0.053920
v -0.771652 0.639066 0.038569
v -0.827409 0.627484 0.070815
v -0.830589 0.629843 0.053920
v -0.831813 0.630719 0.038569
v -1.023400 -0.172484 0.070815
v -1.024691 0.000000 0.070815
v -1.023400 0.172484 0.070815
v -1.027234 -0.173157 0.053920
v -1.028529 0.000000 0.053920
v -1.027234 0.173157 0.053920
v -1.028647 -0.173422 0.038570
v -1.029944 0.000000 0.038570
v -1.028647 0.173423 0.038570
v 0.586453 -0.145841 0.202481
v 0.682760 -0.136487 0.201617
v 0.753805 -0.134190 0.199271
v 0.576588 0.000000 0.202481
v 0.678484 0.000000 0.201617
v 0.752588 0.000000 0.199271
v 0.586453 0.145841 0.202481
v 0.682760 0.136487 0.201617
v 0.753805 0.134190 0.199270
v 0.727969 -0.363034 0.201123
v 0.662008 -0.340262 0.202362
v 0.707219 -0.378382 0.201532
v 0.750522 -0.400437 0.199255
v 0.761973 -0.374051 0.199207
v 0.762116 -0.326990 0.199255
v 0.712680 -0.326403 0.201532
v -0.237475 -0.150474 0.202605
v 0.000000 -0.146252 0.202605
v 0.237475 -0.150474 0.202605
v -0.230813 0.000000 0.202605
v 0.000000 0.000000 0.202605
v 0.230813 0.000000 0.202605
v -0.237475 0.150474 0.202604
v 0.000000 0.146252 0.202604
v 0.237475 0.150474 0.202604
v -0.211776 -0.477642 0.199271
v 0.000000 -0.476870 0.199271
v 0.211776 -0.477642 0.199271
v -0.215402 -0.432624 0.201617
v 0.000000 -0.429915 0.201617
v 0.215402 -0.432624 0.201617
v -0.230164 -0.371600 0.202481
v 0.000000 -0.365350 0.202481
v 0.230164 -0.371600 0.202481
v -0.230164 0.371600 0.202481
v 0.000000 0.365350 0.202481
v 0.230164 0.371600 0.202481
v -0.215402 0.432624 0.201616
v 0.000000 0.429915 0.201616
v 0.215402 0.432624 0.201616
v -0.211776 0.477642 0.199270
v 0.000000 0.476870 0.199270
v 0.211776 0.477642 0.199270
v -0.753805 -0.134190 0.199271
v -0.682760 -0.136487 0.201617
v -0.586453 -0.145841 0.202481
v -0.752588 0.000000 0.199271
v -0.678484 0.000000 0.201617
v -0.576588 0.000000 0.202481
v -0.753805 0.134190 0.199270
v -0.682760 0.136487 0.201617
v -0.586453 0.145841 0.202481
v -0.572934 0.461271 0.201122
v -0.536995 0.419475 0.202362
v -0.515123 0.451583 0.201532
v -0.516049 0.482907 0.199254
v -0.590320 0.482817 0.199206
v -0.631963 0.475561 0.199254
v -0.597156 0.448123 0.201531
v -0.572933 -0.461271 0.201123
v -0.631963 -0.475561 0.199255
v -0.590320 -0.482817 0.199207
v -0.516049 -0.482907 0.199255
v -0.515123 -0.451583 0.201532
v -0.536995 -0.419475 0.202362
v -0.597156 -0.448123 0.201532
v -0.681646 0.431919 0.201122
v -0.631924 0.400412 0.202362
v -0.656235 0.431231 0.201532
v -0.685177 0.457548 0.199254
v -0.707536 0.448324 0.199206
v -0.722093 0.434156 0.199254
v -0.680560 0.415817 0.201532
v -0.727969 0.363034 0.201122
v -0.762116 0.326989 0.199254
v -0.712681 0.326403 0.201532
v -0.662008 0.340262 0.202362
v -0.707219 0.378382 0.201532
v -0.750523 0.400437 0.199254
v -0.761973 0.374050 0.199206
v 0.572933 0.461271 0.201122
v 0.516049 0.482907 0.199254
v 0.515123 0.451583 0.201532
v 0.536995 0.419475 0.202362
v 0.597156 0.448123 0.201531
v 0.631963 0.475561 0.199254
v 0.590320 0.482817 0.199206
v 0.681646 0.431919 0.201122
v 0.685177 0.457548 0.199254
v 0.656235 0.431231 0.201532
v 0.631924 0.400412 0.202362
v 0.680560 0.415817 0.201532
v 0.722093 0.434156 0.199254
v 0.707536 0.448324 0.199206
v 0.681646 -0.431919 0.201123
v 0.685177 -0.457548 0.199255
v 0.707536 -0.448324 0.199207
v 0.722093 -0.434156 0.199255
v 0.680560 -0.415817 0.201532
v 0.631924 -0.400412 0.202362
v 0.656235 -0.431231 0.201532
v 0.572933 -0.461271 0.201123
v 0.516049 -0.482907 0.199255
v 0.590320 -0.482817 0.199207
v 0.631963 -0.475561 0.199255
v 0.597156 -0.448123 0.201532
v 0.536995 -0.419475 0.202362
v 0.515123 -0.451583 0.201532
v -0.681646 -0.431919 0.201123
v -0.722093 -0.434156 0.199255
v -0.707536 -0.448324 0.199207
v -0.685177 -0.457548 0.199255
v -0.656236 -0.431231 0.201532
v -0.631924 -0.400412 0.202362
v -0.680560 -0.415817 0.201532
v -0.727969 -0.363034 0.201123
v -0.762116 -0.326990 0.199255
v -0.761973 -0.374051 0.199207
v -0.750523 -0.400437 0.199255
v -0.707219 -0.378382 0.201532
v -0.662008 -0.340262 0.202362
v -0.712681 -0.326403 0.201532
v -0.241810 -0.586683 -0.011621
v 0.000000 -0.578488 -0.011777
v 0.241810 -0.586683 -0.011621
v -0.262954 -0.632168 -0.008392
v 0.000000 -0.630485 -0.008440
v 0.262954 -0.632168 -0.008392
v -0.272510 -0.649453 -0.004477
v 0.000000 -0.649961 -0.004483
v 0.272510 -0.649453 -0.004477
v 0.894993 0.474971 -0.011621
v 0.965204 0.511399 -0.008392
v 0.991827 0.525339 -0.004477
v 0.893824 0.428318 -0.011778
v 0.974332 0.471054 -0.008440
v 1.004483 0.486949 -0.004483
v 0.916931 0.367455 -0.011621
v 0.987642 0.407638 -0.008392
v 1.014564 0.422603 -0.004477
v 0.810720 0.546136 -0.011621
v 0.874748 0.588063 -0.008392
v 0.898929 0.604077 -0.004477
v 0.825246 0.522909 -0.011778
v 0.899617 0.570034 -0.008440
v 0.927461 0.587677 -0.004483
v 0.861902 0.513705 -0.011621
v 0.928070 0.554276 -0.008392
v 0.953344 0.569598 -0.004477
v 0.579911 0.581005 -0.011621
v 0.643326 0.625810 -0.008392
v 0.666945 0.642869 -0.004477
v 0.675964 0.566363 -0.011778
v 0.743408 0.617377 -0.008440
v 0.768495 0.636481 -0.004483
v 0.749591 0.567104 -0.011621
v 0.807080 0.611593 -0.008392
v 0.829080 0.628462 -0.004477
v -0.894993 -0.474971 -0.011621
v -0.965204 -0.511399 -0.008392
v -0.991827 -0.525339 -0.004477
v -0.893824 -0.428318 -0.011778
v -0.974332 -0.471054 -0.008440
v -1.004483 -0.486949 -0.004483
v -0.916931 -0.367455 -0.011621
v -0.987642 -0.407638 -0.008392
v -1.014564 -0.422603 -0.004477
v -0.810720 -0.546136 -0.011621
v -0.874748 -0.588063 -0.008392
v -0.898929 -0.604077 -0.004477
v -0.825246 -0.522909 -0.011778
v -0.899617 -0.570034 -0.008440
v -0.927461 -0.587677 -0.004483
v -0.861902 -0.513705 -0.011621
v -0.928070 -0.554276 -0.008392
v -0.953344 -0.569598 -0.004477
v -0.579911 -0.581005 -0.011621
v -0.643326 -0.625810 -0.008392
v -0.666945 -0.642869 -0.004477
v -0.675964 -0.566363 -0.011777
v -0.743408 -0.617377 -0.008440
v -0.768495 -0.636481 -0.004483
v -0.749591 -0.567104 -0.011621
v -0.807080 -0.611593 -0.008392
v -0.829080 -0.628462 -0.004477
v 0.241810 0.586683 -0.011621
v 0.000000 0.578487 -0.011778
v -0.241810 0.586683 -0.011621
v 0.262954 0.632168 -0.008392
v 0.000000 0.630485 -0.008440
v -0.262954 0.632168 -0.008392
v 0.272510 0.649453 -0.004477
v 0.000000 0.649961 -0.004483
v -0.272510 0.649453 -0.004477
v 0.925893 -0.153221 -0.011621
v 0.912958 -0.000000 -0.011778
v 0.925893 0.153221 -0.011621
v 0.997675 -0.166618 -0.008392
v 0.995019 -0.000000 -0.008440
v 0.997675 0.166618 -0.008392
v 1.024955 -0.172673 -0.004477
v 1.025757 -0.000000 -0.004483
v 1.024955 0.172674 -0.004477
v 0.995608 -0.527256 0.016210
v 0.995615 -0.527281 0.009296
v 0.995621 -0.527301 0.004115
v 1.008776 -0.489137 0.016210
v 1.008780 -0.489166 0.009296
v 1.008784 -0.489187 0.004115
v 1.018402 -0.424658 0.016210
v 1.018405 -0.424687 0.009295
v 1.018407 -0.424708 0.004115
v 0.902306 -0.606336 0.016210
v 0.902333 -0.606346 0.009296
v 0.902353 -0.606354 0.004115
v 0.931378 -0.590159 0.016210
v 0.931399 -0.590172 0.009296
v 0.931414 -0.590182 0.004115
v 0.956909 -0.571738 0.016210
v 0.956924 -0.571755 0.009296
v 0.956936 -0.571767 0.004115
v 0.670188 -0.645301 0.016210
v 0.670233 -0.645303 0.009296
v 0.670267 -0.645304 0.004115
v 0.771948 -0.639201 0.016210
v 0.771993 -0.639204 0.009296
v 0.772026 -0.639207 0.004115
v 0.832106 -0.630858 0.016210
v 0.832146 -0.630862 0.009296
v 0.832176 -0.630866 0.004115
v -0.995608 0.527256 0.016210
v -0.995615 0.527282 0.009295
v -0.995621 0.527301 0.004115
v -1.008776 0.489138 0.016210
v -1.008780 0.489166 0.009295
v -1.008784 0.489187 0.004115
v -1.018402 0.424659 0.016210
v -1.018405 0.424687 0.009295
v -1.018407 0.424708 0.004115
v -0.902306 0.606336 0.016210
v -0.902333 0.606346 0.009295
v -0.902353 0.606353 0.004115
v -0.931378 0.590159 0.016210
v -0.931399 0.590172 0.009295
v -0.931414 0.590182 0.004115
v -0.956909 0.571737 0.016210
v -0.956924 0.571754 0.009295
v -0.956936 0.571767 0.004115
v -0.670188 0.645301 0.016210
v -0.670233 0.645303 0.009295
v -0.670267 0.645304 0.004115
v -0.771948 0.639201 0.016210
v -0.771993 0.639204 0.009295
v -0.772026 0.639207 0.004115
v -0.832106 0.630858 0.016210
v -0.832146 0.630862 0.009295
v -0.832176 0.630866 0.004115
v -1.028851 -0.173499 0.016210
v -1.030147 0.000000 0.016210
v -1.028851 0.173500 0.016210
v -1.028851 -0.173513 0.009295
v -1.030147 0.000000 0.009295
v -1.028852 0.173513 0.009295
v -1.028852 -0.173523 0.004115
v -1.030148 0.000000 0.004115
v -1.028852 0.173523 0.004115
vn -0.0040 -0.5828 0.8126
vn -0.0000 -0.5830 0.8125
vn -0.0000 -0.4615 0.8871
vn -0.0028 -0.4631 0.8863
vn 0.0040 -0.5828 0.8126
vn 0.0028 -0.4631 0.8863
vn -0.0000 -0.3231 0.9464
vn -0.0014 -0.3260 0.9454
vn 0.0014 -0.3260 0.9454
vn -0.0124 -0.6684 0.7437
vn -0.0047 -0.6725 0.7401
vn -0.0105 -0.5810 0.8138
vn -0.0000 -0.6735 0.7392
vn 0.0047 -0.6725 0.7401
vn 0.0124 -0.6684 0.7437
vn 0.0105 -0.5810 0.8138
vn 0.0076 -0.4667 0.8844
vn 0.0038 -0.3344 0.9424
vn 0.0004 -0.2037 0.9790
vn -0.0000 -0.1941 0.9810
vn -0.0000 -0.1909 0.9816
vn -0.0038 -0.3344 0.9424
vn -0.0004 -0.2037 0.9790
vn -0.0076 -0.4667 0.8844
vn 0.7669 -0.0130 0.6417
vn 0.7675 -0.0000 0.6411
vn 0.6659 -0.0000 0.7460
vn 0.6651 -0.0113 0.7466
vn 0.7669 0.0130 0.6417
vn 0.6651 0.0113 0.7466
vn 0.5788 -0.0000 0.8155
vn 0.5778 -0.0099 0.8161
vn 0.5778 0.0099 0.8161
vn 0.8710 -0.0394 0.4898
vn 0.8730 -0.0148 0.4875
vn 0.7641 -0.0345 0.6441
vn 0.8734 -0.0000 0.4870
vn 0.8730 0.0148 0.4875
vn 0.8710 0.0394 0.4898
vn 0.7641 0.0345 0.6441
vn 0.6617 0.0299 0.7492
vn 0.5737 0.0261 0.8186
vn 0.4958 0.0228 0.8681
vn 0.4999 0.0087 0.8660
vn 0.5009 -0.0000 0.8655
vn 0.4999 -0.0087 0.8660
vn 0.5737 -0.0261 0.8186
vn 0.4958 -0.0228 0.8681
vn 0.6617 -0.0299 0.7492
vn 0.4149 -0.0071 0.9098
vn 0.4151 -0.0000 0.9098
vn 0.3144 -0.0000 0.9493
vn 0.3155 -0.0049 0.9489
vn 0.4149 0.0071 0.9098
vn 0.3155 0.0049 0.9489
vn 0.2122 -0.0000 0.9772
vn 0.2143 -0.0023 0.9768
vn 0.2143 0.0023 0.9768
vn 0.4132 -0.0188 0.9104
vn 0.4132 0.0188 0.9105
vn 0.3181 0.0132 0.9480
vn 0.2202 0.0066 0.9754
vn 0.1312 0.0008 0.9914
vn 0.1247 0.0001 0.9922
vn 0.1226 -0.0000 0.9925
vn 0.1247 -0.0001 0.9922
vn 0.2202 -0.0066 0.9754
vn 0.1312 -0.0008 0.9914
vn 0.3181 -0.0132 0.9480
vn -0.0002 -0.0092 -1.0000
vn -0.0007 -0.0060 -1.0000
vn -0.0000 -0.0000 -1.0000
vn -0.0000 -0.0073 -1.0000
vn -0.0025 -0.0074 -1.0000
vn -0.0018 -0.0027 -1.0000
vn -0.0046 -0.0040 -1.0000
vn -0.0034 -0.0008 -1.0000
vn -0.0061 -0.0005 -1.0000
vn -0.0041 -0.0000 -1.0000
vn -0.0061 0.0005 -1.0000
vn -0.0034 0.0008 -1.0000
vn -0.0046 0.0040 -1.0000
vn -0.0018 0.0027 -1.0000
vn -0.0025 0.0074 -1.0000
vn -0.0007 0.0060 -1.0000
vn -0.0002 0.0092 -1.0000
vn -0.0000 0.0073 -1.0000
vn 0.0002 0.0092 -1.0000
vn 0.0007 0.0060 -1.0000
vn 0.0025 0.0074 -1.0000
vn 0.0018 0.0027 -1.0000
vn 0.0046 0.0040 -1.0000
vn 0.0034 0.0008 -1.0000
vn 0.0061 0.0005 -1.0000
vn 0.0041 -0.0000 -1.0000
vn 0.0061 -0.0005 -1.0000
vn 0.0034 -0.0008 -1.0000
vn 0.0046 -0.0040 -1.0000
vn 0.0018 -0.0027 -1.0000
vn 0.0025 -0.0074 -1.0000
vn 0.0007 -0.0060 -1.0000
vn 0.0002 -0.0092 -1.0000
vn -0.0001 -0.0243 -0.9997
vn -0.0019 -0.0184 -0.9998
vn 0.0006 -0.0207 -0.9998
vn -0.0012 -0.0166 -0.9999
vn -0.0000 -0.0188 -0.9998
vn -0.0072 -0.0204 -0.9998
vn -0.0081 -0.0089 -0.9999
vn -0.0014 -0.0188 -0.9998
vn -0.0051 -0.0078 -1.0000
vn -0.0128 -0.0118 -0.9998
vn -0.0116 -0.0022 -0.9999
vn -0.0058 -0.0131 -0.9999
vn -0.0098 -0.0016 -1.0000
vn -0.0164 -0.0008 -0.9999
vn -0.0129 0.0008 -0.9999
vn -0.0116 -0.0028 -0.9999
vn -0.0114 -0.0000 -0.9999
vn -0.0164 0.0008 -0.9999
vn -0.0116 0.0028 -0.9999
vn -0.0129 -0.0008 -0.9999
vn -0.0098 0.0016 -1.0000
vn -0.0128 0.0118 -0.9998
vn -0.0058 0.0131 -0.9999
vn -0.0116 0.0022 -0.9999
vn -0.0051 0.0078 -1.0000
vn -0.0072 0.0204 -0.9998
vn -0.0014 0.0188 -0.9998
vn -0.0081 0.0089 -0.9999
vn -0.0012 0.0166 -0.9999
vn -0.0001 0.0243 -0.9997
vn 0.0006 0.0207 -0.9998
vn -0.0019 0.0184 -0.9998
vn -0.0000 0.0188 -0.9998
vn 0.0001 0.0243 -0.9997
vn 0.0019 0.0184 -0.9998
vn -0.0006 0.0207 -0.9998
vn 0.0012 0.0166 -0.9999
vn 0.0072 0.0204 -0.9998
vn 0.0081 0.0089 -0.9999
vn 0.0014 0.0188 -0.9998
vn 0.0051 0.0078 -1.0000
vn 0.0128 0.0118 -0.9998
vn 0.0116 0.0022 -0.9999
vn 0.0058 0.0131 -0.9999
vn 0.0098 0.0016 -1.0000
vn 0.0164 0.0008 -0.9999
vn 0.0129 -0.0008 -0.9999
vn 0.0116 0.0028 -0.9999
vn 0.0114 -0.0000 -0.9999
vn 0.0164 -0.0008 -0.9999
vn 0.0116 -0.0028 -0.9999
vn 0.0129 0.0008 -0.9999
vn 0.0098 -0.0016 -1.0000
vn 0.0128 -0.0118 -0.9998
vn 0.0058 -0.0131 -0.9999
vn 0.0116 -0.0022 -0.9999
vn 0.0051 -0.0078 -1.0000
vn 0.0072 -0.0204 -0.9998
vn 0.0014 -0.0188 -0.9998
vn 0.0081 -0.0089 -0.9999
vn 0.0012 -0.0166 -0.9999
vn 0.0001 -0.0243 -0.9997
vn -0.0006 -0.0207 -0.9998
vn 0.0019 -0.0184 -0.9998
vn -0.4664 -0.0062 -0.8846
vn -0.4496 -0.0000 -0.8932
vn -0.0883 -0.0000 -0.9961
vn -0.0938 0.0004 -0.9956
vn -0.4664 0.0062 -0.8846
vn -0.0938 -0.0004 -0.9956
vn -0.0294 -0.0000 -0.9996
vn -0.0320 0.0016 -0.9995
vn -0.0320 -0.0016 -0.9995
vn -0.9355 -0.0435 -0.3507
vn -0.9321 -0.0155 -0.3619
vn -0.4830 -0.0213 -0.8754
vn -0.9261 -0.0000 -0.3772
vn -0.9321 0.0155 -0.3619
vn -0.9355 0.0435 -0.3507
vn -0.4830 0.0213 -0.8754
vn -0.0992 0.0046 -0.9951
vn -0.0342 0.0018 -0.9994
vn -0.0342 -0.0018 -0.9994
vn -0.0992 -0.0046 -0.9951
vn 0.0040 0.5828 0.8126
vn -0.0000 0.5829 0.8125
vn -0.0000 0.4615 0.8871
vn 0.0028 0.4631 0.8863
vn -0.0040 0.5828 0.8126
vn -0.0028 0.4631 0.8863
vn -0.0000 0.3231 0.9464
vn 0.0014 0.3260 0.9454
vn -0.0014 0.3260 0.9454
vn 0.0124 0.6684 0.7437
vn 0.0047 0.6725 0.7401
vn 0.0105 0.5810 0.8138
vn -0.0000 0.6735 0.7392
vn -0.0047 0.6725 0.7401
vn -0.0124 0.6684 0.7437
vn -0.0105 0.5810 0.8138
vn -0.0076 0.4667 0.8844
vn -0.0038 0.3344 0.9424
vn -0.0004 0.2037 0.9790
vn -0.0000 0.1941 0.9810
vn -0.0000 0.1909 0.9816
vn 0.0038 0.3344 0.9424
vn 0.0004 0.2037 0.9790
vn 0.0076 0.4667 0.8844
vn 0.0098 0.0016 1.0000
vn 0.0293 -0.0027 0.9996
vn 0.0391 0.0073 0.9992
vn 0.0262 0.0167 0.9995
vn 0.0730 -0.0015 0.9973
vn 0.0775 0.0167 0.9968
vn 0.0671 0.0427 0.9968
vn 0.0004 0.0008 1.0000
vn 0.0055 -0.0013 1.0000
vn 0.0047 0.0025 1.0000
vn 0.0238 -0.0032 0.9997
vn 0.0229 0.0156 0.9996
vn 0.1404 0.0072 0.9901
vn 0.0639 -0.0028 0.9980
vn 0.1421 0.0325 0.9893
vn 0.1121 0.0984 0.9888
vn 0.0593 0.0498 0.9970
vn 0.1277 0.0724 0.9892
vn 0.0060 0.8823 0.4706
vn -0.0000 0.8827 0.4700
vn -0.0000 0.8144 0.5803
vn 0.0056 0.8138 0.5812
vn -0.0060 0.8823 0.4706
vn -0.0056 0.8138 0.5812
vn -0.0000 0.7451 0.6670
vn 0.0052 0.7442 0.6679
vn -0.0052 0.7442 0.6679
vn 0.0172 0.9409 0.3382
vn 0.0065 0.9419 0.3360
vn 0.0161 0.8806 0.4736
vn -0.0000 0.9420 0.3355
vn -0.0065 0.9419 0.3360
vn -0.0172 0.9409 0.3382
vn -0.0161 0.8806 0.4736
vn -0.0148 0.8112 0.5846
vn -0.0136 0.7406 0.6718
vn 0.0136 0.7406 0.6718
vn 0.0148 0.8112 0.5846
vn -0.4149 0.0071 0.9098
vn -0.4151 -0.0000 0.9098
vn -0.3144 -0.0000 0.9493
vn -0.3155 0.0049 0.9489
vn -0.4149 -0.0071 0.9098
vn -0.3155 -0.0049 0.9489
vn -0.2122 -0.0000 0.9772
vn -0.2143 0.0023 0.9768
vn -0.2143 -0.0023 0.9768
vn -0.4958 0.0228 0.8681
vn -0.4999 0.0087 0.8660
vn -0.4132 0.0188 0.9105
vn -0.5009 -0.0000 0.8655
vn -0.4999 -0.0087 0.8661
vn -0.4958 -0.0228 0.8681
vn -0.4132 -0.0188 0.9104
vn -0.3181 -0.0132 0.9480
vn -0.2202 -0.0066 0.9754
vn -0.1312 -0.0008 0.9914
vn -0.1247 -0.0001 0.9922
vn -0.1226 -0.0000 0.9925
vn -0.1247 0.0001 0.9922
vn -0.2202 0.0066 0.9754
vn -0.1312 0.0008 0.9914
vn -0.3181 0.0132 0.9480
vn -0.0378 -0.8752 0.4823
vn -0.0346 -0.8034 0.5945
vn -0.0778 -0.7826 0.6177
vn -0.0859 -0.8595 0.5039
vn -0.0316 -0.7305 0.6822
vn -0.0700 -0.7054 0.7054
vn -0.1549 -0.7374 0.6574
vn -0.1738 -0.8218 0.5427
vn -0.1370 -0.6551 0.7430
vn -0.0172 -0.9409 0.3382
vn -0.0161 -0.8806 0.4736
vn -0.0407 -0.9376 0.3452
vn -0.0148 -0.8112 0.5846
vn -0.0136 -0.7406 0.6718
vn -0.0286 -0.6568 0.7535
vn -0.0626 -0.6288 0.7750
vn -0.1202 -0.5761 0.8085
vn -0.1804 -0.5142 0.8385
vn -0.2083 -0.5926 0.7781
vn -0.2386 -0.6771 0.6962
vn -0.2711 -0.7667 0.5820
vn -0.1914 -0.8982 0.3957
vn -0.3020 -0.8508 0.4301
vn -0.0932 -0.9272 0.3629
vn -0.3478 -0.7121 0.6099
vn -0.3030 -0.6217 0.7223
vn -0.3591 -0.5661 0.7420
vn -0.4158 -0.6543 0.6317
vn -0.2621 -0.5386 0.8007
vn -0.3085 -0.4869 0.8172
vn -0.4150 -0.5025 0.7584
vn -0.4841 -0.5853 0.6505
vn -0.3546 -0.4298 0.8304
vn -0.3915 -0.7995 0.4555
vn -0.2253 -0.4636 0.8570
vn -0.2637 -0.4166 0.8700
vn -0.3019 -0.3661 0.8802
vn -0.3462 -0.3029 0.8879
vn -0.4077 -0.3564 0.8407
vn -0.4791 -0.4183 0.7717
vn -0.5623 -0.4900 0.6661
vn -0.5546 -0.6693 0.4944
vn -0.6490 -0.5644 0.5101
vn -0.4724 -0.7417 0.4762
vn -0.6574 -0.3392 0.6729
vn -0.5596 -0.2889 0.7768
vn -0.6225 -0.1525 0.7677
vn -0.7267 -0.1781 0.6635
vn -0.4764 -0.2463 0.8440
vn -0.5336 -0.1310 0.8355
vn -0.6512 -0.0694 0.7557
vn -0.7549 -0.0804 0.6509
vn -0.5623 -0.0602 0.8247
vn -0.7608 -0.3923 0.5170
vn -0.4050 -0.2099 0.8899
vn -0.4567 -0.1128 0.8824
vn -0.4843 -0.0523 0.8733
vn -0.5737 -0.0261 0.8186
vn -0.6617 -0.0299 0.7492
vn -0.7641 -0.0345 0.6441
vn -0.8633 -0.0922 0.4961
vn -0.8710 -0.0394 0.4898
vn -0.8364 -0.2056 0.5082
vn -0.0245 0.5837 -0.8116
vn -0.0074 0.1424 -0.9898
vn -0.0101 0.1282 -0.9917
vn -0.0490 0.5553 -0.8302
vn -0.0037 0.0467 -0.9989
vn -0.0030 0.0429 -0.9991
vn -0.0180 0.1279 -0.9916
vn -0.1034 0.5438 -0.8328
vn -0.0023 0.0480 -0.9988
vn -0.0187 0.9678 -0.2509
vn -0.0108 0.6046 -0.7964
vn -0.0443 0.9604 -0.2752
vn -0.0027 0.1534 -0.9882
vn -0.0011 0.0527 -0.9986
vn -0.0146 0.0415 -0.9990
vn -0.0396 0.1159 -0.9925
vn -0.1771 0.5110 -0.8412
vn -0.2045 0.9327 -0.2972
vn -0.3234 0.8943 -0.3093
vn -0.0995 0.9502 -0.2953
vn -0.2218 0.4486 -0.8658
vn -0.0511 0.0870 -0.9949
vn -0.0474 0.0765 -0.9959
vn -0.2464 0.3960 -0.8846
vn -0.0213 0.0227 -0.9995
vn -0.0148 0.0234 -0.9996
vn -0.0532 0.0812 -0.9953
vn -0.2933 0.3706 -0.8813
vn -0.0137 0.0339 -0.9993
vn -0.4186 0.8410 -0.3429
vn -0.0272 0.0241 -0.9993
vn -0.0748 0.0662 -0.9950
vn -0.3629 0.3190 -0.8755
vn -0.5962 0.7182 -0.3589
vn -0.7072 0.6108 -0.3561
vn -0.5028 0.7836 -0.3650
vn -0.4130 0.2065 -0.8870
vn -0.0830 0.0324 -0.9960
vn -0.0813 0.0174 -0.9965
vn -0.4307 0.1003 -0.8969
vn -0.0304 0.0043 -0.9995
vn -0.0263 0.0047 -0.9996
vn -0.0908 0.0124 -0.9958
vn -0.4619 0.0490 -0.8856
vn -0.0296 0.0062 -0.9995
vn -0.8256 0.4242 -0.3721
vn -0.9230 0.1017 -0.3710
vn -0.8954 0.2226 -0.3856
vn 0.0245 -0.5837 -0.8116
vn 0.0074 -0.1424 -0.9898
vn 0.0101 -0.1282 -0.9917
vn 0.0490 -0.5553 -0.8302
vn 0.0037 -0.0467 -0.9989
vn 0.0030 -0.0429 -0.9991
vn 0.0180 -0.1279 -0.9916
vn 0.1034 -0.5438 -0.8328
vn 0.0023 -0.0480 -0.9988
vn 0.0187 -0.9678 -0.2508
vn 0.0108 -0.6047 -0.7964
vn 0.0443 -0.9604 -0.2752
vn 0.0027 -0.1534 -0.9882
vn 0.0011 -0.0527 -0.9986
vn 0.0146 -0.0415 -0.9990
vn 0.0396 -0.1159 -0.9925
vn 0.1771 -0.5110 -0.8412
vn 0.2045 -0.9327 -0.2971
vn 0.3234 -0.8943 -0.3093
vn 0.0995 -0.9502 -0.2952
vn 0.2218 -0.4486 -0.8658
vn 0.0511 -0.0870 -0.9949
vn 0.0474 -0.0765 -0.9959
vn 0.2464 -0.3960 -0.8846
vn 0.0213 -0.0227 -0.9995
vn 0.0148 -0.0234 -0.9996
vn 0.0532 -0.0812 -0.9953
vn 0.2933 -0.3706 -0.8813
vn 0.0137 -0.0339 -0.9993
vn 0.4186 -0.8410 -0.3429
vn 0.0272 -0.0241 -0.9993
vn 0.0748 -0.0662 -0.9950
vn 0.3629 -0.3190 -0.8755
vn 0.5962 -0.7182 -0.3589
vn 0.7072 -0.6108 -0.3561
vn 0.5028 -0.7835 -0.3650
vn 0.4130 -0.2065 -0.8870
vn 0.0830 -0.0324 -0.9960
vn 0.0813 -0.0174 -0.9965
vn 0.4307 -0.1003 -0.8969
vn 0.0304 -0.0043 -0.9995
vn 0.0263 -0.0047 -0.9996
vn 0.0908 -0.0124 -0.9958
vn 0.4619 -0.0490 -0.8856
vn 0.0296 -0.0062 -0.9995
vn 0.8256 -0.4242 -0.3721
vn 0.0342 -0.0018 -0.9994
vn 0.0992 -0.0046 -0.9951
vn 0.4830 -0.0213 -0.8754
vn 0.9230 -0.1017 -0.3710
vn 0.9355 -0.0435 -0.3507
vn 0.8954 -0.2226 -0.3856
vn 0.0378 0.8752 0.4823
vn 0.0346 0.8034 0.5945
vn 0.0778 0.7826 0.6177
vn 0.0859 0.8595 0.5039
vn 0.0316 0.7305 0.6822
vn 0.0700 0.7054 0.7054
vn 0.1549 0.7374 0.6574
vn 0.1738 0.8218 0.5427
vn 0.1370 0.6551 0.7430
vn 0.0407 0.9376 0.3452
vn 0.0286 0.6568 0.7535
vn 0.0626 0.6288 0.7750
vn 0.1202 0.5761 0.8085
vn 0.1804 0.5142 0.8385
vn 0.2083 0.5926 0.7781
vn 0.2386 0.6771 0.6962
vn 0.2711 0.7667 0.5820
vn 0.1914 0.8982 0.3957
vn 0.3020 0.8508 0.4301
vn 0.0932 0.9272 0.3629
vn 0.3478 0.7121 0.6099
vn 0.3030 0.6216 0.7223
vn 0.3591 0.5661 0.7420
vn 0.4158 0.6543 0.6317
vn 0.2621 0.5386 0.8007
vn 0.3085 0.4869 0.8172
vn 0.4150 0.5025 0.7584
vn 0.4841 0.5853 0.6505
vn 0.3546 0.4298 0.8304
vn 0.3915 0.7995 0.4555
vn 0.2253 0.4635 0.8570
vn 0.2637 0.4166 0.8700
vn 0.3019 0.3661 0.8802
vn 0.3462 0.3029 0.8879
vn 0.4077 0.3564 0.8407
vn 0.4791 0.4183 0.7717
vn 0.5623 0.4900 0.6661
vn 0.5546 0.6693 0.4944
vn 0.6490 0.5644 0.5101
vn 0.4724 0.7417 0.4762
vn 0.6574 0.3392 0.6729
vn 0.5596 0.2889 0.7768
vn 0.6225 0.1525 0.7677
vn 0.7267 0.1781 0.6635
vn 0.4764 0.2463 0.8440
vn 0.5336 0.1310 0.8355
vn 0.6512 0.0694 0.7557
vn 0.7549 0.0804 0.6509
vn 0.5623 0.0602 0.8247
vn 0.7608 0.3923 0.5170
vn 0.4050 0.2099 0.8899
vn 0.4567 0.1128 0.8824
vn 0.4843 0.0523 0.8733
vn 0.8633 0.0922 0.4961
vn 0.8364 0.2056 0.5082
vn -0.4053 0.0436 0.9131
vn -0.3175 0.0325 0.9477
vn -0.3031 0.0750 0.9500
vn -0.3823 0.0948 0.9192
vn -0.2262 0.0196 0.9739
vn -0.2212 0.0535 0.9738
vn -0.2691 0.1417 0.9526
vn -0.3381 0.1760 0.9245
vn -0.1980 0.1068 0.9744
vn -0.4843 0.0523 0.8733
vn -0.1404 0.0072 0.9901
vn -0.1421 0.0325 0.9893
vn -0.1277 0.0724 0.9892
vn -0.1121 0.0984 0.9888
vn -0.1720 0.1512 0.9734
vn -0.2314 0.2030 0.9515
vn -0.2891 0.2532 0.9232
vn -0.4050 0.2099 0.8899
vn -0.3462 0.3029 0.8879
vn -0.4567 0.1128 0.8824
vn -0.2532 0.3064 0.9176
vn -0.2049 0.2458 0.9474
vn -0.1799 0.2844 0.9417
vn -0.2219 0.3507 0.9098
vn -0.1555 0.1822 0.9709
vn -0.1362 0.2154 0.9670
vn -0.1530 0.3198 0.9350
vn -0.1898 0.3923 0.9000
vn -0.1137 0.2442 0.9630
vn -0.3019 0.3661 0.8802
vn -0.1054 0.1166 0.9876
vn -0.0916 0.1448 0.9852
vn -0.0726 0.1666 0.9833
vn -0.0602 0.1770 0.9824
vn -0.0927 0.2683 0.9589
vn -0.1238 0.3558 0.9263
vn -0.1529 0.4373 0.8862
vn -0.2253 0.4635 0.8570
vn -0.1804 0.5142 0.8385
vn -0.2637 0.4166 0.8700
vn -0.1030 0.4948 0.8629
vn -0.0845 0.4039 0.9109
vn -0.0441 0.4473 0.8933
vn -0.0543 0.5456 0.8363
vn -0.0645 0.3034 0.9507
vn -0.0320 0.3352 0.9416
vn -0.0189 0.4660 0.8846
vn -0.0246 0.5721 0.8198
vn -0.0115 0.3428 0.9393
vn -0.1202 0.5761 0.8085
vn -0.0436 0.1980 0.9792
vn -0.0194 0.2184 0.9757
vn -0.0041 0.2170 0.9762
vn -0.0286 0.6568 0.7535
vn -0.0626 0.6288 0.7750
vn 0.2262 0.0196 0.9739
vn 0.3175 0.0325 0.9477
vn 0.3031 0.0750 0.9500
vn 0.2212 0.0535 0.9738
vn 0.4053 0.0436 0.9131
vn 0.3823 0.0948 0.9192
vn 0.2691 0.1417 0.9526
vn 0.1980 0.1068 0.9744
vn 0.3381 0.1760 0.9245
vn 0.2891 0.2532 0.9232
vn 0.2314 0.2030 0.9515
vn 0.1720 0.1512 0.9734
vn 0.1555 0.1822 0.9709
vn 0.2049 0.2458 0.9474
vn 0.1799 0.2844 0.9417
vn 0.1362 0.2154 0.9670
vn 0.2532 0.3064 0.9176
vn 0.2219 0.3507 0.9098
vn 0.1530 0.3198 0.9350
vn 0.1137 0.2442 0.9630
vn 0.1898 0.3923 0.9000
vn 0.1054 0.1166 0.9876
vn 0.1529 0.4373 0.8862
vn 0.1238 0.3558 0.9263
vn 0.0927 0.2683 0.9589
vn 0.0726 0.1666 0.9833
vn 0.0602 0.1770 0.9824
vn 0.0916 0.1448 0.9852
vn 0.0645 0.3034 0.9507
vn 0.0845 0.4039 0.9109
vn 0.0441 0.4473 0.8933
vn 0.0320 0.3352 0.9416
vn 0.1030 0.4948 0.8629
vn 0.0543 0.5456 0.8363
vn 0.0189 0.4660 0.8846
vn 0.0115 0.3428 0.9393
vn 0.0246 0.5722 0.8198
vn 0.0436 0.1980 0.9792
vn 0.0041 0.2170 0.9762
vn 0.0194 0.2184 0.9757
vn 0.0115 -0.3428 0.9393
vn 0.0189 -0.4661 0.8846
vn 0.0441 -0.4473 0.8933
vn 0.0320 -0.3352 0.9416
vn 0.0246 -0.5722 0.8198
vn 0.0543 -0.5457 0.8363
vn 0.0845 -0.4039 0.9109
vn 0.0645 -0.3034 0.9507
vn 0.1030 -0.4948 0.8629
vn 0.0041 -0.2170 0.9762
vn 0.0286 -0.6568 0.7535
vn 0.0626 -0.6288 0.7750
vn 0.1202 -0.5761 0.8085
vn 0.1804 -0.5142 0.8385
vn 0.1529 -0.4373 0.8862
vn 0.1238 -0.3558 0.9263
vn 0.0927 -0.2683 0.9589
vn 0.0436 -0.1980 0.9792
vn 0.0602 -0.1770 0.9824
vn 0.0194 -0.2184 0.9757
vn 0.1137 -0.2442 0.9630
vn 0.1530 -0.3198 0.9350
vn 0.1799 -0.2844 0.9417
vn 0.1362 -0.2154 0.9670
vn 0.1898 -0.3923 0.9000
vn 0.2219 -0.3507 0.9098
vn 0.2049 -0.2458 0.9474
vn 0.1555 -0.1823 0.9709
vn 0.2532 -0.3064 0.9176
vn 0.0726 -0.1666 0.9833
vn 0.2253 -0.4636 0.8570
vn 0.2637 -0.4166 0.8700
vn 0.3019 -0.3661 0.8802
vn 0.3462 -0.3029 0.8879
vn 0.2891 -0.2532 0.9232
vn 0.2314 -0.2030 0.9514
vn 0.1720 -0.1512 0.9734
vn 0.1054 -0.1166 0.9876
vn 0.1121 -0.0984 0.9888
vn 0.0916 -0.1448 0.9852
vn 0.1980 -0.1068 0.9744
vn 0.2691 -0.1417 0.9526
vn 0.3032 -0.0750 0.9500
vn 0.2212 -0.0535 0.9738
vn 0.3381 -0.1760 0.9245
vn 0.3823 -0.0948 0.9192
vn 0.3175 -0.0325 0.9477
vn 0.2262 -0.0196 0.9739
vn 0.4053 -0.0436 0.9131
vn 0.1277 -0.0724 0.9892
vn 0.4050 -0.2099 0.8899
vn 0.4567 -0.1128 0.8824
vn 0.4843 -0.0523 0.8733
vn 0.1404 -0.0072 0.9901
vn 0.1421 -0.0325 0.9893
vn -0.0246 -0.5722 0.8198
vn -0.0189 -0.4661 0.8846
vn -0.0441 -0.4473 0.8933
vn -0.0543 -0.5457 0.8363
vn -0.0115 -0.3428 0.9393
vn -0.0320 -0.3352 0.9416
vn -0.0845 -0.4039 0.9109
vn -0.1030 -0.4948 0.8629
vn -0.0645 -0.3034 0.9507
vn -0.0041 -0.2170 0.9762
vn -0.0194 -0.2184 0.9757
vn -0.0436 -0.1980 0.9792
vn -0.0602 -0.1770 0.9824
vn -0.0927 -0.2683 0.9589
vn -0.1238 -0.3558 0.9263
vn -0.1529 -0.4373 0.8862
vn -0.1898 -0.3923 0.9000
vn -0.1530 -0.3198 0.9350
vn -0.1799 -0.2844 0.9417
vn -0.2219 -0.3507 0.9098
vn -0.1137 -0.2442 0.9630
vn -0.1362 -0.2154 0.9670
vn -0.2049 -0.2458 0.9474
vn -0.2532 -0.3064 0.9176
vn -0.1555 -0.1823 0.9709
vn -0.0726 -0.1666 0.9833
vn -0.0916 -0.1448 0.9852
vn -0.1054 -0.1166 0.9876
vn -0.1121 -0.0984 0.9888
vn -0.1720 -0.1512 0.9734
vn -0.2314 -0.2030 0.9514
vn -0.2891 -0.2532 0.9232
vn -0.3381 -0.1760 0.9245
vn -0.2691 -0.1417 0.9526
vn -0.3032 -0.0750 0.9500
vn -0.3823 -0.0948 0.9192
vn -0.1980 -0.1068 0.9744
vn -0.2212 -0.0535 0.9738
vn -0.3175 -0.0325 0.9477
vn -0.4053 -0.0436 0.9131
vn -0.2262 -0.0196 0.9739
vn -0.1277 -0.0724 0.9892
vn -0.1421 -0.0325 0.9893
vn -0.1404 -0.0072 0.9901
vn -0.0060 -0.8823 0.4706
vn -0.0000 -0.8827 0.4699
vn -0.0000 -0.8144 0.5803
vn -0.0056 -0.8138 0.5812
vn 0.0060 -0.8823 0.4706
vn 0.0056 -0.8138 0.5812
vn -0.0000 -0.7451 0.6670
vn -0.0052 -0.7442 0.6679
vn 0.0052 -0.7442 0.6679
vn -0.0065 -0.9419 0.3360
vn -0.0000 -0.9420 0.3355
vn 0.0065 -0.9419 0.3360
vn 0.0172 -0.9409 0.3382
vn 0.0161 -0.8806 0.4736
vn 0.0148 -0.8112 0.5846
vn 0.0136 -0.7406 0.6718
vn -0.0068 -0.9994 0.0343
vn -0.0000 -0.9994 0.0342
vn -0.0000 -0.9949 0.1005
vn -0.0068 -0.9949 0.1007
vn 0.0068 -0.9994 0.0343
vn 0.0068 -0.9949 0.1007
vn -0.0000 -0.9792 0.2027
vn -0.0067 -0.9791 0.2030
vn 0.0067 -0.9791 0.2030
vn -0.0181 -0.9998 0.0053
vn -0.0068 -1.0000 0.0051
vn -0.0181 -0.9992 0.0347
vn -0.0000 -1.0000 0.0051
vn 0.0068 -1.0000 0.0051
vn 0.0181 -0.9998 0.0053
vn 0.0181 -0.9992 0.0347
vn 0.0181 -0.9947 0.1016
vn 0.0179 -0.9787 0.2046
vn -0.0179 -0.9787 0.2046
vn -0.0181 -0.9947 0.1016
vn 0.8872 0.4573 0.0610
vn 0.8756 0.4514 0.1721
vn 0.9573 0.2356 0.1674
vn 0.9694 0.2383 0.0586
vn 0.8380 0.4321 0.3332
vn 0.9180 0.2260 0.3259
vn 0.9813 0.1049 0.1615
vn 0.9928 0.1059 0.0560
vn 0.9433 0.1009 0.3162
vn 0.7545 0.6562 0.0116
vn 0.7534 0.6548 0.0603
vn 0.8888 0.4581 0.0112
vn 0.7441 0.6463 0.1692
vn 0.7132 0.6196 0.3278
vn 0.9494 0.0429 0.3112
vn 0.9864 0.0445 0.1584
vn 0.9975 0.0450 0.0546
vn 0.9944 0.1057 0.0089
vn 0.9990 0.0449 0.0083
vn 0.9712 0.2382 0.0100
vn 0.4390 0.8970 0.0520
vn 0.4353 0.8884 0.1461
vn 0.5310 0.8331 0.1547
vn 0.5363 0.8422 0.0551
vn 0.4217 0.8603 0.2865
vn 0.5125 0.8039 0.3018
vn 0.6299 0.7595 0.1624
vn 0.6370 0.7686 0.0580
vn 0.6058 0.7303 0.3156
vn 0.3336 0.9427 0.0092
vn 0.3338 0.9414 0.0481
vn 0.4391 0.8984 0.0102
vn 0.3316 0.9336 0.1360
vn 0.3227 0.9077 0.2681
vn 0.6377 0.7702 0.0113
vn 0.5367 0.8437 0.0108
vn 0.0429 0.9984 0.0357
vn 0.0429 0.9936 0.1041
vn 0.0992 0.9889 0.1105
vn 0.0993 0.9943 0.0383
vn 0.0424 0.9769 0.2092
vn 0.0976 0.9703 0.2212
vn 0.2070 0.9706 0.1228
vn 0.2077 0.9773 0.0431
vn 0.2026 0.9484 0.2438
vn 0.0181 0.9998 0.0053
vn 0.0181 0.9992 0.0347
vn 0.0427 0.9991 0.0057
vn 0.0181 0.9947 0.1015
vn 0.0179 0.9787 0.2046
vn 0.2070 0.9783 0.0079
vn 0.0988 0.9951 0.0065
vn 0.4764 -0.2463 0.8440
vn 0.5596 -0.2889 0.7768
vn 0.6225 -0.1525 0.7677
vn 0.5336 -0.1310 0.8355
vn 0.6574 -0.3392 0.6729
vn 0.7267 -0.1781 0.6635
vn 0.6512 -0.0694 0.7557
vn 0.5623 -0.0602 0.8247
vn 0.7549 -0.0804 0.6509
vn 0.4077 -0.3564 0.8407
vn 0.4791 -0.4183 0.7717
vn 0.5623 -0.4900 0.6661
vn 0.6490 -0.5644 0.5101
vn 0.7608 -0.3923 0.5170
vn 0.8364 -0.2056 0.5082
vn 0.8633 -0.0922 0.4961
vn 0.2621 -0.5386 0.8007
vn 0.3030 -0.6217 0.7223
vn 0.3591 -0.5661 0.7420
vn 0.3085 -0.4869 0.8172
vn 0.3478 -0.7121 0.6099
vn 0.4158 -0.6543 0.6317
vn 0.4150 -0.5025 0.7584
vn 0.3546 -0.4298 0.8304
vn 0.4841 -0.5853 0.6505
vn 0.2083 -0.5926 0.7781
vn 0.2386 -0.6771 0.6962
vn 0.2711 -0.7667 0.5820
vn 0.3020 -0.8508 0.4301
vn 0.3915 -0.7995 0.4555
vn 0.4724 -0.7417 0.4762
vn 0.5546 -0.6693 0.4944
vn 0.0316 -0.7305 0.6822
vn 0.0346 -0.8034 0.5945
vn 0.0778 -0.7826 0.6177
vn 0.0700 -0.7054 0.7054
vn 0.0378 -0.8752 0.4823
vn 0.0859 -0.8595 0.5039
vn 0.1549 -0.7374 0.6574
vn 0.1370 -0.6551 0.7430
vn 0.1738 -0.8218 0.5427
vn 0.0407 -0.9376 0.3452
vn 0.0932 -0.9272 0.3629
vn 0.1914 -0.8982 0.3957
vn -0.4764 0.2463 0.8440
vn -0.5596 0.2889 0.7768
vn -0.6225 0.1525 0.7677
vn -0.5336 0.1310 0.8355
vn -0.6574 0.3392 0.6729
vn -0.7267 0.1781 0.6635
vn -0.6512 0.0694 0.7557
vn -0.5623 0.0602 0.8247
vn -0.7549 0.0804 0.6509
vn -0.4077 0.3564 0.8407
vn -0.4791 0.4183 0.7717
vn -0.5623 0.4900 0.6661
vn -0.6490 0.5644 0.5101
vn -0.7608 0.3923 0.5170
vn -0.8364 0.2056 0.5082
vn -0.8633 0.0922 0.4961
vn -0.8710 0.0394 0.4898
vn -0.7641 0.0345 0.6441
vn -0.6617 0.0299 0.7492
vn -0.5737 0.0261 0.8186
vn -0.2621 0.5386 0.8007
vn -0.3030 0.6216 0.7223
vn -0.3591 0.5661 0.7420
vn -0.3085 0.4869 0.8172
vn -0.3478 0.7121 0.6099
vn -0.4158 0.6543 0.6317
vn -0.4150 0.5025 0.7584
vn -0.3546 0.4298 0.8304
vn -0.4841 0.5853 0.6505
vn -0.2083 0.5926 0.7781
vn -0.2386 0.6771 0.6962
vn -0.2711 0.7667 0.5820
vn -0.3020 0.8508 0.4301
vn -0.3915 0.7995 0.4555
vn -0.4724 0.7417 0.4761
vn -0.5546 0.6693 0.4944
vn -0.0316 0.7305 0.6822
vn -0.0346 0.8034 0.5945
vn -0.0778 0.7826 0.6177
vn -0.0700 0.7054 0.7054
vn -0.0378 0.8752 0.4823
vn -0.0859 0.8595 0.5039
vn -0.1549 0.7374 0.6574
vn -0.1370 0.6551 0.7430
vn -0.1738 0.8218 0.5427
vn -0.0407 0.9376 0.3452
vn -0.0932 0.9272 0.3629
vn -0.1914 0.8982 0.3957
vn -0.8872 -0.4573 0.0610
vn -0.8756 -0.4514 0.1721
vn -0.9573 -0.2356 0.1674
vn -0.9694 -0.2383 0.0587
vn -0.8380 -0.4321 0.3332
vn -0.9180 -0.2260 0.3259
vn -0.9813 -0.1049 0.1615
vn -0.9928 -0.1059 0.0560
vn -0.9433 -0.1009 0.3162
vn -0.7545 -0.6562 0.0116
vn -0.7534 -0.6548 0.0603
vn -0.8888 -0.4581 0.0112
vn -0.7441 -0.6463 0.1692
vn -0.7132 -0.6196 0.3278
vn -0.9494 -0.0429 0.3112
vn -0.9864 -0.0445 0.1584
vn -0.9975 -0.0450 0.0546
vn -0.9944 -0.1057 0.0089
vn -0.9990 -0.0449 0.0083
vn -0.9712 -0.2382 0.0100
vn -0.4390 -0.8970 0.0520
vn -0.4353 -0.8884 0.1461
vn -0.5310 -0.8331 0.1547
vn -0.5363 -0.8422 0.0551
vn -0.4217 -0.8603 0.2864
vn -0.5125 -0.8039 0.3018
vn -0.6299 -0.7595 0.1624
vn -0.6370 -0.7686 0.0580
vn -0.6058 -0.7303 0.3156
vn -0.3336 -0.9427 0.0092
vn -0.3338 -0.9414 0.0482
vn -0.4391 -0.8984 0.0102
vn -0.3316 -0.9335 0.1360
vn -0.3227 -0.9077 0.2681
vn -0.6377 -0.7702 0.0114
vn -0.5367 -0.8437 0.0108
vn -0.0429 -0.9984 0.0357
vn -0.0429 -0.9936 0.1041
vn -0.0992 -0.9889 0.1105
vn -0.0993 -0.9943 0.0383
vn -0.0424 -0.9769 0.2092
vn -0.0976 -0.9703 0.2212
vn -0.2070 -0.9706 0.1228
vn -0.2076 -0.9773 0.0431
vn -0.2026 -0.9484 0.2438
vn -0.0428 -0.9991 0.0057
vn -0.2070 -0.9783 0.0079
vn -0.0988 -0.9951 0.0065
vn 0.0068 0.9994 0.0343
vn -0.0000 0.9994 0.0342
vn -0.0000 0.9949 0.1005
vn 0.0068 0.9949 0.1007
vn -0.0068 0.9994 0.0343
vn -0.0068 0.9949 0.1007
vn -0.0000 0.9792 0.2027
vn 0.0067 0.9791 0.2030
vn -0.0067 0.9791 0.2030
vn 0.0068 1.0000 0.0051
vn -0.0000 1.0000 0.0051
vn -0.0068 1.0000 0.0051
vn -0.0181 0.9998 0.0053
vn -0.0181 0.9992 0.0347
vn -0.0181 0.9947 0.1015
vn -0.0179 0.9787 0.2046
vn -0.5778 -0.0099 0.8161
vn -0.5788 -0.0000 0.8155
vn -0.6659 -0.0000 0.7460
vn -0.6651 -0.0113 0.7466
vn -0.5778 0.0099 0.8161
vn -0.6651 0.0113 0.7466
vn -0.7675 -0.0000 0.6411
vn -0.7669 -0.0130 0.6417
vn -0.7669 0.0130 0.6417
vn -0.8730 0.0148 0.4875
vn -0.8734 -0.0000 0.4870
vn -0.8730 -0.0148 0.4875
vn 0.9984 -0.0169 0.0540
vn 0.9985 -0.0000 0.0538
vn 0.9876 -0.0000 0.1570
vn 0.9874 -0.0167 0.1572
vn 0.9984 0.0169 0.0540
vn 0.9874 0.0167 0.1572
vn 0.9511 -0.0000 0.3090
vn 0.9508 -0.0161 0.3094
vn 0.9508 0.0161 0.3094
vn 0.9990 -0.0449 0.0083
vn 0.9998 -0.0169 0.0081
vn 0.9975 -0.0450 0.0545
vn 1.0000 -0.0000 0.0080
vn 0.9998 0.0169 0.0081
vn 0.9494 -0.0429 0.3112
vn 0.9864 -0.0445 0.1584
vn 0.9999 -0.0169 0.0002
vn 1.0000 -0.0000 0.0001
vn 0.9999 0.0169 0.0002
vn 0.9999 -0.0169 0.0001
vn 0.9999 0.0169 0.0001
vn 0.9321 -0.0155 -0.3619
vn 0.9990 -0.0448 0.0004
vn 0.9261 -0.0000 -0.3772
vn 0.9321 0.0155 -0.3619
vn 0.9355 0.0435 -0.3507
vn 0.9990 0.0448 0.0004
vn 0.9990 0.0449 0.0004
vn 0.9990 -0.0449 0.0004
vn 0.0068 1.0000 0.0001
vn -0.0000 1.0000 0.0001
vn -0.0000 1.0000 -0.0000
vn 0.0068 1.0000 -0.0000
vn -0.0068 1.0000 0.0001
vn -0.0068 1.0000 -0.0000
vn 0.0187 0.9678 -0.2509
vn 0.0066 0.9658 -0.2591
vn 0.0180 0.9998 0.0002
vn -0.0000 0.9618 -0.2739
vn -0.0066 0.9658 -0.2591
vn -0.0180 0.9998 0.0002
vn -0.0180 0.9998 0.0003
vn 0.0180 0.9998 0.0003
vn -0.0427 -0.9991 0.0005
vn -0.0987 -0.9951 0.0011
vn -0.2067 -0.9784 0.0019
vn -0.2067 -0.9784 0.0018
vn -0.0187 -0.9678 -0.2508
vn -0.0180 -0.9998 0.0002
vn -0.0443 -0.9604 -0.2752
vn -0.3334 -0.9428 0.0025
vn -0.3334 -0.9428 0.0026
vn -0.2045 -0.9327 -0.2971
vn -0.3234 -0.8943 -0.3093
vn -0.0995 -0.9502 -0.2953
vn -0.4390 -0.8985 0.0030
vn -0.5366 -0.8438 0.0032
vn -0.6377 -0.7703 0.0033
vn -0.4186 -0.8410 -0.3429
vn -0.7545 -0.6563 0.0032
vn -0.5962 -0.7182 -0.3589
vn -0.7072 -0.6108 -0.3561
vn -0.5028 -0.7835 -0.3650
vn -0.8889 -0.4580 0.0027
vn -0.8889 -0.4581 0.0026
vn -0.9712 -0.2381 0.0016
vn -0.9713 -0.2380 0.0017
vn -0.9944 -0.1056 0.0009
vn -0.9944 -0.1056 0.0008
vn -0.8256 -0.4242 -0.3720
vn -0.9990 -0.0449 0.0004
vn -0.9990 -0.0448 0.0004
vn -0.9230 -0.1017 -0.3711
vn -0.8954 -0.2226 -0.3856
vn 0.0427 0.9991 0.0005
vn 0.0987 0.9951 0.0011
vn 0.0987 0.9951 0.0010
vn 0.0427 0.9991 0.0006
vn 0.2067 0.9784 0.0018
vn 0.2067 0.9784 0.0019
vn 0.0443 0.9604 -0.2752
vn 0.3334 0.9428 0.0025
vn 0.3334 0.9428 0.0026
vn 0.2045 0.9327 -0.2971
vn 0.3234 0.8943 -0.3092
vn 0.0995 0.9502 -0.2953
vn 0.4390 0.8985 0.0030
vn 0.5366 0.8438 0.0032
vn 0.6377 0.7703 0.0033
vn 0.4186 0.8410 -0.3429
vn 0.7544 0.6564 0.0032
vn 0.7545 0.6563 0.0032
vn 0.5962 0.7182 -0.3589
vn 0.7072 0.6108 -0.3561
vn 0.5028 0.7835 -0.3650
vn 0.8889 0.4580 0.0026
vn 0.8889 0.4581 0.0026
vn 0.9712 0.2381 0.0016
vn 0.9713 0.2380 0.0017
vn 0.9944 0.1056 0.0009
vn 0.9944 0.1056 0.0008
vn 0.8256 0.4242 -0.3721
vn 0.9230 0.1017 -0.3711
vn 0.8954 0.2226 -0.3856
vn -0.0068 -1.0000 0.0001
vn -0.0000 -1.0000 0.0001
vn -0.0000 -1.0000 -0.0000
vn -0.0068 -1.0000 -0.0000
vn 0.0068 -1.0000 0.0001
vn 0.0068 -1.0000 -0.0000
vn -0.0066 -0.9658 -0.2591
vn -0.0000 -0.9618 -0.2739
vn 0.0066 -0.9658 -0.2591
vn 0.0180 -0.9998 0.0002
vn 0.0180 -0.9998 0.0003
vn 0.8380 -0.4321 0.3332
vn 0.8756 -0.4514 0.1722
vn 0.9573 -0.2356 0.1674
vn 0.9180 -0.2260 0.3259
vn 0.8872 -0.4573 0.0610
vn 0.9694 -0.2383 0.0586
vn 0.9813 -0.1049 0.1615
vn 0.9433 -0.1009 0.3162
vn 0.9928 -0.1059 0.0560
vn 0.7132 -0.6196 0.3278
vn 0.7441 -0.6463 0.1692
vn 0.7534 -0.6548 0.0603
vn 0.7545 -0.6562 0.0116
vn 0.8888 -0.4581 0.0112
vn 0.9712 -0.2382 0.0100
vn 0.9944 -0.1057 0.0089
vn 0.4217 -0.8603 0.2864
vn 0.4353 -0.8884 0.1461
vn 0.5310 -0.8331 0.1547
vn 0.5125 -0.8039 0.3018
vn 0.4390 -0.8970 0.0520
vn 0.5363 -0.8422 0.0551
vn 0.6299 -0.7595 0.1624
vn 0.6058 -0.7303 0.3156
vn 0.6370 -0.7686 0.0580
vn 0.3227 -0.9077 0.2681
vn 0.3316 -0.9335 0.1360
vn 0.3338 -0.9414 0.0482
vn 0.3336 -0.9427 0.0092
vn 0.4391 -0.8984 0.0102
vn 0.5367 -0.8437 0.0108
vn 0.6377 -0.7702 0.0114
vn 0.0424 -0.9769 0.2092
vn 0.0429 -0.9936 0.1041
vn 0.0992 -0.9889 0.1105
vn 0.0976 -0.9703 0.2212
vn 0.0429 -0.9984 0.0357
vn 0.0993 -0.9943 0.0383
vn 0.2070 -0.9706 0.1228
vn 0.2026 -0.9484 0.2438
vn 0.2076 -0.9773 0.0431
vn 0.0427 -0.9991 0.0057
vn 0.0988 -0.9951 0.0065
vn 0.2070 -0.9783 0.0079
vn -0.8380 0.4321 0.3332
vn -0.8756 0.4514 0.1722
vn -0.9573 0.2356 0.1674
vn -0.9180 0.2260 0.3259
vn -0.8872 0.4573 0.0610
vn -0.9694 0.2383 0.0586
vn -0.9813 0.1049 0.1615
vn -0.9433 0.1009 0.3162
vn -0.9928 0.1059 0.0560
vn -0.7132 0.6196 0.3278
vn -0.7441 0.6463 0.1692
vn -0.7534 0.6548 0.0603
vn -0.7545 0.6562 0.0116
vn -0.8888 0.4581 0.0112
vn -0.9712 0.2382 0.0100
vn -0.9944 0.1057 0.0089
vn -0.9990 0.0449 0.0083
vn -0.9975 0.0450 0.0545
vn -0.9864 0.0445 0.1584
vn -0.9494 0.0429 0.3112
vn -0.4217 0.8603 0.2864
vn -0.4353 0.8884 0.1461
vn -0.5310 0.8331 0.1547
vn -0.5125 0.8039 0.3018
vn -0.4390 0.8970 0.0520
vn -0.5363 0.8422 0.0551
vn -0.6299 0.7595 0.1624
vn -0.6058 0.7303 0.3156
vn -0.6370 0.7686 0.0579
vn -0.3227 0.9077 0.2681
vn -0.3316 0.9336 0.1360
vn -0.3338 0.9414 0.0481
vn -0.3336 0.9427 0.0092
vn -0.4391 0.8984 0.0102
vn -0.5367 0.8437 0.0108
vn -0.6377 0.7702 0.0113
vn -0.0424 0.9769 0.2092
vn -0.0429 0.9936 0.1041
vn -0.0992 0.9889 0.1105
vn -0.0976 0.9703 0.2212
vn -0.0429 0.9984 0.0357
vn -0.0993 0.9943 0.0383
vn -0.2070 0.9706 0.1228
vn -0.2026 0.9484 0.2438
vn -0.2077 0.9773 0.0431
vn -0.0427 0.9991 0.0057
vn -0.0988 0.9951 0.0065
vn -0.2070 0.9783 0.0079
vn -0.9508 -0.0161 0.3094
vn -0.9511 -0.0000 0.3090
vn -0.9876 -0.0000 0.1570
vn -0.9874 -0.0167 0.1572
vn -0.9508 0.0161 0.3094
vn -0.9874 0.0167 0.1572
vn -0.9985 -0.0000 0.0538
vn -0.9984 -0.0169 0.0540
vn -0.9984 0.0169 0.0540
vn -0.9998 0.0169 0.0081
vn -1.0000 -0.0000 0.0080
vn -0.9998 -0.0169 0.0081
vn 0.0048 0.0006 1.0000
vn 0.0211 0.0013 0.9998
vn 0.0203 -0.0000 0.9998
vn 0.0046 -0.0000 1.0000
vn 0.0588 0.0012 0.9983
vn 0.0572 -0.0000 0.9984
vn 0.0211 -0.0013 0.9998
vn 0.0048 -0.0006 1.0000
vn 0.0588 -0.0012 0.9983
vn 0.0004 -0.0008 1.0000
vn 0.0055 0.0013 1.0000
vn 0.0004 0.0001 1.0000
vn 0.0238 0.0032 0.9997
vn 0.0639 0.0028 0.9980
vn 0.0004 -0.0001 1.0000
vn 0.0004 -0.0000 1.0000
vn 0.0098 -0.0016 1.0000
vn 0.0262 -0.0167 0.9995
vn 0.0391 -0.0073 0.9992
vn 0.0293 0.0027 0.9996
vn 0.0671 -0.0427 0.9968
vn 0.0775 -0.0167 0.9968
vn 0.0730 0.0015 0.9973
vn 0.0047 -0.0025 1.0000
vn 0.0229 -0.0156 0.9996
vn 0.0593 -0.0498 0.9970
vn -0.0000 -0.0000 1.0000
vn -0.0004 -0.0008 1.0000
vn 0.0001 -0.0007 1.0000
vn -0.0004 0.0001 1.0000
vn -0.0000 -0.0007 1.0000
vn -0.0001 -0.0007 1.0000
vn -0.0001 0.0007 1.0000
vn -0.0000 0.0007 1.0000
vn 0.0001 0.0007 1.0000
vn -0.0004 -0.0001 1.0000
vn -0.0004 0.0008 1.0000
vn -0.0004 -0.0000 1.0000
vn 0.0007 -0.0925 0.9957
vn -0.0000 -0.0901 0.9959
vn -0.0000 -0.0322 0.9995
vn 0.0008 -0.0336 0.9994
vn -0.0007 -0.0925 0.9957
vn -0.0008 -0.0336 0.9994
vn -0.0000 -0.0074 1.0000
vn 0.0004 -0.0078 1.0000
vn -0.0004 -0.0078 1.0000
vn 0.0017 -0.1003 0.9950
vn -0.0017 -0.1003 0.9950
vn -0.0020 -0.0381 0.9993
vn -0.0010 -0.0093 1.0000
vn 0.0010 -0.0093 1.0000
vn 0.0020 -0.0381 0.9993
vn 0.0004 0.0078 1.0000
vn -0.0000 0.0074 1.0000
vn -0.0000 0.0322 0.9995
vn 0.0008 0.0336 0.9994
vn -0.0004 0.0078 1.0000
vn -0.0008 0.0336 0.9994
vn -0.0000 0.0901 0.9959
vn 0.0007 0.0925 0.9957
vn -0.0007 0.0925 0.9957
vn 0.0010 0.0093 1.0000
vn -0.0010 0.0093 1.0000
vn -0.0020 0.0381 0.9993
vn -0.0017 0.1003 0.9950
vn 0.0017 0.1003 0.9950
vn 0.0020 0.0381 0.9993
vn -0.0588 0.0012 0.9983
vn -0.0211 0.0013 0.9998
vn -0.0203 -0.0000 0.9998
vn -0.0572 -0.0000 0.9984
vn -0.0048 0.0006 1.0000
vn -0.0046 -0.0000 1.0000
vn -0.0211 -0.0013 0.9998
vn -0.0588 -0.0012 0.9983
vn -0.0048 -0.0006 1.0000
vn -0.0639 0.0028 0.9980
vn -0.0238 0.0032 0.9997
vn -0.0055 0.0013 1.0000
vn -0.0055 -0.0013 1.0000
vn -0.0238 -0.0032 0.9997
vn -0.0639 -0.0028 0.9980
vn -0.0007 0.0150 0.9999
vn 0.0020 0.0465 0.9989
vn -0.0028 0.0574 0.9983
vn -0.0104 0.0418 0.9991
vn 0.0012 0.1136 0.9935
vn -0.0100 0.1186 0.9929
vn -0.0252 0.1046 0.9942
vn -0.0023 0.0083 1.0000
vn -0.0106 0.0372 0.9993
vn -0.0306 0.0949 0.9950
vn -0.0252 -0.1046 0.9942
vn -0.0100 -0.1186 0.9929
vn -0.0028 -0.0574 0.9983
vn -0.0104 -0.0418 0.9991
vn 0.0012 -0.1136 0.9935
vn 0.0020 -0.0465 0.9989
vn -0.0006 -0.0150 0.9999
vn -0.0306 -0.0949 0.9950
vn -0.0106 -0.0372 0.9993
vn -0.0023 -0.0083 1.0000
vn -0.0068 0.0115 0.9999
vn -0.0131 0.0416 0.9990
vn -0.0276 0.0457 0.9986
vn -0.0257 0.0197 0.9995
vn -0.0352 0.0979 0.9946
vn -0.0527 0.0827 0.9952
vn -0.0615 0.0572 0.9965
vn -0.0047 0.0025 1.0000
vn -0.0229 0.0156 0.9996
vn -0.0593 0.0498 0.9970
vn -0.0730 -0.0015 0.9973
vn -0.0293 -0.0027 0.9996
vn -0.0391 0.0073 0.9992
vn -0.0775 0.0167 0.9968
vn -0.0098 0.0016 1.0000
vn -0.0262 0.0167 0.9995
vn -0.0671 0.0427 0.9968
vn -0.0012 0.1136 0.9935
vn -0.0020 0.0465 0.9989
vn 0.0028 0.0574 0.9983
vn 0.0100 0.1186 0.9929
vn 0.0007 0.0150 0.9999
vn 0.0104 0.0418 0.9991
vn 0.0252 0.1046 0.9942
vn 0.0023 0.0083 1.0000
vn 0.0106 0.0372 0.9993
vn 0.0306 0.0949 0.9950
vn 0.0352 0.0979 0.9946
vn 0.0131 0.0416 0.9990
vn 0.0276 0.0457 0.9986
vn 0.0527 0.0827 0.9952
vn 0.0068 0.0115 0.9999
vn 0.0257 0.0197 0.9995
vn 0.0615 0.0572 0.9965
vn 0.0352 -0.0979 0.9946
vn 0.0527 -0.0826 0.9952
vn 0.0275 -0.0457 0.9986
vn 0.0131 -0.0416 0.9990
vn 0.0615 -0.0572 0.9965
vn 0.0257 -0.0197 0.9995
vn 0.0068 -0.0115 0.9999
vn 0.0306 -0.0949 0.9950
vn 0.0106 -0.0372 0.9993
vn 0.0023 -0.0083 1.0000
vn -0.0012 -0.1136 0.9935
vn 0.0100 -0.1186 0.9929
vn 0.0028 -0.0574 0.9983
vn -0.0020 -0.0465 0.9989
vn 0.0252 -0.1046 0.9942
vn 0.0104 -0.0418 0.9991
vn 0.0006 -0.0150 0.9999
vn -0.0615 -0.0572 0.9965
vn -0.0527 -0.0826 0.9952
vn -0.0275 -0.0457 0.9986
vn -0.0257 -0.0197 0.9995
vn -0.0352 -0.0979 0.9946
vn -0.0131 -0.0416 0.9990
vn -0.0068 -0.0115 0.9999
vn -0.0593 -0.0498 0.9970
vn -0.0229 -0.0156 0.9996
vn -0.0047 -0.0025 1.0000
vn -0.0730 0.0015 0.9973
vn -0.0775 -0.0167 0.9968
vn -0.0391 -0.0073 0.9992
vn -0.0293 0.0027 0.9996
vn -0.0671 -0.0427 0.9968
vn -0.0262 -0.0167 0.9995
vn -0.0098 -0.0016 1.0000
vn 0.0010 -0.0502 -0.9987
vn -0.0000 -0.0470 -0.9989
vn -0.0000 -0.1385 -0.9904
vn 0.0003 -0.1457 -0.9893
vn -0.0010 -0.0502 -0.9987
vn -0.0003 -0.1457 -0.9893
vn -0.0000 -0.5758 -0.8176
vn -0.0030 -0.5914 -0.8064
vn 0.0030 -0.5914 -0.8064
vn -0.0011 -0.0527 -0.9986
vn -0.0108 -0.6047 -0.7964
vn -0.0027 -0.1534 -0.9882
vn 0.0304 0.0043 -0.9995
vn 0.0830 0.0324 -0.9960
vn 0.0813 0.0174 -0.9965
vn 0.0263 0.0047 -0.9996
vn 0.4130 0.2065 -0.8870
vn 0.4307 0.1003 -0.8969
vn 0.0908 0.0124 -0.9958
vn 0.0296 0.0062 -0.9995
vn 0.4619 0.0490 -0.8856
vn 0.0272 0.0241 -0.9993
vn 0.0748 0.0662 -0.9950
vn 0.3629 0.3190 -0.8755
vn 0.4830 0.0213 -0.8754
vn 0.0992 0.0046 -0.9951
vn 0.0342 0.0018 -0.9994
vn 0.0213 0.0227 -0.9995
vn 0.0511 0.0870 -0.9949
vn 0.0474 0.0765 -0.9959
vn 0.0148 0.0234 -0.9996
vn 0.2218 0.4486 -0.8658
vn 0.2464 0.3960 -0.8846
vn 0.0532 0.0812 -0.9953
vn 0.0137 0.0339 -0.9993
vn 0.2933 0.3706 -0.8813
vn 0.0146 0.0415 -0.9990
vn 0.0396 0.1159 -0.9925
vn 0.1771 0.5110 -0.8412
vn 0.0037 0.0467 -0.9989
vn 0.0074 0.1424 -0.9898
vn 0.0101 0.1282 -0.9917
vn 0.0030 0.0429 -0.9991
vn 0.0245 0.5837 -0.8116
vn 0.0490 0.5553 -0.8302
vn 0.0180 0.1279 -0.9916
vn 0.0023 0.0480 -0.9988
vn 0.1034 0.5439 -0.8328
vn 0.0011 0.0527 -0.9986
vn 0.0027 0.1534 -0.9882
vn 0.0108 0.6046 -0.7964
vn -0.0304 -0.0043 -0.9995
vn -0.0830 -0.0324 -0.9960
vn -0.0813 -0.0174 -0.9965
vn -0.0263 -0.0047 -0.9996
vn -0.4130 -0.2065 -0.8870
vn -0.4307 -0.1003 -0.8969
vn -0.0908 -0.0124 -0.9958
vn -0.0296 -0.0062 -0.9995
vn -0.4619 -0.0490 -0.8856
vn -0.0272 -0.0241 -0.9993
vn -0.0748 -0.0662 -0.9950
vn -0.3629 -0.3189 -0.8755
vn -0.0213 -0.0227 -0.9995
vn -0.0511 -0.0870 -0.9949
vn -0.0474 -0.0765 -0.9959
vn -0.0148 -0.0234 -0.9996
vn -0.2218 -0.4486 -0.8658
vn -0.2464 -0.3960 -0.8846
vn -0.0532 -0.0812 -0.9953
vn -0.0137 -0.0339 -0.9993
vn -0.2933 -0.3706 -0.8813
vn -0.0146 -0.0415 -0.9990
vn -0.0396 -0.1159 -0.9925
vn -0.1771 -0.5110 -0.8412
vn -0.0037 -0.0467 -0.9989
vn -0.0074 -0.1424 -0.9898
vn -0.0101 -0.1282 -0.9917
vn -0.0030 -0.0429 -0.9991
vn -0.0245 -0.5837 -0.8116
vn -0.0490 -0.5553 -0.8302
vn -0.0180 -0.1279 -0.9916
vn -0.0023 -0.0480 -0.9988
vn -0.1034 -0.5438 -0.8328
vn -0.0010 0.0502 -0.9987
vn -0.0000 0.0470 -0.9989
vn -0.0000 0.1385 -0.9904
vn -0.0003 0.1457 -0.9893
vn 0.0010 0.0502 -0.9987
vn 0.0003 0.1457 -0.9893
vn -0.0000 0.5758 -0.8176
vn 0.0030 0.5914 -0.8064
vn -0.0030 0.5914 -0.8064
vn 0.0320 0.0016 -0.9995
vn 0.0294 -0.0000 -0.9996
vn 0.0883 -0.0000 -0.9961
vn 0.0938 0.0004 -0.9956
vn 0.0320 -0.0016 -0.9995
vn 0.0938 -0.0004 -0.9956
vn 0.4496 -0.0000 -0.8932
vn 0.4664 -0.0062 -0.8846
vn 0.4664 0.0062 -0.8846
vn 0.8889 -0.4581 0.0026
vn 0.8889 -0.4580 0.0026
vn 0.9712 -0.2381 0.0016
vn 0.8889 -0.4580 0.0027
vn 0.9713 -0.2380 0.0017
vn 0.9944 -0.1056 0.0009
vn 0.7545 -0.6563 0.0032
vn 0.4390 -0.8985 0.0030
vn 0.5366 -0.8438 0.0032
vn 0.6377 -0.7703 0.0033
vn 0.3334 -0.9428 0.0025
vn 0.3334 -0.9428 0.0026
vn 0.0427 -0.9991 0.0005
vn 0.0987 -0.9951 0.0011
vn 0.2067 -0.9784 0.0019
vn 0.2067 -0.9784 0.0018
vn -0.8889 0.4581 0.0026
vn -0.9712 0.2381 0.0016
vn -0.8889 0.4580 0.0026
vn -0.9713 0.2380 0.0017
vn -0.9944 0.1056 0.0009
vn -0.7544 0.6564 0.0032
vn -0.7545 0.6563 0.0032
vn -0.9990 0.0448 0.0004
vn -0.9990 0.0449 0.0004
vn -0.4390 0.8985 0.0030
vn -0.5366 0.8438 0.0032
vn -0.5366 0.8438 0.0033
vn -0.6377 0.7703 0.0033
vn -0.6377 0.7703 0.0034
vn -0.3334 0.9428 0.0025
vn -0.3334 0.9428 0.0026
vn -0.0427 0.9991 0.0005
vn -0.0987 0.9951 0.0011
vn -0.2067 0.9784 0.0019
vn -0.2067 0.9784 0.0018
vn -0.9999 -0.0169 0.0001
vn -1.0000 -0.0000 0.0001
vn -0.9999 -0.0169 0.0002
vn -0.9999 0.0169 0.0002
vn -0.9999 0.0169 0.0001
vt 0.383176 0.053967
vt 0.500000 0.053388
vt 0.500000 0.068072
vt 0.387547 0.068588
vt 0.616824 0.053967
vt 0.612453 0.068588
vt 0.500000 0.085817
vt 0.391703 0.086170
vt 0.608297 0.086170
vt 0.275788 0.043200
vt 0.379040 0.041425
vt 0.283377 0.055704
vt 0.500000 0.040834
vt 0.620960 0.041425
vt 0.724212 0.043200
vt 0.716623 0.055704
vt 0.708585 0.070139
vt 0.700884 0.087229
vt 0.694304 0.107696
vt 0.604802 0.107593
vt 0.500000 0.107558
vt 0.395198 0.107593
vt 0.299116 0.087229
vt 0.305696 0.107696
vt 0.291415 0.070139
vt 0.987275 0.370435
vt 0.987890 0.500000
vt 0.979993 0.500000
vt 0.979386 0.372647
vt 0.987275 0.629565
vt 0.979386 0.627354
vt 0.970322 0.500000
vt 0.969723 0.375510
vt 0.969723 0.624490
vt 0.991234 0.257014
vt 0.993101 0.368859
vt 0.985428 0.259933
vt 0.993724 0.500000
vt 0.993101 0.631141
vt 0.991234 0.742987
vt 0.985428 0.740068
vt 0.977565 0.735980
vt 0.967928 0.730702
vt 0.956800 0.724213
vt 0.958575 0.620960
vt 0.959167 0.500000
vt 0.958575 0.379040
vt 0.967928 0.269299
vt 0.956800 0.275788
vt 0.977565 0.264020
vt 0.946033 0.383176
vt 0.946611 0.500000
vt 0.931928 0.500000
vt 0.931411 0.387547
vt 0.946032 0.616824
vt 0.931412 0.612453
vt 0.914183 0.500000
vt 0.913830 0.391704
vt 0.913830 0.608297
vt 0.944296 0.283377
vt 0.944296 0.716623
vt 0.929861 0.708585
vt 0.912772 0.700884
vt 0.892304 0.694304
vt 0.892408 0.604803
vt 0.892442 0.500000
vt 0.892408 0.395198
vt 0.912772 0.299117
vt 0.892304 0.305697
vt 0.929861 0.291415
vt 0.375321 0.196423
vt 0.332593 0.256347
vt 0.500000 0.500000
vt 0.500000 0.250699
vt 0.245081 0.210861
vt 0.275734 0.275734
vt 0.210861 0.245081
vt 0.256347 0.332592
vt 0.196423 0.375322
vt 0.250699 0.500000
vt 0.196423 0.624678
vt 0.256347 0.667407
vt 0.210861 0.754920
vt 0.275734 0.724267
vt 0.245081 0.789139
vt 0.332593 0.743654
vt 0.375321 0.803577
vt 0.500000 0.749301
vt 0.624679 0.803577
vt 0.667407 0.743654
vt 0.754919 0.789139
vt 0.724266 0.724267
vt 0.789138 0.754920
vt 0.743653 0.667407
vt 0.803577 0.624678
vt 0.749300 0.500000
vt 0.803577 0.375322
vt 0.743653 0.332592
vt 0.789138 0.245081
vt 0.724266 0.275734
vt 0.754919 0.210861
vt 0.667407 0.256347
vt 0.624679 0.196423
vt 0.312139 0.085987
vt 0.277927 0.115229
vt 0.388862 0.112228
vt 0.233966 0.138996
vt 0.500000 0.131085
vt 0.148544 0.105204
vt 0.162681 0.137373
vt 0.184092 0.126395
vt 0.166741 0.166741
vt 0.105203 0.148544
vt 0.126395 0.184091
vt 0.137373 0.162681
vt 0.138997 0.233966
vt 0.085987 0.312139
vt 0.112227 0.388862
vt 0.115229 0.277927
vt 0.131085 0.500000
vt 0.085987 0.687861
vt 0.115229 0.722074
vt 0.112227 0.611138
vt 0.138997 0.766034
vt 0.105203 0.851456
vt 0.137373 0.837320
vt 0.126395 0.815909
vt 0.166741 0.833259
vt 0.148544 0.894797
vt 0.184092 0.873606
vt 0.162681 0.862627
vt 0.233966 0.861004
vt 0.312139 0.914013
vt 0.388862 0.887773
vt 0.277927 0.884771
vt 0.500000 0.868916
vt 0.687861 0.914013
vt 0.722073 0.884771
vt 0.611138 0.887773
vt 0.766034 0.861004
vt 0.851456 0.894797
vt 0.837319 0.862627
vt 0.815908 0.873606
vt 0.833259 0.833259
vt 0.894796 0.851456
vt 0.873605 0.815909
vt 0.862627 0.837320
vt 0.861003 0.766034
vt 0.914013 0.687861
vt 0.887773 0.611138
vt 0.884771 0.722074
vt 0.868915 0.500000
vt 0.914013 0.312139
vt 0.884771 0.277927
vt 0.887773 0.388862
vt 0.861003 0.233966
vt 0.894796 0.148544
vt 0.862627 0.162681
vt 0.873605 0.184091
vt 0.833259 0.166741
vt 0.851456 0.105204
vt 0.815908 0.126395
vt 0.837319 0.137373
vt 0.766034 0.138997
vt 0.687861 0.085987
vt 0.611138 0.112228
vt 0.722073 0.115229
vt 0.002521 0.367733
vt 0.002131 0.500000
vt 0.017050 0.500000
vt 0.015761 0.372371
vt 0.002521 0.632268
vt 0.015761 0.627629
vt 0.056880 0.500000
vt 0.050602 0.382633
vt 0.050602 0.617367
vt 0.002515 0.253720
vt 0.000629 0.367076
vt 0.004160 0.254949
vt 0.000000 0.500000
vt 0.000629 0.632925
vt 0.002515 0.746281
vt 0.004160 0.745051
vt 0.015677 0.736376
vt 0.045187 0.714877
vt 0.045187 0.285123
vt 0.015677 0.263625
vt 0.616824 0.946033
vt 0.500000 0.946612
vt 0.500000 0.931929
vt 0.612453 0.931412
vt 0.383176 0.946033
vt 0.387547 0.931412
vt 0.500000 0.914184
vt 0.608297 0.913831
vt 0.391703 0.913831
vt 0.724212 0.956800
vt 0.620960 0.958576
vt 0.716623 0.944296
vt 0.500000 0.959167
vt 0.379040 0.958576
vt 0.275788 0.956800
vt 0.283377 0.944296
vt 0.291415 0.929861
vt 0.299116 0.912772
vt 0.305696 0.892305
vt 0.395198 0.892408
vt 0.500000 0.892443
vt 0.604802 0.892408
vt 0.700884 0.912772
vt 0.694304 0.892305
vt 0.708585 0.929861
vt 0.821317 0.760640
vt 0.845912 0.750024
vt 0.853332 0.778083
vt 0.843261 0.789840
vt 0.869906 0.750473
vt 0.869837 0.786522
vt 0.864279 0.806734
vt 0.742745 0.742746
vt 0.799123 0.705268
vt 0.803633 0.780849
vt 0.837270 0.692296
vt 0.833578 0.803403
vt 0.891828 0.756944
vt 0.867602 0.690211
vt 0.889455 0.796128
vt 0.876552 0.834017
vt 0.856813 0.819996
vt 0.883964 0.819167
vt 0.629564 0.987275
vt 0.500000 0.987890
vt 0.500000 0.979994
vt 0.627352 0.979387
vt 0.370436 0.987275
vt 0.372647 0.979387
vt 0.500000 0.970323
vt 0.624490 0.969724
vt 0.375510 0.969724
vt 0.742986 0.991234
vt 0.631141 0.993102
vt 0.740067 0.985429
vt 0.500000 0.993724
vt 0.368859 0.993102
vt 0.257014 0.991234
vt 0.259933 0.985429
vt 0.264020 0.977566
vt 0.269298 0.967928
vt 0.730702 0.967928
vt 0.735980 0.977566
vt 0.053967 0.616824
vt 0.053388 0.500000
vt 0.068072 0.500000
vt 0.068589 0.612453
vt 0.053967 0.383176
vt 0.068588 0.387547
vt 0.085817 0.500000
vt 0.086170 0.608297
vt 0.086170 0.391704
vt 0.043200 0.724213
vt 0.041425 0.620960
vt 0.055704 0.716623
vt 0.040834 0.500000
vt 0.041425 0.379040
vt 0.043200 0.275788
vt 0.055704 0.283377
vt 0.070139 0.291415
vt 0.087228 0.299117
vt 0.107696 0.305697
vt 0.107592 0.395198
vt 0.107558 0.500000
vt 0.107592 0.604803
vt 0.087228 0.700884
vt 0.107695 0.694304
vt 0.070139 0.708585
vt 0.182838 0.017686
vt 0.188214 0.025506
vt 0.140800 0.030013
vt 0.134644 0.022257
vt 0.195123 0.035100
vt 0.148665 0.039545
vt 0.112718 0.036179
vt 0.106126 0.028508
vt 0.121084 0.045625
vt 0.257014 0.008766
vt 0.259933 0.014572
vt 0.178988 0.011916
vt 0.264020 0.022434
vt 0.269298 0.032072
vt 0.203575 0.046194
vt 0.158220 0.050588
vt 0.131164 0.056598
vt 0.113850 0.064441
vt 0.103539 0.053558
vt 0.094910 0.044224
vt 0.088063 0.036666
vt 0.101365 0.022861
vt 0.083094 0.031112
vt 0.130217 0.016538
vt 0.072804 0.046881
vt 0.079863 0.054298
vt 0.066251 0.066251
vt 0.059002 0.059002
vt 0.088701 0.063491
vt 0.075279 0.075278
vt 0.054298 0.079863
vt 0.046881 0.072804
vt 0.063491 0.088701
vt 0.067662 0.041443
vt 0.099181 0.074260
vt 0.085913 0.085913
vt 0.074260 0.099182
vt 0.064440 0.113850
vt 0.053558 0.103539
vt 0.044224 0.094910
vt 0.036666 0.088063
vt 0.041443 0.067662
vt 0.031112 0.083094
vt 0.053702 0.053702
vt 0.028508 0.106127
vt 0.036178 0.112719
vt 0.030013 0.140800
vt 0.022257 0.134644
vt 0.045625 0.121083
vt 0.039545 0.148666
vt 0.025506 0.188214
vt 0.017686 0.182838
vt 0.035100 0.195123
vt 0.022861 0.101364
vt 0.056598 0.131164
vt 0.050588 0.158220
vt 0.046194 0.203575
vt 0.032072 0.269299
vt 0.022435 0.264020
vt 0.014572 0.259933
vt 0.011916 0.178987
vt 0.008766 0.257014
vt 0.016538 0.130217
vt 0.176287 0.992436
vt 0.187751 0.979369
vt 0.139174 0.972909
vt 0.126998 0.987543
vt 0.218530 0.945049
vt 0.171909 0.933833
vt 0.108270 0.968479
vt 0.097592 0.981400
vt 0.136173 0.934400
vt 0.253719 0.997485
vt 0.254949 0.995840
vt 0.174661 0.994302
vt 0.263624 0.984323
vt 0.285124 0.954813
vt 0.113870 0.933918
vt 0.088785 0.962262
vt 0.079000 0.973330
vt 0.096077 0.983244
vt 0.077611 0.974908
vt 0.125270 0.989632
vt 0.063689 0.962722
vt 0.075426 0.950455
vt 0.063355 0.936645
vt 0.049841 0.950159
vt 0.106503 0.918339
vt 0.099453 0.900547
vt 0.049545 0.924574
vt 0.037278 0.936311
vt 0.081661 0.893497
vt 0.062019 0.964471
vt 0.066082 0.886130
vt 0.037738 0.911215
vt 0.026670 0.921000
vt 0.035530 0.937981
vt 0.025092 0.922389
vt 0.047915 0.952084
vt 0.018600 0.902409
vt 0.031522 0.891731
vt 0.027091 0.860826
vt 0.012457 0.873002
vt 0.065600 0.863827
vt 0.066167 0.828091
vt 0.020631 0.812250
vt 0.007564 0.823713
vt 0.054952 0.781470
vt 0.016756 0.903924
vt 0.005698 0.825339
vt 0.010368 0.874730
vt 0.823713 0.007564
vt 0.812249 0.020631
vt 0.860826 0.027091
vt 0.873002 0.012457
vt 0.781470 0.054952
vt 0.828091 0.066168
vt 0.891730 0.031521
vt 0.902408 0.018600
vt 0.863827 0.065600
vt 0.746280 0.002515
vt 0.745051 0.004160
vt 0.825339 0.005698
vt 0.736376 0.015677
vt 0.714876 0.045188
vt 0.886130 0.066082
vt 0.911215 0.037738
vt 0.920999 0.026670
vt 0.903923 0.016756
vt 0.922389 0.025092
vt 0.874730 0.010368
vt 0.936310 0.037279
vt 0.924574 0.049545
vt 0.936644 0.063356
vt 0.950159 0.049841
vt 0.893497 0.081661
vt 0.900547 0.099453
vt 0.950455 0.075426
vt 0.962722 0.063689
vt 0.918339 0.106503
vt 0.937981 0.035530
vt 0.933918 0.113870
vt 0.962262 0.088786
vt 0.973329 0.079000
vt 0.964470 0.062020
vt 0.974908 0.077612
vt 0.952084 0.047916
vt 0.981400 0.097592
vt 0.968478 0.108270
vt 0.972908 0.139174
vt 0.987543 0.126998
vt 0.934400 0.136173
vt 0.933833 0.171910
vt 0.979369 0.187751
vt 0.992436 0.176287
vt 0.945048 0.218531
vt 0.983244 0.096077
vt 0.954813 0.285123
vt 0.984323 0.263625
vt 0.995840 0.254949
vt 0.994302 0.174661
vt 0.997485 0.253720
vt 0.989632 0.125270
vt 0.817162 0.982314
vt 0.811786 0.974495
vt 0.859200 0.969987
vt 0.865356 0.977744
vt 0.804876 0.964900
vt 0.851335 0.960455
vt 0.887282 0.963822
vt 0.893873 0.971493
vt 0.878916 0.954376
vt 0.821012 0.988085
vt 0.796425 0.953806
vt 0.841780 0.949412
vt 0.868836 0.943403
vt 0.886150 0.935560
vt 0.896461 0.946443
vt 0.905090 0.955776
vt 0.911937 0.963335
vt 0.898635 0.977139
vt 0.916906 0.968889
vt 0.869783 0.983463
vt 0.927196 0.953120
vt 0.920137 0.945703
vt 0.933749 0.933750
vt 0.940998 0.940999
vt 0.911299 0.936509
vt 0.924721 0.924722
vt 0.945702 0.920138
vt 0.953119 0.927196
vt 0.936509 0.911300
vt 0.932338 0.958558
vt 0.900819 0.925740
vt 0.914087 0.914088
vt 0.925740 0.900818
vt 0.935560 0.886150
vt 0.946442 0.896462
vt 0.955776 0.905091
vt 0.963334 0.911938
vt 0.958557 0.932339
vt 0.968888 0.916907
vt 0.946298 0.946298
vt 0.971492 0.893874
vt 0.963821 0.887282
vt 0.969987 0.859200
vt 0.977743 0.865357
vt 0.954375 0.878917
vt 0.960455 0.851335
vt 0.974494 0.811787
vt 0.982314 0.817162
vt 0.964899 0.804877
vt 0.977139 0.898636
vt 0.943402 0.868837
vt 0.949412 0.841781
vt 0.953806 0.796425
vt 0.988084 0.821013
vt 0.983462 0.869783
vt 0.058638 0.786578
vt 0.072792 0.776101
vt 0.076895 0.818816
vt 0.062971 0.830698
vt 0.089142 0.765916
vt 0.092655 0.807003
vt 0.082788 0.844591
vt 0.068932 0.857202
vt 0.098409 0.831686
vt 0.046194 0.796425
vt 0.108172 0.756944
vt 0.110545 0.796128
vt 0.116036 0.819167
vt 0.123448 0.834017
vt 0.106021 0.847779
vt 0.090509 0.861369
vt 0.076715 0.874316
vt 0.056598 0.868837
vt 0.064440 0.886150
vt 0.050588 0.841781
vt 0.086441 0.888863
vt 0.100023 0.875727
vt 0.111303 0.888697
vt 0.097981 0.902020
vt 0.115033 0.861738
vt 0.125699 0.874302
vt 0.124273 0.899977
vt 0.111137 0.913559
vt 0.138263 0.884967
vt 0.074260 0.900818
vt 0.131500 0.847220
vt 0.140986 0.859015
vt 0.152780 0.868501
vt 0.165984 0.876552
vt 0.152221 0.893979
vt 0.138631 0.909491
vt 0.125684 0.923285
vt 0.099181 0.925740
vt 0.113850 0.935560
vt 0.085913 0.914088
vt 0.142798 0.931068
vt 0.155409 0.917212
vt 0.181184 0.923105
vt 0.169302 0.937030
vt 0.168315 0.901592
vt 0.192997 0.907346
vt 0.223899 0.927208
vt 0.213422 0.941362
vt 0.234084 0.910858
vt 0.131164 0.943403
vt 0.180834 0.883964
vt 0.203872 0.889456
vt 0.243056 0.891828
vt 0.203575 0.953806
vt 0.158220 0.949412
vt 0.910858 0.765916
vt 0.927207 0.776101
vt 0.923105 0.818816
vt 0.907345 0.807003
vt 0.941362 0.786578
vt 0.937029 0.830698
vt 0.917212 0.844591
vt 0.901591 0.831686
vt 0.931068 0.857202
vt 0.923285 0.874316
vt 0.909491 0.861369
vt 0.893979 0.847779
vt 0.884967 0.861738
vt 0.899977 0.875727
vt 0.888697 0.888697
vt 0.874301 0.874302
vt 0.913559 0.888863
vt 0.902019 0.902020
vt 0.875727 0.899977
vt 0.861737 0.884967
vt 0.888862 0.913559
vt 0.868500 0.847220
vt 0.874316 0.923285
vt 0.861369 0.909491
vt 0.847779 0.893979
vt 0.847220 0.868501
vt 0.834016 0.876552
vt 0.859014 0.859015
vt 0.831685 0.901592
vt 0.844591 0.917212
vt 0.818816 0.923105
vt 0.807003 0.907346
vt 0.857201 0.931068
vt 0.830698 0.937030
vt 0.776101 0.927208
vt 0.765916 0.910859
vt 0.786578 0.941362
vt 0.819166 0.883964
vt 0.756944 0.891828
vt 0.796128 0.889456
vt 0.765916 0.089141
vt 0.776101 0.072793
vt 0.818816 0.076895
vt 0.807003 0.092655
vt 0.786578 0.058639
vt 0.830698 0.062971
vt 0.844591 0.082788
vt 0.831685 0.098408
vt 0.857201 0.068932
vt 0.756944 0.108172
vt 0.796425 0.046194
vt 0.841780 0.050588
vt 0.868836 0.056598
vt 0.886150 0.064441
vt 0.874316 0.076715
vt 0.861369 0.090509
vt 0.847779 0.106021
vt 0.819166 0.116035
vt 0.834016 0.123448
vt 0.796128 0.110545
vt 0.861737 0.115033
vt 0.875727 0.100023
vt 0.888697 0.111304
vt 0.874301 0.125699
vt 0.888863 0.086441
vt 0.902019 0.097981
vt 0.899977 0.124273
vt 0.884967 0.138262
vt 0.913559 0.111137
vt 0.847220 0.131500
vt 0.900819 0.074260
vt 0.914087 0.085913
vt 0.925740 0.099181
vt 0.935560 0.113850
vt 0.923285 0.125684
vt 0.909491 0.138631
vt 0.893979 0.152221
vt 0.868500 0.152780
vt 0.876552 0.165984
vt 0.859014 0.140986
vt 0.901591 0.168315
vt 0.917212 0.155409
vt 0.923105 0.181184
vt 0.907345 0.192998
vt 0.931068 0.142799
vt 0.937029 0.169302
vt 0.927208 0.223899
vt 0.910858 0.234084
vt 0.941362 0.213422
vt 0.883964 0.180834
vt 0.943402 0.131164
vt 0.949412 0.158220
vt 0.953806 0.203575
vt 0.891828 0.243056
vt 0.889455 0.203872
vt 0.213422 0.058639
vt 0.223899 0.072793
vt 0.181184 0.076895
vt 0.169302 0.062971
vt 0.234084 0.089141
vt 0.192997 0.092655
vt 0.155409 0.082788
vt 0.142798 0.068932
vt 0.168315 0.098408
vt 0.243056 0.108172
vt 0.203872 0.110545
vt 0.180834 0.116035
vt 0.165984 0.123448
vt 0.152221 0.106021
vt 0.138631 0.090509
vt 0.125684 0.076715
vt 0.111137 0.086441
vt 0.124273 0.100023
vt 0.111303 0.111304
vt 0.097981 0.097981
vt 0.138263 0.115033
vt 0.125699 0.125699
vt 0.100023 0.124273
vt 0.086441 0.111137
vt 0.115033 0.138262
vt 0.152780 0.131500
vt 0.140986 0.140986
vt 0.131500 0.152780
vt 0.123448 0.165984
vt 0.106021 0.152221
vt 0.090509 0.138631
vt 0.076715 0.125684
vt 0.068932 0.142799
vt 0.082788 0.155409
vt 0.076895 0.181184
vt 0.062971 0.169302
vt 0.098409 0.168315
vt 0.092655 0.192998
vt 0.072792 0.223899
vt 0.058638 0.213422
vt 0.089142 0.234084
vt 0.116036 0.180834
vt 0.110545 0.203872
vt 0.108172 0.243056
vt 0.370436 0.012725
vt 0.500000 0.012110
vt 0.500000 0.020007
vt 0.372647 0.020614
vt 0.629564 0.012725
vt 0.627352 0.020614
vt 0.500000 0.029678
vt 0.375510 0.030277
vt 0.624490 0.030277
vt 0.368859 0.006898
vt 0.500000 0.006276
vt 0.631141 0.006898
vt 0.742986 0.008766
vt 0.740067 0.014572
vt 0.735980 0.022434
vt 0.730702 0.032072
vt 0.367159 0.000729
vt 0.500000 0.000100
vt 0.500000 0.000786
vt 0.367362 0.001415
vt 0.632841 0.000729
vt 0.632638 0.001415
vt 0.500000 0.002649
vt 0.367878 0.003275
vt 0.632122 0.003275
vt 0.253787 0.002518
vt 0.367114 0.000630
vt 0.253869 0.002617
vt 0.500000 0.000001
vt 0.632886 0.000630
vt 0.746213 0.002518
vt 0.746131 0.002617
vt 0.745756 0.003301
vt 0.744803 0.005156
vt 0.255197 0.005156
vt 0.254244 0.003301
vt 0.983129 0.903735
vt 0.982458 0.903141
vt 0.988846 0.873976
vt 0.989523 0.874535
vt 0.980651 0.901597
vt 0.987018 0.872537
vt 0.993517 0.824663
vt 0.994198 0.825154
vt 0.991672 0.823408
vt 0.974887 0.922328
vt 0.974785 0.922216
vt 0.983230 0.903850
vt 0.974122 0.921603
vt 0.972342 0.919997
vt 0.994844 0.744803
vt 0.996699 0.745756
vt 0.997383 0.746131
vt 0.994297 0.825257
vt 0.997482 0.746214
vt 0.989623 0.874648
vt 0.937822 0.964337
vt 0.937194 0.963684
vt 0.951298 0.951299
vt 0.951939 0.951939
vt 0.935537 0.961939
vt 0.949594 0.949594
vt 0.963684 0.937194
vt 0.964337 0.937822
vt 0.961939 0.935537
vt 0.922328 0.974888
vt 0.922216 0.974785
vt 0.937932 0.964442
vt 0.921603 0.974122
vt 0.919997 0.972343
vt 0.964442 0.937932
vt 0.952046 0.952047
vt 0.825154 0.994198
vt 0.824662 0.993517
vt 0.873976 0.988847
vt 0.874534 0.989523
vt 0.823407 0.991673
vt 0.872537 0.987018
vt 0.903141 0.982459
vt 0.903735 0.983130
vt 0.901597 0.980651
vt 0.746213 0.997482
vt 0.746131 0.997383
vt 0.825257 0.994297
vt 0.745756 0.996699
vt 0.744803 0.994845
vt 0.903850 0.983231
vt 0.874648 0.989624
vt 0.954375 0.121083
vt 0.963821 0.112719
vt 0.969987 0.140800
vt 0.960455 0.148666
vt 0.971492 0.106127
vt 0.977743 0.134644
vt 0.974494 0.188214
vt 0.964899 0.195123
vt 0.982314 0.182838
vt 0.946442 0.103539
vt 0.955776 0.094910
vt 0.963334 0.088063
vt 0.968888 0.083094
vt 0.977139 0.101364
vt 0.983462 0.130217
vt 0.988084 0.178987
vt 0.911299 0.063491
vt 0.920137 0.054298
vt 0.933749 0.066251
vt 0.924721 0.075278
vt 0.927196 0.046881
vt 0.940998 0.059003
vt 0.945702 0.079863
vt 0.936509 0.088701
vt 0.953119 0.072804
vt 0.896461 0.053558
vt 0.905090 0.044224
vt 0.911937 0.036666
vt 0.916906 0.031112
vt 0.932338 0.041443
vt 0.946298 0.053702
vt 0.958557 0.067662
vt 0.804876 0.035100
vt 0.811786 0.025506
vt 0.859200 0.030013
vt 0.851335 0.039545
vt 0.817162 0.017686
vt 0.865356 0.022257
vt 0.887282 0.036179
vt 0.878916 0.045625
vt 0.893873 0.028508
vt 0.821012 0.011916
vt 0.869783 0.016538
vt 0.898635 0.022861
vt 0.045625 0.878917
vt 0.036178 0.887282
vt 0.030013 0.859200
vt 0.039545 0.851335
vt 0.028508 0.893874
vt 0.022257 0.865357
vt 0.025506 0.811787
vt 0.035100 0.804877
vt 0.017686 0.817162
vt 0.053558 0.896462
vt 0.044224 0.905091
vt 0.036666 0.911938
vt 0.031112 0.916907
vt 0.022861 0.898636
vt 0.016538 0.869783
vt 0.011916 0.821013
vt 0.008766 0.742987
vt 0.014572 0.740068
vt 0.022435 0.735980
vt 0.032072 0.730702
vt 0.088701 0.936509
vt 0.079863 0.945703
vt 0.066251 0.933750
vt 0.075279 0.924722
vt 0.072804 0.953120
vt 0.059002 0.940999
vt 0.054298 0.920138
vt 0.063491 0.911300
vt 0.046881 0.927196
vt 0.103539 0.946443
vt 0.094910 0.955776
vt 0.088063 0.963335
vt 0.083094 0.968889
vt 0.067662 0.958558
vt 0.053702 0.946299
vt 0.041443 0.932339
vt 0.195123 0.964900
vt 0.188214 0.974495
vt 0.140800 0.969987
vt 0.148665 0.960455
vt 0.182838 0.982314
vt 0.134644 0.977745
vt 0.112718 0.963822
vt 0.121084 0.954375
vt 0.106126 0.971493
vt 0.178988 0.988085
vt 0.130217 0.983463
vt 0.101365 0.977139
vt 0.016871 0.096265
vt 0.017542 0.096859
vt 0.011154 0.126024
vt 0.010477 0.125466
vt 0.019349 0.098403
vt 0.012982 0.127464
vt 0.006484 0.175337
vt 0.005802 0.174846
vt 0.008328 0.176592
vt 0.025113 0.077672
vt 0.025215 0.077785
vt 0.016770 0.096150
vt 0.025878 0.078397
vt 0.027658 0.080003
vt 0.005156 0.255197
vt 0.003301 0.254245
vt 0.002617 0.253869
vt 0.005703 0.174743
vt 0.002518 0.253788
vt 0.010377 0.125352
vt 0.062178 0.035663
vt 0.062806 0.036316
vt 0.048702 0.048702
vt 0.048061 0.048061
vt 0.064463 0.038062
vt 0.050406 0.050406
vt 0.036316 0.062806
vt 0.035663 0.062178
vt 0.038061 0.064463
vt 0.077672 0.025112
vt 0.077784 0.025216
vt 0.062068 0.035558
vt 0.078397 0.025878
vt 0.080003 0.027659
vt 0.035558 0.062069
vt 0.047954 0.047954
vt 0.174846 0.005802
vt 0.175337 0.006483
vt 0.126024 0.011153
vt 0.125466 0.010477
vt 0.176593 0.008328
vt 0.127463 0.012983
vt 0.096859 0.017542
vt 0.096265 0.016872
vt 0.098403 0.019350
vt 0.174743 0.005703
vt 0.096150 0.016770
vt 0.125352 0.010377
vt 0.632841 0.999272
vt 0.500000 0.999901
vt 0.500000 0.999215
vt 0.632638 0.998586
vt 0.367159 0.999272
vt 0.367362 0.998586
vt 0.500000 0.997352
vt 0.632122 0.996725
vt 0.367878 0.996725
vt 0.632886 0.999370
vt 0.500000 1.000000
vt 0.367114 0.999370
vt 0.253787 0.997482
vt 0.253869 0.997383
vt 0.254244 0.996699
vt 0.255197 0.994845
vt 0.030276 0.375510
vt 0.029678 0.500000
vt 0.020007 0.500000
vt 0.020614 0.372647
vt 0.030276 0.624490
vt 0.020614 0.627354
vt 0.012110 0.500000
vt 0.012725 0.370435
vt 0.012725 0.629565
vt 0.006899 0.631141
vt 0.006276 0.500000
vt 0.006899 0.368859
vt 0.999271 0.367159
vt 0.999901 0.500000
vt 0.999214 0.500000
vt 0.998586 0.367362
vt 0.999271 0.632842
vt 0.998586 0.632638
vt 0.997351 0.500000
vt 0.996725 0.367878
vt 0.996725 0.632123
vt 0.997482 0.253788
vt 0.999370 0.367114
vt 0.997383 0.253869
vt 0.999999 0.500000
vt 0.999370 0.632886
vt 0.994844 0.255197
vt 0.996699 0.254245
vt 0.999371 0.367082
vt 1.000000 0.500000
vt 0.999999 0.500000
vt 0.999370 0.367090
vt 0.999371 0.632919
vt 0.999370 0.632911
vt 0.999370 0.367100
vt 0.999370 0.632901
vt 0.999371 0.367076
vt 0.997484 0.253731
vt 0.999371 0.632925
vt 0.997485 0.746281
vt 0.997484 0.746270
vt 0.997484 0.746256
vt 0.997483 0.746238
vt 0.997483 0.253763
vt 0.997484 0.253745
vt 0.632918 0.999371
vt 0.632910 0.999371
vt 0.367082 0.999371
vt 0.367089 0.999371
vt 0.632900 0.999371
vt 0.367100 0.999371
vt 0.746280 0.997485
vt 0.632925 0.999372
vt 0.746270 0.997484
vt 0.367075 0.999372
vt 0.253731 0.997484
vt 0.253744 0.997484
vt 0.253763 0.997483
vt 0.746237 0.997483
vt 0.746256 0.997484
vt 0.174674 0.005699
vt 0.174691 0.005700
vt 0.125300 0.010371
vt 0.125284 0.010369
vt 0.174713 0.005701
vt 0.125322 0.010374
vt 0.096104 0.016761
vt 0.096089 0.016758
vt 0.096123 0.016765
vt 0.253719 0.002515
vt 0.253731 0.002516
vt 0.174661 0.005698
vt 0.253744 0.002516
vt 0.253763 0.002517
vt 0.077650 0.025105
vt 0.077634 0.025100
vt 0.077621 0.025095
vt 0.096077 0.016756
vt 0.077611 0.025092
vt 0.125270 0.010368
vt 0.062028 0.035534
vt 0.062037 0.035541
vt 0.047930 0.047930
vt 0.047922 0.047922
vt 0.062050 0.035548
vt 0.047940 0.047940
vt 0.035540 0.062037
vt 0.035535 0.062028
vt 0.035548 0.062050
vt 0.062019 0.035530
vt 0.025105 0.077650
vt 0.025099 0.077634
vt 0.025095 0.077622
vt 0.035530 0.062020
vt 0.025092 0.077611
vt 0.047915 0.047916
vt 0.016758 0.096090
vt 0.016761 0.096104
vt 0.010371 0.125300
vt 0.010369 0.125284
vt 0.016765 0.096123
vt 0.010373 0.125322
vt 0.005700 0.174691
vt 0.005699 0.174675
vt 0.005701 0.174713
vt 0.016756 0.096077
vt 0.002517 0.253763
vt 0.002516 0.253745
vt 0.002516 0.253731
vt 0.005698 0.174661
vt 0.010368 0.125270
vt 0.825325 0.994302
vt 0.825309 0.994301
vt 0.874700 0.989629
vt 0.874716 0.989631
vt 0.825287 0.994299
vt 0.874678 0.989627
vt 0.903896 0.983239
vt 0.903911 0.983242
vt 0.903877 0.983236
vt 0.825339 0.994302
vt 0.922350 0.974895
vt 0.922366 0.974900
vt 0.922379 0.974904
vt 0.903923 0.983244
vt 0.922389 0.974908
vt 0.874730 0.989632
vt 0.937972 0.964466
vt 0.937963 0.964460
vt 0.952070 0.952070
vt 0.952078 0.952078
vt 0.937950 0.964452
vt 0.952060 0.952061
vt 0.964460 0.937962
vt 0.964465 0.937972
vt 0.964452 0.937949
vt 0.937981 0.964471
vt 0.974895 0.922351
vt 0.974901 0.922367
vt 0.974904 0.922379
vt 0.964470 0.937981
vt 0.974908 0.922389
vt 0.952084 0.952084
vt 0.983242 0.903912
vt 0.983239 0.903897
vt 0.989628 0.874700
vt 0.989630 0.874716
vt 0.983235 0.903877
vt 0.989626 0.874679
vt 0.994300 0.825309
vt 0.994301 0.825326
vt 0.994299 0.825288
vt 0.983244 0.903924
vt 0.994302 0.825339
vt 0.989632 0.874730
vt 0.367082 0.000630
vt 0.367089 0.000630
vt 0.632918 0.000630
vt 0.632910 0.000630
vt 0.367100 0.000630
vt 0.632900 0.000630
vt 0.367075 0.000629
vt 0.500000 0.000000
vt 0.632925 0.000629
vt 0.746270 0.002516
vt 0.746256 0.002516
vt 0.746237 0.002517
vt 0.980651 0.098403
vt 0.982458 0.096859
vt 0.988846 0.126024
vt 0.987018 0.127464
vt 0.983129 0.096265
vt 0.989523 0.125466
vt 0.993517 0.175337
vt 0.991672 0.176592
vt 0.994198 0.174846
vt 0.972342 0.080003
vt 0.974122 0.078397
vt 0.974785 0.077785
vt 0.974887 0.077672
vt 0.983230 0.096150
vt 0.989623 0.125352
vt 0.994297 0.174743
vt 0.935537 0.038062
vt 0.937194 0.036316
vt 0.951298 0.048702
vt 0.949594 0.050406
vt 0.937822 0.035663
vt 0.951939 0.048061
vt 0.963684 0.062806
vt 0.961939 0.064463
vt 0.964337 0.062178
vt 0.919997 0.027659
vt 0.921603 0.025878
vt 0.922216 0.025216
vt 0.922328 0.025112
vt 0.937932 0.035558
vt 0.952046 0.047954
vt 0.964442 0.062069
vt 0.823407 0.008328
vt 0.824662 0.006483
vt 0.873976 0.011153
vt 0.872537 0.012983
vt 0.825154 0.005802
vt 0.874534 0.010477
vt 0.903141 0.017542
vt 0.901597 0.019350
vt 0.903735 0.016872
vt 0.825257 0.005703
vt 0.874648 0.010377
vt 0.903850 0.016770
vt 0.019349 0.901597
vt 0.017542 0.903141
vt 0.011154 0.873976
vt 0.012982 0.872537
vt 0.016871 0.903735
vt 0.010477 0.874535
vt 0.006484 0.824663
vt 0.008328 0.823408
vt 0.005802 0.825154
vt 0.027658 0.919997
vt 0.025878 0.921603
vt 0.025215 0.922216
vt 0.025113 0.922328
vt 0.016770 0.903850
vt 0.010377 0.874648
vt 0.005703 0.825257
vt 0.002518 0.746214
vt 0.002617 0.746131
vt 0.003301 0.745756
vt 0.005156 0.744803
vt 0.064463 0.961939
vt 0.062806 0.963684
vt 0.048702 0.951299
vt 0.050406 0.949594
vt 0.062178 0.964337
vt 0.048061 0.951939
vt 0.036316 0.937194
vt 0.038061 0.935537
vt 0.035663 0.937822
vt 0.080003 0.972343
vt 0.078397 0.974122
vt 0.077784 0.974785
vt 0.077672 0.974888
vt 0.062068 0.964442
vt 0.047954 0.952047
vt 0.035558 0.937932
vt 0.176593 0.991673
vt 0.175337 0.993517
vt 0.126024 0.988847
vt 0.127463 0.987018
vt 0.174846 0.994198
vt 0.125466 0.989523
vt 0.096859 0.982459
vt 0.098403 0.980651
vt 0.096265 0.983130
vt 0.174743 0.994298
vt 0.125352 0.989624
vt 0.096150 0.983231
vt 0.003275 0.367878
vt 0.002649 0.500000
vt 0.000786 0.500000
vt 0.001414 0.367362
vt 0.003275 0.632123
vt 0.001414 0.632638
vt 0.000099 0.500000
vt 0.000729 0.367159
vt 0.000729 0.632842
vt 0.000630 0.632886
vt 0.000001 0.500000
vt 0.000630 0.367114
vt 0.784645 0.388286
vt 0.831389 0.395452
vt 0.829314 0.500000
vt 0.779857 0.500000
vt 0.865872 0.397211
vt 0.865281 0.500000
vt 0.831389 0.604549
vt 0.784645 0.611714
vt 0.865872 0.602789
vt 0.742745 0.257255
vt 0.799123 0.294732
vt 0.715644 0.381073
vt 0.837270 0.307705
vt 0.867602 0.309789
vt 0.715644 0.618927
vt 0.709011 0.500000
vt 0.821317 0.239360
vt 0.843261 0.210161
vt 0.853332 0.221917
vt 0.845911 0.249976
vt 0.864279 0.193267
vt 0.869837 0.213478
vt 0.869906 0.249527
vt 0.803633 0.219152
vt 0.833578 0.196598
vt 0.856813 0.180005
vt 0.384737 0.384737
vt 0.500000 0.387972
vt 0.387971 0.500000
vt 0.615263 0.384737
vt 0.612029 0.500000
vt 0.500000 0.612029
vt 0.384737 0.615263
vt 0.615263 0.615263
vt 0.257255 0.257255
vt 0.381073 0.284356
vt 0.284356 0.381073
vt 0.500000 0.290989
vt 0.618927 0.284356
vt 0.618927 0.715645
vt 0.500000 0.709011
vt 0.381073 0.715645
vt 0.284356 0.618927
vt 0.257254 0.742746
vt 0.290989 0.500000
vt 0.397211 0.134128
vt 0.500000 0.134719
vt 0.500000 0.170686
vt 0.395451 0.168611
vt 0.602789 0.134128
vt 0.604549 0.168611
vt 0.500000 0.220143
vt 0.388286 0.215355
vt 0.611714 0.215355
vt 0.309789 0.132398
vt 0.690211 0.132398
vt 0.692295 0.162730
vt 0.705268 0.200877
vt 0.294732 0.200877
vt 0.307705 0.162730
vt 0.388286 0.784645
vt 0.500000 0.779857
vt 0.500000 0.829314
vt 0.395451 0.831389
vt 0.611714 0.784645
vt 0.604549 0.831389
vt 0.500000 0.865282
vt 0.397211 0.865873
vt 0.602789 0.865873
vt 0.294732 0.799123
vt 0.705268 0.799123
vt 0.692295 0.837271
vt 0.690211 0.867603
vt 0.309789 0.867603
vt 0.307705 0.837271
vt 0.134128 0.397211
vt 0.168611 0.395452
vt 0.170686 0.500000
vt 0.134718 0.500000
vt 0.215355 0.388286
vt 0.220143 0.500000
vt 0.168611 0.604549
vt 0.134128 0.602789
vt 0.215355 0.611714
vt 0.132398 0.309789
vt 0.162730 0.307705
vt 0.200877 0.294732
vt 0.200877 0.705268
vt 0.162730 0.692296
vt 0.132398 0.690211
vt 0.239360 0.821317
vt 0.249976 0.845912
vt 0.221917 0.853333
vt 0.210160 0.843262
vt 0.249527 0.869906
vt 0.213478 0.869837
vt 0.193266 0.864279
vt 0.219151 0.803633
vt 0.196597 0.833578
vt 0.180005 0.856813
vt 0.193266 0.135722
vt 0.213478 0.130164
vt 0.221917 0.146668
vt 0.210160 0.156739
vt 0.249527 0.130095
vt 0.249976 0.154089
vt 0.239360 0.178684
vt 0.180005 0.143187
vt 0.196597 0.166422
vt 0.219151 0.196367
vt 0.193285 0.806715
vt 0.181485 0.830322
vt 0.169151 0.830849
vt 0.169678 0.818515
vt 0.167438 0.850481
vt 0.156585 0.843415
vt 0.149520 0.832563
vt 0.196367 0.780849
vt 0.166422 0.803403
vt 0.143187 0.819996
vt 0.130094 0.750473
vt 0.154088 0.750024
vt 0.146668 0.778083
vt 0.130163 0.786522
vt 0.178683 0.760640
vt 0.156739 0.789840
vt 0.135721 0.806734
vt 0.750473 0.869906
vt 0.750024 0.845912
vt 0.778083 0.853333
vt 0.786522 0.869837
vt 0.760640 0.821317
vt 0.789840 0.843262
vt 0.806734 0.864279
vt 0.780849 0.803633
vt 0.803403 0.833578
vt 0.819995 0.856813
vt 0.832562 0.850481
vt 0.818515 0.830322
vt 0.830849 0.830849
vt 0.843415 0.843415
vt 0.806715 0.806715
vt 0.830321 0.818515
vt 0.850480 0.832563
vt 0.832562 0.149520
vt 0.843415 0.156585
vt 0.830849 0.169151
vt 0.818515 0.169678
vt 0.850480 0.167438
vt 0.830321 0.181485
vt 0.806715 0.193286
vt 0.819995 0.143187
vt 0.803403 0.166422
vt 0.780849 0.196367
vt 0.750473 0.130095
vt 0.786522 0.130164
vt 0.778083 0.146668
vt 0.750024 0.154089
vt 0.806734 0.135722
vt 0.789840 0.156739
vt 0.760640 0.178684
vt 0.149520 0.167438
vt 0.156585 0.156585
vt 0.169151 0.169151
vt 0.169678 0.181485
vt 0.167438 0.149520
vt 0.181485 0.169678
vt 0.193285 0.193286
vt 0.143187 0.180005
vt 0.166422 0.196598
vt 0.196367 0.219152
vt 0.130094 0.249527
vt 0.130163 0.213478
vt 0.146668 0.221917
vt 0.154088 0.249976
vt 0.135721 0.193267
vt 0.156739 0.210161
vt 0.178683 0.239360
vt 0.382633 0.050602
vt 0.500000 0.056880
vt 0.500000 0.017050
vt 0.372371 0.015761
vt 0.617367 0.050602
vt 0.627629 0.015761
vt 0.500000 0.002132
vt 0.367733 0.002521
vt 0.632267 0.002521
vt 0.285124 0.045188
vt 0.254949 0.004160
vt 0.263624 0.015677
vt 0.934400 0.863827
vt 0.968478 0.891731
vt 0.972908 0.860826
vt 0.933833 0.828091
vt 0.981400 0.902409
vt 0.987543 0.873002
vt 0.979369 0.812250
vt 0.945048 0.781470
vt 0.992436 0.823713
vt 0.933918 0.886130
vt 0.962262 0.911215
vt 0.973329 0.921000
vt 0.995840 0.745051
vt 0.984323 0.736376
vt 0.954813 0.714877
vt 0.893497 0.918339
vt 0.924574 0.950455
vt 0.936644 0.936645
vt 0.900547 0.900547
vt 0.936310 0.962722
vt 0.950159 0.950159
vt 0.950455 0.924574
vt 0.918339 0.893497
vt 0.962722 0.936311
vt 0.886130 0.933918
vt 0.911215 0.962262
vt 0.920999 0.973330
vt 0.781470 0.945049
vt 0.812249 0.979369
vt 0.860826 0.972909
vt 0.828091 0.933833
vt 0.823713 0.992436
vt 0.873002 0.987543
vt 0.891730 0.968479
vt 0.863827 0.934400
vt 0.902408 0.981401
vt 0.714876 0.954813
vt 0.736376 0.984323
vt 0.745051 0.995840
vt 0.065600 0.136173
vt 0.031522 0.108270
vt 0.027091 0.139174
vt 0.066167 0.171910
vt 0.018600 0.097592
vt 0.012457 0.126998
vt 0.020631 0.187751
vt 0.054952 0.218531
vt 0.007564 0.176287
vt 0.066082 0.113871
vt 0.037738 0.088786
vt 0.026670 0.079000
vt 0.106503 0.081661
vt 0.075426 0.049545
vt 0.063355 0.063356
vt 0.099453 0.099453
vt 0.063689 0.037279
vt 0.049841 0.049841
vt 0.049545 0.075426
vt 0.081661 0.106503
vt 0.037278 0.063689
vt 0.113870 0.066082
vt 0.088785 0.037738
vt 0.079000 0.026670
vt 0.218530 0.054952
vt 0.187751 0.020631
vt 0.139174 0.027091
vt 0.171909 0.066168
vt 0.176287 0.007564
vt 0.126998 0.012457
vt 0.108270 0.031521
vt 0.136173 0.065600
vt 0.097592 0.018600
vt 0.617367 0.949398
vt 0.500000 0.943120
vt 0.500000 0.982950
vt 0.627629 0.984240
vt 0.382633 0.949398
vt 0.372371 0.984240
vt 0.500000 0.997869
vt 0.632267 0.997480
vt 0.367733 0.997480
vt 0.949398 0.382633
vt 0.943120 0.500000
vt 0.982949 0.500000
vt 0.984239 0.372371
vt 0.949398 0.617367
vt 0.984239 0.627629
vt 0.997868 0.500000
vt 0.997479 0.367733
vt 0.997479 0.632268
vt 0.983235 0.096123
vt 0.983239 0.096104
vt 0.989628 0.125300
vt 0.989626 0.125322
vt 0.983242 0.096089
vt 0.989630 0.125284
vt 0.994300 0.174691
vt 0.994299 0.174713
vt 0.994301 0.174675
vt 0.974895 0.077650
vt 0.974901 0.077634
vt 0.974904 0.077622
vt 0.937950 0.035548
vt 0.937963 0.035541
vt 0.952070 0.047930
vt 0.952060 0.047940
vt 0.937972 0.035534
vt 0.952078 0.047922
vt 0.964459 0.062037
vt 0.964452 0.062050
vt 0.964465 0.062028
vt 0.922350 0.025105
vt 0.922366 0.025100
vt 0.922379 0.025095
vt 0.825287 0.005701
vt 0.825309 0.005700
vt 0.874700 0.010371
vt 0.874678 0.010374
vt 0.825325 0.005699
vt 0.874716 0.010369
vt 0.903896 0.016761
vt 0.903877 0.016765
vt 0.903911 0.016758
vt 0.016765 0.903877
vt 0.016761 0.903897
vt 0.010371 0.874700
vt 0.010373 0.874679
vt 0.016758 0.903912
vt 0.010369 0.874716
vt 0.005700 0.825309
vt 0.005701 0.825288
vt 0.005699 0.825326
vt 0.025105 0.922351
vt 0.025099 0.922367
vt 0.025095 0.922379
vt 0.002516 0.746270
vt 0.002516 0.746256
vt 0.002517 0.746238
vt 0.062050 0.964452
vt 0.062037 0.964460
vt 0.047930 0.952070
vt 0.047940 0.952061
vt 0.062028 0.964465
vt 0.047922 0.952078
vt 0.035541 0.937962
vt 0.035548 0.937949
vt 0.035535 0.937972
vt 0.077650 0.974895
vt 0.077634 0.974900
vt 0.077621 0.974905
vt 0.174713 0.994299
vt 0.174691 0.994301
vt 0.125300 0.989629
vt 0.125322 0.989627
vt 0.174674 0.994302
vt 0.125284 0.989631
vt 0.096104 0.983239
vt 0.096123 0.983236
vt 0.096089 0.983242
vt 0.000630 0.367100
vt 0.000001 0.500000
vt 0.000630 0.367090
vt 0.000630 0.632901
vt 0.000629 0.632911
vt 0.000629 0.367082
vt 0.000629 0.632919
s 1
usemtl Material.006
f 689/1/1 690/2/2 693/3/3 692/4/4
f 690/2/2 691/5/5 694/6/6 693/3/3
f 692/4/4 693/3/3 696/7/7 695/8/8
f 693/3/3 694/6/6 697/9/9 696/7/7
f 1/10/10 104/11/11 689/1/1 101/12/12
f 104/11/11 105/13/13 690/2/2 689/1/1
f 105/13/13 106/14/14 691/5/5 690/2/2
f 106/14/14 18/15/15 107/16/16 691/5/5
f 691/5/5 107/16/16 108/17/17 694/6/6
f 694/6/6 108/17/17 109/18/18 697/9/9
f 697/9/9 109/18/18 45/19/19 112/20/20
f 696/7/7 697/9/9 112/20/20 111/21/21
f 695/8/8 696/7/7 111/21/21 110/22/20
f 103/23/22 695/8/8 110/22/20 34/24/23
f 102/25/24 692/4/4 695/8/8 103/23/22
f 101/12/12 689/1/1 692/4/4 102/25/24
f 698/26/25 699/27/26 702/28/27 701/29/28
f 699/27/26 700/30/29 703/31/30 702/28/27
f 701/29/28 702/28/27 705/32/31 704/33/32
f 702/28/27 703/31/30 706/34/33 705/32/31
f 60/35/34 116/36/35 698/26/25 115/37/36
f 116/36/35 117/38/37 699/27/26 698/26/25
f 117/38/37 118/39/38 700/30/29 699/27/26
f 118/39/38 64/40/39 121/41/40 700/30/29
f 700/30/29 121/41/40 120/42/41 703/31/30
f 703/31/30 120/42/41 119/43/42 706/34/33
f 706/34/33 119/43/42 22/44/43 124/45/44
f 705/32/31 706/34/33 124/45/44 123/46/45
f 704/33/32 705/32/31 123/46/45 122/47/46
f 113/48/47 704/33/32 122/47/46 17/49/48
f 114/50/49 701/29/28 704/33/32 113/48/47
f 115/37/36 698/26/25 701/29/28 114/50/49
f 707/51/50 708/52/51 711/53/52 710/54/53
f 708/52/51 709/55/54 712/56/55 711/53/52
f 710/54/53 711/53/52 714/57/56 713/58/57
f 711/53/52 712/56/55 715/59/58 714/57/56
f 17/49/48 122/47/46 707/51/50 125/60/59
f 122/47/46 123/46/45 708/52/51 707/51/50
f 123/46/45 124/45/44 709/55/54 708/52/51
f 124/45/44 22/44/43 128/61/60 709/55/54
f 709/55/54 128/61/60 129/62/61 712/56/55
f 712/56/55 129/62/61 130/63/62 715/59/58
f 715/59/58 130/63/62 41/64/63 131/65/64
f 714/57/56 715/59/58 131/65/64 132/66/65
f 713/58/57 714/57/56 132/66/65 133/67/66
f 127/68/67 713/58/57 133/67/66 46/69/68
f 126/70/69 710/54/53 713/58/57 127/68/67
f 125/60/59 707/51/50 710/54/53 126/70/69
f 717/71/70 718/72/71 716/73/72 748/74/73
f 719/75/74 720/76/75 716/73/72 718/72/71
f 721/77/76 722/78/77 716/73/72 720/76/75
f 723/79/78 724/80/79 716/73/72 722/78/77
f 725/81/80 726/82/81 716/73/72 724/80/79
f 727/83/82 728/84/83 716/73/72 726/82/81
f 729/85/84 730/86/85 716/73/72 728/84/83
f 731/87/86 732/88/87 716/73/72 730/86/85
f 733/89/88 734/90/89 716/73/72 732/88/87
f 735/91/90 736/92/91 716/73/72 734/90/89
f 737/93/92 738/94/93 716/73/72 736/92/91
f 739/95/94 740/96/95 716/73/72 738/94/93
f 741/97/96 742/98/97 716/73/72 740/96/95
f 743/99/98 744/100/99 716/73/72 742/98/97
f 745/101/100 746/102/101 716/73/72 744/100/99
f 747/103/102 748/74/73 716/73/72 746/102/101
f 9/104/103 137/105/104 717/71/70 134/106/105
f 137/105/104 138/107/106 718/72/71 717/71/70
f 134/106/105 717/71/70 748/74/73 135/108/107
f 11/109/108 140/110/109 719/75/74 139/111/110
f 140/110/109 141/112/111 720/76/75 719/75/74
f 139/111/110 719/75/74 718/72/71 138/107/106
f 12/113/112 145/114/113 721/77/76 142/115/114
f 145/114/113 144/116/115 722/78/77 721/77/76
f 142/115/114 721/77/76 720/76/75 141/112/111
f 10/117/116 146/118/117 723/79/78 143/119/118
f 146/118/117 147/120/119 724/80/79 723/79/78
f 143/119/118 723/79/78 722/78/77 144/116/115
f 13/121/120 149/122/121 725/81/80 148/123/122
f 149/122/121 150/124/123 726/82/81 725/81/80
f 148/123/122 725/81/80 724/80/79 147/120/119
f 15/125/124 152/126/125 727/83/82 151/127/126
f 152/126/125 153/128/127 728/84/83 727/83/82
f 151/127/126 727/83/82 726/82/81 150/124/123
f 16/129/128 157/130/129 729/85/84 154/131/130
f 157/130/129 156/132/131 730/86/85 729/85/84
f 154/131/130 729/85/84 728/84/83 153/128/127
f 14/133/132 158/134/133 731/87/86 155/135/134
f 158/134/133 159/136/135 732/88/87 731/87/86
f 155/135/134 731/87/86 730/86/85 156/132/131
f 29/137/136 161/138/137 733/89/88 160/139/138
f 161/138/137 162/140/139 734/90/89 733/89/88
f 160/139/138 733/89/88 732/88/87 159/136/135
f 31/141/140 164/142/141 735/91/90 163/143/142
f 164/142/141 165/144/143 736/92/91 735/91/90
f 163/143/142 735/91/90 734/90/89 162/140/139
f 32/145/144 169/146/145 737/93/92 166/147/146
f 169/146/145 168/148/147 738/94/93 737/93/92
f 166/147/146 737/93/92 736/92/91 165/144/143
f 30/149/148 172/150/149 739/95/94 167/151/150
f 172/150/149 171/152/151 740/96/95 739/95/94
f 167/151/150 739/95/94 738/94/93 168/148/147
f 25/153/152 173/154/153 741/97/96 170/155/154
f 173/154/153 174/156/155 742/98/97 741/97/96
f 170/155/154 741/97/96 740/96/95 171/152/151
f 27/157/156 176/158/157 743/99/98 175/159/158
f 176/158/157 177/160/159 744/100/99 743/99/98
f 175/159/158 743/99/98 742/98/97 174/156/155
f 28/161/160 181/162/161 745/101/100 178/163/162
f 181/162/161 180/164/163 746/102/101 745/101/100
f 178/163/162 745/101/100 744/100/99 177/160/159
f 26/165/164 136/166/165 747/103/102 179/167/166
f 136/166/165 135/108/107 748/74/73 747/103/102
f 179/167/166 747/103/102 746/102/101 180/164/163
f 749/168/167 750/169/168 753/170/169 752/171/170
f 750/169/168 751/172/171 754/173/172 753/170/169
f 752/171/170 753/170/169 756/174/173 755/175/174
f 753/170/169 754/173/172 757/176/175 756/174/173
f 85/177/176 688/178/177 749/168/167 595/179/178
f 688/178/177 687/180/179 750/169/168 749/168/167
f 687/180/179 686/181/180 751/172/171 750/169/168
f 686/181/180 86/182/181 598/183/182 751/172/171
f 751/172/171 598/183/182 597/184/183 754/173/172
f 754/173/172 597/184/183 596/185/184 757/176/175
f 757/176/175 596/185/184 13/121/120 148/123/122
f 756/174/173 757/176/175 148/123/122 147/120/119
f 755/175/174 756/174/173 147/120/119 146/118/117
f 593/186/185 755/175/174 146/118/117 10/117/116
f 594/187/186 752/171/170 755/175/174 593/186/185
f 595/179/178 749/168/167 752/171/170 594/187/186
f 758/188/187 759/189/188 762/190/189 761/191/190
f 759/189/188 760/192/191 763/193/192 762/190/189
f 761/191/190 762/190/189 765/194/193 764/195/194
f 762/190/189 763/193/192 766/196/195 765/194/193
f 21/197/196 196/198/197 758/188/187 191/199/198
f 196/198/197 195/200/199 759/189/188 758/188/187
f 195/200/199 194/201/200 760/192/191 759/189/188
f 194/201/200 6/202/201 197/203/202 760/192/191
f 760/192/191 197/203/202 198/204/203 763/193/192
f 763/193/192 198/204/203 199/205/204 766/196/195
f 766/196/195 199/205/204 37/206/205 200/207/206
f 765/194/193 766/196/195 200/207/206 201/208/207
f 764/195/194 765/194/193 201/208/207 202/209/206
f 193/210/208 764/195/194 202/209/206 42/211/209
f 192/212/210 761/191/190 764/195/194 193/210/208
f 191/199/198 758/188/187 761/191/190 192/212/210
f 768/213/211 769/214/212 767/215/213 773/216/214
f 770/217/215 771/218/216 767/215/213 769/214/212
f 772/219/217 773/216/214 767/215/213 771/218/216
f 82/220/218 544/221/219 768/213/211 578/222/220
f 544/221/219 543/223/221 769/214/212 768/213/211
f 578/222/220 768/213/211 773/216/214 579/224/222
f 41/64/63 212/225/223 770/217/215 542/226/224
f 212/225/223 213/227/225 771/218/216 770/217/215
f 542/226/224 770/217/215 769/214/212 543/223/221
f 43/228/226 580/229/227 772/219/217 214/230/228
f 580/229/227 579/224/222 773/216/214 772/219/217
f 214/230/228 772/219/217 771/218/216 213/227/225
f 774/231/229 775/232/230 778/233/231 777/234/232
f 775/232/230 776/235/233 779/236/234 778/233/231
f 777/234/232 778/233/231 781/237/235 780/238/236
f 778/233/231 779/236/234 782/239/237 781/237/235
f 61/240/238 247/241/239 774/231/229 244/242/240
f 247/241/239 246/243/241 775/232/230 774/231/229
f 246/243/241 245/244/242 776/235/233 775/232/230
f 245/244/242 53/245/243 250/246/244 776/235/233
f 776/235/233 250/246/244 249/247/245 779/236/234
f 779/236/234 249/247/245 248/248/246 782/239/237
f 782/239/237 248/248/246 6/202/201 194/201/200
f 781/237/235 782/239/237 194/201/200 195/200/199
f 780/238/236 781/237/235 195/200/199 196/198/197
f 242/249/247 780/238/236 196/198/197 21/197/196
f 243/250/248 777/234/232 780/238/236 242/249/247
f 244/242/240 774/231/229 777/234/232 243/250/248
f 783/251/249 784/252/250 787/253/251 786/254/252
f 784/252/250 785/255/253 788/256/254 787/253/251
f 786/254/252 787/253/251 790/257/255 789/258/256
f 787/253/251 788/256/254 791/259/257 790/257/255
f 5/260/258 256/261/259 783/251/249 251/262/260
f 256/261/259 255/263/261 784/252/250 783/251/249
f 255/263/261 254/264/262 785/255/253 784/252/250
f 254/264/262 2/265/263 257/266/264 785/255/253
f 785/255/253 257/266/264 258/267/265 788/256/254
f 788/256/254 258/267/265 259/268/266 791/259/257
f 791/259/257 259/268/266 33/269/267 230/270/268
f 790/257/255 791/259/257 230/270/268 231/271/269
f 789/258/256 790/257/255 231/271/269 232/272/270
f 253/273/271 789/258/256 232/272/270 38/274/272
f 252/275/273 786/254/252 789/258/256 253/273/271
f 251/262/260 783/251/249 786/254/252 252/275/273
f 792/276/274 793/277/275 796/278/276 795/279/277
f 793/277/275 794/280/278 797/281/279 796/278/276
f 795/279/277 796/278/276 799/282/280 798/283/281
f 796/278/276 797/281/279 800/284/282 799/282/280
f 49/285/283 265/286/284 792/276/274 260/287/285
f 265/286/284 264/288/286 793/277/275 792/276/274
f 264/288/286 263/289/287 794/280/278 793/277/275
f 263/289/287 1/10/10 266/290/288 794/280/278
f 794/280/278 266/290/288 267/291/289 797/281/279
f 797/281/279 267/291/289 268/292/290 800/284/282
f 800/284/282 268/292/290 3/293/291 269/294/292
f 799/282/280 800/284/282 269/294/292 270/295/293
f 798/283/281 799/282/280 270/295/293 271/296/294
f 262/297/295 798/283/281 271/296/294 50/298/296
f 261/299/297 795/279/277 798/283/281 262/297/295
f 260/287/285 792/276/274 795/279/277 261/299/297
f 801/300/298 802/301/299 805/302/300 804/303/301
f 802/301/299 803/304/302 806/305/303 805/302/300
f 804/303/301 805/302/300 808/306/304 807/307/305
f 805/302/300 806/305/303 809/308/306 808/306/304
f 50/298/296 271/296/294 801/300/298 272/309/307
f 271/296/294 270/295/293 802/301/299 801/300/298
f 270/295/293 269/294/292 803/304/302 802/301/299
f 269/294/292 3/293/291 275/310/308 803/304/302
f 803/304/302 275/310/308 276/311/309 806/305/303
f 806/305/303 276/311/309 277/312/310 809/308/306
f 809/308/306 277/312/310 4/313/311 278/314/312
f 808/306/304 809/308/306 278/314/312 279/315/313
f 807/307/305 808/306/304 279/315/313 280/316/314
f 274/317/315 807/307/305 280/316/314 51/318/316
f 273/319/317 804/303/301 807/307/305 274/317/315
f 272/309/307 801/300/298 804/303/301 273/319/317
f 810/320/318 811/321/319 814/322/320 813/323/321
f 811/321/319 812/324/322 815/325/323 814/322/320
f 813/323/321 814/322/320 817/326/324 816/327/325
f 814/322/320 815/325/323 818/328/326 817/326/324
f 51/318/316 280/316/314 810/320/318 281/329/327
f 280/316/314 279/315/313 811/321/319 810/320/318
f 279/315/313 278/314/312 812/324/322 811/321/319
f 278/314/312 4/313/311 286/330/328 812/324/322
f 812/324/322 286/330/328 285/331/329 815/325/323
f 815/325/323 285/331/329 284/332/330 818/328/326
f 818/328/326 284/332/330 2/265/263 287/333/331
f 817/326/324 818/328/326 287/333/331 288/334/332
f 816/327/325 817/326/324 288/334/332 289/335/333
f 283/336/334 816/327/325 289/335/333 52/337/335
f 282/338/336 813/323/321 816/327/325 283/336/334
f 281/329/327 810/320/318 813/323/321 282/338/336
f 819/339/337 820/340/338 823/341/339 822/342/340
f 820/340/338 821/343/341 824/344/342 823/341/339
f 822/342/340 823/341/339 826/345/343 825/346/344
f 823/341/339 824/344/342 827/347/345 826/345/343
f 87/348/346 601/349/347 819/339/337 683/350/348
f 601/349/347 600/351/349 820/340/338 819/339/337
f 600/351/349 599/352/350 821/343/341 820/340/338
f 599/352/350 14/133/132 155/135/134 821/343/341
f 821/343/341 155/135/134 156/132/131 824/344/342
f 824/344/342 156/132/131 157/130/129 827/347/345
f 827/347/345 157/130/129 16/129/128 602/353/351
f 826/345/343 827/347/345 602/353/351 603/354/352
f 825/346/344 826/345/343 603/354/352 604/355/353
f 685/356/354 825/346/344 604/355/353 88/357/355
f 684/358/356 822/342/340 825/346/344 685/356/354
f 683/350/348 819/339/337 822/342/340 684/358/356
f 828/359/357 829/360/358 832/361/359 831/362/360
f 829/360/358 830/363/361 833/364/362 832/361/359
f 831/362/360 832/361/359 835/365/363 834/366/364
f 832/361/359 833/364/362 836/367/365 835/365/363
f 88/357/355 604/355/353 828/359/357 680/368/366
f 604/355/353 603/354/352 829/360/358 828/359/357
f 603/354/352 602/353/351 830/363/361 829/360/358
f 602/353/351 16/129/128 154/131/130 830/363/361
f 830/363/361 154/131/130 153/128/127 833/364/362
f 833/364/362 153/128/127 152/126/125 836/367/365
f 836/367/365 152/126/125 15/125/124 605/369/367
f 835/365/363 836/367/365 605/369/367 606/370/368
f 834/366/364 835/365/363 606/370/368 607/371/369
f 682/372/370 834/366/364 607/371/369 89/373/371
f 681/374/372 831/362/360 834/366/364 682/372/370
f 680/368/366 828/359/357 831/362/360 681/374/372
f 837/375/373 838/376/374 841/377/375 840/378/376
f 838/376/374 839/379/377 842/380/378 841/377/375
f 840/378/376 841/377/375 844/381/379 843/382/380
f 841/377/375 842/380/378 845/383/381 844/381/379
f 89/373/371 607/371/369 837/375/373 677/384/382
f 607/371/369 606/370/368 838/376/374 837/375/373
f 606/370/368 605/369/367 839/379/377 838/376/374
f 605/369/367 15/125/124 151/127/126 839/379/377
f 839/379/377 151/127/126 150/124/123 842/380/378
f 842/380/378 150/124/123 149/122/121 845/383/381
f 845/383/381 149/122/121 13/121/120 596/185/184
f 844/381/379 845/383/381 596/185/184 597/184/183
f 843/382/380 844/381/379 597/184/183 598/183/182
f 679/385/383 843/382/380 598/183/182 86/182/181
f 678/386/384 840/378/376 843/382/380 679/385/383
f 677/384/382 837/375/373 840/378/376 678/386/384
f 846/387/385 847/388/386 850/389/387 849/390/388
f 847/388/386 848/391/389 851/392/390 850/389/387
f 849/390/388 850/389/387 853/393/391 852/394/392
f 850/389/387 851/392/390 854/395/393 853/393/391
f 90/396/394 610/397/395 846/387/385 674/398/396
f 610/397/395 609/399/397 847/388/386 846/387/385
f 609/399/397 608/400/398 848/391/389 847/388/386
f 608/400/398 26/165/164 179/167/166 848/391/389
f 848/391/389 179/167/166 180/164/163 851/392/390
f 851/392/390 180/164/163 181/162/161 854/395/393
f 854/395/393 181/162/161 28/161/160 611/401/399
f 853/393/391 854/395/393 611/401/399 612/402/400
f 852/394/392 853/393/391 612/402/400 613/403/401
f 676/404/402 852/394/392 613/403/401 91/405/403
f 675/406/404 849/390/388 852/394/392 676/404/402
f 674/398/396 846/387/385 849/390/388 675/406/404
f 855/407/405 856/408/406 859/409/407 858/410/408
f 856/408/406 857/411/409 860/412/410 859/409/407
f 858/410/408 859/409/407 862/413/411 861/414/412
f 859/409/407 860/412/410 863/415/413 862/413/411
f 91/405/403 613/403/401 855/407/405 671/416/414
f 613/403/401 612/402/400 856/408/406 855/407/405
f 612/402/400 611/401/399 857/411/409 856/408/406
f 611/401/399 28/161/160 178/163/162 857/411/409
f 857/411/409 178/163/162 177/160/159 860/412/410
f 860/412/410 177/160/159 176/158/157 863/415/413
f 863/415/413 176/158/157 27/157/156 614/417/415
f 862/413/411 863/415/413 614/417/415 615/418/416
f 861/414/412 862/413/411 615/418/416 616/419/417
f 673/420/418 861/414/412 616/419/417 92/421/419
f 672/422/420 858/410/408 861/414/412 673/420/418
f 671/416/414 855/407/405 858/410/408 672/422/420
f 864/423/421 865/424/422 868/425/423 867/426/424
f 865/424/422 866/427/425 869/428/426 868/425/423
f 867/426/424 868/425/423 871/429/427 870/430/428
f 868/425/423 869/428/426 872/431/429 871/429/427
f 92/421/419 616/419/417 864/423/421 668/432/430
f 616/419/417 615/418/416 865/424/422 864/423/421
f 615/418/416 614/417/415 866/427/425 865/424/422
f 614/417/415 27/157/156 175/159/158 866/427/425
f 866/427/425 175/159/158 174/156/155 869/428/426
f 869/428/426 174/156/155 173/154/153 872/431/429
f 872/431/429 173/154/153 25/153/152 617/433/431
f 871/429/427 872/431/429 617/433/431 618/434/432
f 870/430/428 871/429/427 618/434/432 619/435/433
f 670/436/434 870/430/428 619/435/433 93/437/435
f 669/438/436 867/426/424 870/430/428 670/436/434
f 668/432/430 864/423/421 867/426/424 669/438/436
f 873/439/437 874/440/438 877/441/439 876/442/440
f 874/440/438 875/443/441 878/444/442 877/441/439
f 876/442/440 877/441/439 880/445/443 879/446/444
f 877/441/439 878/444/442 881/447/445 880/445/443
f 61/240/238 244/242/240 873/439/437 329/448/446
f 244/242/240 243/250/248 874/440/438 873/439/437
f 243/250/248 242/249/247 875/443/441 874/440/438
f 242/249/247 21/197/196 332/449/447 875/443/441
f 875/443/441 332/449/447 333/450/448 878/444/442
f 878/444/442 333/450/448 334/451/449 881/447/445
f 881/447/445 334/451/449 23/452/450 335/453/451
f 880/445/443 881/447/445 335/453/451 336/454/452
f 879/446/444 880/445/443 336/454/452 337/455/453
f 331/456/454 879/446/444 337/455/453 62/457/455
f 330/458/456 876/442/440 879/446/444 331/456/454
f 329/448/446 873/439/437 876/442/440 330/458/456
f 882/459/457 883/460/458 886/461/459 885/462/460
f 883/460/458 884/463/461 887/464/462 886/461/459
f 885/462/460 886/461/459 889/465/463 888/466/464
f 886/461/459 887/464/462 890/467/465 889/465/463
f 62/457/455 337/455/453 882/459/457 338/468/466
f 337/455/453 336/454/452 883/460/458 882/459/457
f 336/454/452 335/453/451 884/463/461 883/460/458
f 335/453/451 23/452/450 341/469/467 884/463/461
f 884/463/461 341/469/467 342/470/468 887/464/462
f 887/464/462 342/470/468 343/471/469 890/467/465
f 890/467/465 343/471/469 24/472/470 344/473/471
f 889/465/463 890/467/465 344/473/471 345/474/472
f 888/466/464 889/465/463 345/474/472 346/475/473
f 340/476/474 888/466/464 346/475/473 63/477/475
f 339/478/476 885/462/460 888/466/464 340/476/474
f 338/468/466 882/459/457 885/462/460 339/478/476
f 891/479/477 892/480/478 895/481/479 894/482/480
f 892/480/478 893/483/481 896/484/482 895/481/479
f 894/482/480 895/481/479 898/485/483 897/486/484
f 895/481/479 896/484/482 899/487/485 898/485/483
f 63/477/475 346/475/473 891/479/477 347/488/486
f 346/475/473 345/474/472 892/480/478 891/479/477
f 345/474/472 344/473/471 893/483/481 892/480/478
f 344/473/471 24/472/470 352/489/487 893/483/481
f 893/483/481 352/489/487 351/490/488 896/484/482
f 896/484/482 351/490/488 350/491/489 899/487/485
f 899/487/485 350/491/489 22/44/43 119/43/42
f 898/485/483 899/487/485 119/43/42 120/42/41
f 897/486/484 898/485/483 120/42/41 121/41/40
f 349/492/490 897/486/484 121/41/40 64/40/39
f 348/493/491 894/482/480 897/486/484 349/492/490
f 347/488/486 891/479/477 894/482/480 348/493/491
f 900/494/492 901/495/493 904/496/494 903/497/495
f 901/495/493 902/498/496 905/499/497 904/496/494
f 903/497/495 904/496/494 907/500/498 906/501/499
f 904/496/494 905/499/497 908/502/500 907/500/498
f 5/260/258 251/262/260 900/494/492 353/503/501
f 251/262/260 252/275/273 901/495/493 900/494/492
f 252/275/273 253/273/271 902/498/496 901/495/493
f 253/273/271 38/274/272 227/504/502 902/498/496
f 902/498/496 227/504/502 228/505/503 905/499/497
f 905/499/497 228/505/503 229/506/504 908/502/500
f 908/502/500 229/506/504 40/507/505 358/508/506
f 907/500/498 908/502/500 358/508/506 357/509/507
f 906/501/499 907/500/498 357/509/507 356/510/508
f 355/511/509 906/501/499 356/510/508 7/512/510
f 354/513/511 903/497/495 906/501/499 355/511/509
f 353/503/501 900/494/492 903/497/495 354/513/511
f 909/514/512 910/515/513 913/516/514 912/517/515
f 910/515/513 911/518/516 914/519/517 913/516/514
f 912/517/515 913/516/514 916/520/518 915/521/519
f 913/516/514 914/519/517 917/522/520 916/520/518
f 7/512/510 356/510/508 909/514/512 359/523/521
f 356/510/508 357/509/507 910/515/513 909/514/512
f 357/509/507 358/508/506 911/518/516 910/515/513
f 358/508/506 40/507/505 226/524/522 911/518/516
f 911/518/516 226/524/522 225/525/523 914/519/517
f 914/519/517 225/525/523 224/526/524 917/522/520
f 917/522/520 224/526/524 39/527/525 364/528/526
f 916/520/518 917/522/520 364/528/526 363/529/527
f 915/521/519 916/520/518 363/529/527 362/530/528
f 361/531/529 915/521/519 362/530/528 8/532/530
f 360/533/531 912/517/515 915/521/519 361/531/529
f 359/523/521 909/514/512 912/517/515 360/533/531
f 918/534/532 919/535/533 922/536/534 921/537/535
f 919/535/533 920/538/536 923/539/537 922/536/534
f 921/537/535 922/536/534 925/540/538 924/541/539
f 922/536/534 923/539/537 926/542/540 925/540/538
f 8/532/530 362/530/528 918/534/532 367/543/541
f 362/530/528 363/529/527 919/535/533 918/534/532
f 363/529/527 364/528/526 920/538/536 919/535/533
f 364/528/526 39/527/525 223/544/542 920/538/536
f 920/538/536 223/544/542 222/545/543 923/539/537
f 923/539/537 222/545/543 221/546/544 926/542/540
f 926/542/540 221/546/544 37/206/205 199/205/204
f 925/540/538 926/542/540 199/205/204 198/204/203
f 924/541/539 925/540/538 198/204/203 197/203/202
f 365/547/545 924/541/539 197/203/202 6/202/201
f 366/548/546 921/537/535 924/541/539 365/547/545
f 367/543/541 918/534/532 921/537/535 366/548/546
f 927/549/547 928/550/548 931/551/549 930/552/550
f 928/550/548 929/553/551 932/554/552 931/551/549
f 930/552/550 931/551/549 934/555/553 933/556/554
f 931/551/549 932/554/552 935/557/555 934/555/553
f 41/64/63 130/63/62 927/549/547 212/225/223
f 130/63/62 129/62/61 928/550/548 927/549/547
f 129/62/61 128/61/60 929/553/551 928/550/548
f 128/61/60 22/44/43 350/491/489 929/553/551
f 929/553/551 350/491/489 351/490/488 932/554/552
f 932/554/552 351/490/488 352/489/487 935/557/555
f 935/557/555 352/489/487 24/472/470 368/558/556
f 934/555/553 935/557/555 368/558/556 369/559/557
f 933/556/554 934/555/553 369/559/557 370/560/558
f 214/230/228 933/556/554 370/560/558 43/228/226
f 213/227/225 930/552/550 933/556/554 214/230/228
f 212/225/223 927/549/547 930/552/550 213/227/225
f 936/561/559 937/562/560 940/563/561 939/564/562
f 937/562/560 938/565/563 941/566/564 940/563/561
f 939/564/562 940/563/561 943/567/565 942/568/566
f 940/563/561 941/566/564 944/569/567 943/567/565
f 43/228/226 370/560/558 936/561/559 215/570/568
f 370/560/558 369/559/557 937/562/560 936/561/559
f 369/559/557 368/558/556 938/565/563 937/562/560
f 368/558/556 24/472/470 343/471/469 938/565/563
f 938/565/563 343/471/469 342/470/468 941/566/564
f 941/566/564 342/470/468 341/469/467 944/569/567
f 944/569/567 341/469/467 23/452/450 371/571/569
f 943/567/565 944/569/567 371/571/569 372/572/570
f 942/568/566 943/567/565 372/572/570 373/573/571
f 217/574/572 942/568/566 373/573/571 44/575/573
f 216/576/574 939/564/562 942/568/566 217/574/572
f 215/570/568 936/561/559 939/564/562 216/576/574
f 945/577/575 946/578/576 949/579/577 948/580/578
f 946/578/576 947/581/579 950/582/580 949/579/577
f 948/580/578 949/579/577 952/583/581 951/584/582
f 949/579/577 950/582/580 953/585/583 952/583/581
f 44/575/573 373/573/571 945/577/575 220/586/584
f 373/573/571 372/572/570 946/578/576 945/577/575
f 372/572/570 371/571/569 947/581/579 946/578/576
f 371/571/569 23/452/450 334/451/449 947/581/579
f 947/581/579 334/451/449 333/450/448 950/582/580
f 950/582/580 333/450/448 332/449/447 953/585/583
f 953/585/583 332/449/447 21/197/196 191/199/198
f 952/583/581 953/585/583 191/199/198 192/212/210
f 951/584/582 952/583/581 192/212/210 193/210/208
f 218/587/585 951/584/582 193/210/208 42/211/209
f 219/588/586 948/580/578 951/584/582 218/587/585
f 220/586/584 945/577/575 948/580/578 219/588/586
f 954/589/587 955/590/588 958/591/589 957/592/590
f 955/590/588 956/593/591 959/594/592 958/591/589
f 957/592/590 958/591/589 961/595/593 960/596/594
f 958/591/589 959/594/592 962/597/595 961/595/593
f 45/19/19 109/18/18 954/589/587 203/598/596
f 109/18/18 108/17/17 955/590/588 954/589/587
f 108/17/17 107/16/16 956/593/591 955/590/588
f 107/16/16 18/15/15 374/599/597 956/593/591
f 956/593/591 374/599/597 375/600/598 959/594/592
f 959/594/592 375/600/598 376/601/599 962/597/595
f 962/597/595 376/601/599 20/602/600 377/603/601
f 961/595/593 962/597/595 377/603/601 378/604/602
f 960/596/594 961/595/593 378/604/602 379/605/603
f 205/606/604 960/596/594 379/605/603 47/607/605
f 204/608/606 957/592/590 960/596/594 205/606/604
f 203/598/596 954/589/587 957/592/590 204/608/606
f 963/609/607 964/610/608 967/611/609 966/612/610
f 964/610/608 965/613/611 968/614/612 967/611/609
f 966/612/610 967/611/609 970/615/613 969/616/614
f 967/611/609 968/614/612 971/617/615 970/615/613
f 47/607/605 379/605/603 963/609/607 206/618/616
f 379/605/603 378/604/602 964/610/608 963/609/607
f 378/604/602 377/603/601 965/613/611 964/610/608
f 377/603/601 20/602/600 382/619/617 965/613/611
f 965/613/611 382/619/617 381/620/618 968/614/612
f 968/614/612 381/620/618 380/621/619 971/617/615
f 971/617/615 380/621/619 19/622/620 383/623/621
f 970/615/613 971/617/615 383/623/621 384/624/622
f 969/616/614 970/615/613 384/624/622 385/625/623
f 208/626/624 969/616/614 385/625/623 48/627/625
f 207/628/626 966/612/610 969/616/614 208/626/624
f 206/618/616 963/609/607 966/612/610 207/628/626
f 972/629/627 973/630/628 976/631/629 975/632/630
f 973/630/628 974/633/631 977/634/632 976/631/629
f 975/632/630 976/631/629 979/635/633 978/636/634
f 976/631/629 977/634/632 980/637/635 979/635/633
f 48/627/625 385/625/623 972/629/627 211/638/636
f 385/625/623 384/624/622 973/630/628 972/629/627
f 384/624/622 383/623/621 974/633/631 973/630/628
f 383/623/621 19/622/620 388/639/637 974/633/631
f 974/633/631 388/639/637 387/640/638 977/634/632
f 977/634/632 387/640/638 386/641/639 980/637/635
f 980/637/635 386/641/639 17/49/48 125/60/59
f 979/635/633 980/637/635 125/60/59 126/70/69
f 978/636/634 979/635/633 126/70/69 127/68/67
f 209/642/640 978/636/634 127/68/67 46/69/68
f 210/643/641 975/632/630 978/636/634 209/642/640
f 211/638/636 972/629/627 975/632/630 210/643/641
f 981/644/642 982/645/643 985/646/644 984/647/645
f 982/645/643 983/648/646 986/649/647 985/646/644
f 984/647/645 985/646/644 988/650/648 987/651/649
f 985/646/644 986/649/647 989/652/650 988/650/648
f 1/10/10 101/12/12 981/644/642 266/290/288
f 101/12/12 102/25/24 982/645/643 981/644/642
f 102/25/24 103/23/22 983/648/646 982/645/643
f 103/23/22 34/24/23 239/653/651 983/648/646
f 983/648/646 239/653/651 240/654/652 986/649/647
f 986/649/647 240/654/652 241/655/653 989/652/650
f 989/652/650 241/655/653 36/656/654 391/657/655
f 988/650/648 989/652/650 391/657/655 390/658/656
f 987/651/649 988/650/648 390/658/656 389/659/657
f 268/292/290 987/651/649 389/659/657 3/293/291
f 267/291/289 984/647/645 987/651/649 268/292/290
f 266/290/288 981/644/642 984/647/645 267/291/289
f 990/660/658 991/661/659 994/662/660 993/663/661
f 991/661/659 992/664/662 995/665/663 994/662/660
f 993/663/661 994/662/660 997/666/664 996/667/665
f 994/662/660 995/665/663 998/668/666 997/666/664
f 3/293/291 389/659/657 990/660/658 275/310/308
f 389/659/657 390/658/656 991/661/659 990/660/658
f 390/658/656 391/657/655 992/664/662 991/661/659
f 391/657/655 36/656/654 238/669/667 992/664/662
f 992/664/662 238/669/667 237/670/668 995/665/663
f 995/665/663 237/670/668 236/671/669 998/668/666
f 998/668/666 236/671/669 35/672/670 394/673/671
f 997/666/664 998/668/666 394/673/671 393/674/672
f 996/667/665 997/666/664 393/674/672 392/675/673
f 277/312/310 996/667/665 392/675/673 4/313/311
f 276/311/309 993/663/661 996/667/665 277/312/310
f 275/310/308 990/660/658 993/663/661 276/311/309
f 999/676/674 1000/677/675 1003/678/676 1002/679/677
f 1000/677/675 1001/680/678 1004/681/679 1003/678/676
f 1002/679/677 1003/678/676 1006/682/680 1005/683/681
f 1003/678/676 1004/681/679 1007/684/682 1006/682/680
f 4/313/311 392/675/673 999/676/674 286/330/328
f 392/675/673 393/674/672 1000/677/675 999/676/674
f 393/674/672 394/673/671 1001/680/678 1000/677/675
f 394/673/671 35/672/670 235/685/683 1001/680/678
f 1001/680/678 235/685/683 234/686/684 1004/681/679
f 1004/681/679 234/686/684 233/687/685 1007/684/682
f 1007/684/682 233/687/685 33/269/267 259/268/266
f 1006/682/680 1007/684/682 259/268/266 258/267/265
f 1005/683/681 1006/682/680 258/267/265 257/266/264
f 284/332/330 1005/683/681 257/266/264 2/265/263
f 285/331/329 1002/679/677 1005/683/681 284/332/330
f 286/330/328 999/676/674 1002/679/677 285/331/329
f 1008/688/686 1009/689/687 1012/690/688 1011/691/689
f 1009/689/687 1010/692/690 1013/693/691 1012/690/688
f 1011/691/689 1012/690/688 1015/694/692 1014/695/693
f 1012/690/688 1013/693/691 1016/696/694 1015/694/692
f 49/285/283 395/697/695 1008/688/686 265/286/284
f 395/697/695 396/698/696 1009/689/687 1008/688/686
f 396/698/696 397/699/697 1010/692/690 1009/689/687
f 397/699/697 57/700/698 400/701/699 1010/692/690
f 1010/692/690 400/701/699 399/702/700 1013/693/691
f 1013/693/691 399/702/700 398/703/701 1016/696/694
f 1016/696/694 398/703/701 18/15/15 106/14/14
f 1015/694/692 1016/696/694 106/14/14 105/13/13
f 1014/695/693 1015/694/692 105/13/13 104/11/11
f 263/289/287 1014/695/693 104/11/11 1/10/10
f 264/288/286 1011/691/689 1014/695/693 263/289/287
f 265/286/284 1008/688/686 1011/691/689 264/288/286
f 1017/704/702 1018/705/703 1021/706/704 1020/707/705
f 1018/705/703 1019/708/706 1022/709/707 1021/706/704
f 1020/707/705 1021/706/704 1024/710/708 1023/711/709
f 1021/706/704 1022/709/707 1025/712/710 1024/710/708
f 73/713/711 406/714/712 1017/704/702 403/715/713
f 406/714/712 405/716/714 1018/705/703 1017/704/702
f 405/716/714 404/717/715 1019/708/706 1018/705/703
f 404/717/715 69/718/716 409/719/717 1019/708/706
f 1019/708/706 409/719/717 408/720/718 1022/709/707
f 1022/709/707 408/720/718 407/721/719 1025/712/710
f 1025/712/710 407/721/719 57/700/698 397/699/697
f 1024/710/708 1025/712/710 397/699/697 396/698/696
f 1023/711/709 1024/710/708 396/698/696 395/697/695
f 401/722/720 1023/711/709 395/697/695 49/285/283
f 402/723/721 1020/707/705 1023/711/709 401/722/720
f 403/715/713 1017/704/702 1020/707/705 402/723/721
f 1026/724/722 1027/725/723 1030/726/724 1029/727/725
f 1027/725/723 1028/728/726 1031/729/727 1030/726/724
f 1029/727/725 1030/726/724 1033/730/728 1032/731/729
f 1030/726/724 1031/729/727 1034/732/730 1033/730/728
f 71/733/731 415/734/732 1026/724/722 410/735/733
f 415/734/732 414/736/734 1027/725/723 1026/724/722
f 414/736/734 413/737/735 1028/728/726 1027/725/723
f 413/737/735 63/477/475 347/488/486 1028/728/726
f 1028/728/726 347/488/486 348/493/491 1031/729/727
f 1031/729/727 348/493/491 349/492/490 1034/732/730
f 1034/732/730 349/492/490 64/40/39 416/738/736
f 1033/730/728 1034/732/730 416/738/736 417/739/737
f 1032/731/729 1033/730/728 417/739/737 418/740/738
f 412/741/739 1032/731/729 418/740/738 72/742/740
f 411/743/741 1029/727/725 1032/731/729 412/741/739
f 410/735/733 1026/724/722 1029/727/725 411/743/741
f 1035/744/742 1036/745/743 1039/746/744 1038/747/745
f 1036/745/743 1037/748/746 1040/749/747 1039/746/744
f 1038/747/745 1039/746/744 1042/750/748 1041/751/749
f 1039/746/744 1040/749/747 1043/752/750 1042/750/748
f 70/753/751 424/754/752 1035/744/742 419/755/753
f 424/754/752 423/756/754 1036/745/743 1035/744/742
f 423/756/754 422/757/755 1037/748/746 1036/745/743
f 422/757/755 62/457/455 338/468/466 1037/748/746
f 1037/748/746 338/468/466 339/478/476 1040/749/747
f 1040/749/747 339/478/476 340/476/474 1043/752/750
f 1043/752/750 340/476/474 63/477/475 413/737/735
f 1042/750/748 1043/752/750 413/737/735 414/736/734
f 1041/751/749 1042/750/748 414/736/734 415/734/732
f 421/758/756 1041/751/749 415/734/732 71/733/731
f 420/759/757 1038/747/745 1041/751/749 421/758/756
f 419/755/753 1035/744/742 1038/747/745 420/759/757
f 1044/760/758 1045/761/759 1048/762/760 1047/763/761
f 1045/761/759 1046/764/762 1049/765/763 1048/762/760
f 1047/763/761 1048/762/760 1051/766/764 1050/767/765
f 1048/762/760 1049/765/763 1052/768/766 1051/766/764
f 80/769/767 430/770/768 1044/760/758 427/771/769
f 430/770/768 429/772/770 1045/761/759 1044/760/758
f 429/772/770 428/773/771 1046/764/762 1045/761/759
f 428/773/771 61/240/238 329/448/446 1046/764/762
f 1046/764/762 329/448/446 330/458/456 1049/765/763
f 1049/765/763 330/458/456 331/456/454 1052/768/766
f 1052/768/766 331/456/454 62/457/455 422/757/755
f 1051/766/764 1052/768/766 422/757/755 423/756/754
f 1050/767/765 1051/766/764 423/756/754 424/754/752
f 425/774/772 1050/767/765 424/754/752 70/753/751
f 426/775/773 1047/763/761 1050/767/765 425/774/772
f 427/771/769 1044/760/758 1047/763/761 426/775/773
f 1053/776/774 1054/777/775 1057/778/776 1056/779/777
f 1054/777/775 1055/780/778 1058/781/779 1057/778/776
f 1056/779/777 1057/778/776 1060/782/780 1059/783/781
f 1057/778/776 1058/781/779 1061/784/782 1060/782/780
f 19/622/620 431/785/783 1053/776/774 388/639/637
f 431/785/783 432/786/784 1054/777/775 1053/776/774
f 432/786/784 433/787/785 1055/780/778 1054/777/775
f 433/787/785 59/788/786 434/789/787 1055/780/778
f 1055/780/778 434/789/787 435/790/788 1058/781/779
f 1058/781/779 435/790/788 436/791/789 1061/784/782
f 1061/784/782 436/791/789 60/35/34 115/37/36
f 1060/782/780 1061/784/782 115/37/36 114/50/49
f 1059/783/781 1060/782/780 114/50/49 113/48/47
f 386/641/639 1059/783/781 113/48/47 17/49/48
f 387/640/638 1056/779/777 1059/783/781 386/641/639
f 388/639/637 1053/776/774 1056/779/777 387/640/638
f 1062/792/790 1063/793/791 1066/794/792 1065/795/793
f 1063/793/791 1064/796/794 1067/797/795 1066/794/792
f 1065/795/793 1066/794/792 1069/798/796 1068/799/797
f 1066/794/792 1067/797/795 1070/800/798 1069/798/796
f 20/602/600 437/801/799 1062/792/790 382/619/617
f 437/801/799 438/802/800 1063/793/791 1062/792/790
f 438/802/800 439/803/801 1064/796/794 1063/793/791
f 439/803/801 58/804/802 440/805/803 1064/796/794
f 1064/796/794 440/805/803 441/806/804 1067/797/795
f 1067/797/795 441/806/804 442/807/805 1070/800/798
f 1070/800/798 442/807/805 59/788/786 433/787/785
f 1069/798/796 1070/800/798 433/787/785 432/786/784
f 1068/799/797 1069/798/796 432/786/784 431/785/783
f 380/621/619 1068/799/797 431/785/783 19/622/620
f 381/620/618 1065/795/793 1068/799/797 380/621/619
f 382/619/617 1062/792/790 1065/795/793 381/620/618
f 1071/808/806 1072/809/807 1075/810/808 1074/811/809
f 1072/809/807 1073/812/810 1076/813/811 1075/810/808
f 1074/811/809 1075/810/808 1078/814/812 1077/815/813
f 1075/810/808 1076/813/811 1079/816/814 1078/814/812
f 18/15/15 398/703/701 1071/808/806 374/599/597
f 398/703/701 399/702/700 1072/809/807 1071/808/806
f 399/702/700 400/701/699 1073/812/810 1072/809/807
f 400/701/699 57/700/698 443/817/815 1073/812/810
f 1073/812/810 443/817/815 444/818/816 1076/813/811
f 1076/813/811 444/818/816 445/819/817 1079/816/814
f 1079/816/814 445/819/817 58/804/802 439/803/801
f 1078/814/812 1079/816/814 439/803/801 438/802/800
f 1077/815/813 1078/814/812 438/802/800 437/801/799
f 376/601/599 1077/815/813 437/801/799 20/602/600
f 375/600/598 1074/811/809 1077/815/813 376/601/599
f 374/599/597 1071/808/806 1074/811/809 375/600/598
f 1080/820/818 1081/821/819 1084/822/820 1083/823/821
f 1081/821/819 1082/824/822 1085/825/823 1084/822/820
f 1083/823/821 1084/822/820 1087/826/824 1086/827/825
f 1084/822/820 1085/825/823 1088/828/826 1087/826/824
f 7/512/510 446/829/827 1080/820/818 355/511/509
f 446/829/827 447/830/828 1081/821/819 1080/820/818
f 447/830/828 448/831/829 1082/824/822 1081/821/819
f 448/831/829 55/832/830 449/833/831 1082/824/822
f 1082/824/822 449/833/831 450/834/832 1085/825/823
f 1085/825/823 450/834/832 451/835/833 1088/828/826
f 1088/828/826 451/835/833 56/836/834 454/837/835
f 1087/826/824 1088/828/826 454/837/835 453/838/836
f 1086/827/825 1087/826/824 453/838/836 452/839/837
f 353/503/501 1086/827/825 452/839/837 5/260/258
f 354/513/511 1083/823/821 1086/827/825 353/503/501
f 355/511/509 1080/820/818 1083/823/821 354/513/511
f 1089/840/838 1090/841/839 1093/842/840 1092/843/841
f 1090/841/839 1091/844/842 1094/845/843 1093/842/840
f 1092/843/841 1093/842/840 1096/846/844 1095/847/845
f 1093/842/840 1094/845/843 1097/848/846 1096/846/844
f 8/532/530 455/849/847 1089/840/838 361/531/529
f 455/849/847 456/850/848 1090/841/839 1089/840/838
f 456/850/848 457/851/849 1091/844/842 1090/841/839
f 457/851/849 54/852/850 458/853/851 1091/844/842
f 1091/844/842 458/853/851 459/854/852 1094/845/843
f 1094/845/843 459/854/852 460/855/853 1097/848/846
f 1097/848/846 460/855/853 55/832/830 448/831/829
f 1096/846/844 1097/848/846 448/831/829 447/830/828
f 1095/847/845 1096/846/844 447/830/828 446/829/827
f 359/523/521 1095/847/845 446/829/827 7/512/510
f 360/533/531 1092/843/841 1095/847/845 359/523/521
f 361/531/529 1089/840/838 1092/843/841 360/533/531
f 1098/856/854 1099/857/855 1102/858/856 1101/859/857
f 1099/857/855 1100/860/858 1103/861/859 1102/858/856
f 1101/859/857 1102/858/856 1105/862/860 1104/863/861
f 1102/858/856 1103/861/859 1106/864/862 1105/862/860
f 6/202/201 248/248/246 1098/856/854 365/547/545
f 248/248/246 249/247/245 1099/857/855 1098/856/854
f 249/247/245 250/246/244 1100/860/858 1099/857/855
f 250/246/244 53/245/243 461/865/863 1100/860/858
f 1100/860/858 461/865/863 462/866/864 1103/861/859
f 1103/861/859 462/866/864 463/867/865 1106/864/862
f 1106/864/862 463/867/865 54/852/850 457/851/849
f 1105/862/860 1106/864/862 457/851/849 456/850/848
f 1104/863/861 1105/862/860 456/850/848 455/849/847
f 367/543/541 1104/863/861 455/849/847 8/532/530
f 366/548/546 1101/859/857 1104/863/861 367/543/541
f 365/547/545 1098/856/854 1101/859/857 366/548/546
f 1107/868/866 1108/869/867 1111/870/868 1110/871/869
f 1108/869/867 1109/872/870 1112/873/871 1111/870/868
f 1110/871/869 1111/870/868 1114/874/872 1113/875/873
f 1111/870/868 1112/873/871 1115/876/874 1114/874/872
f 66/877/875 469/878/876 1107/868/866 464/879/877
f 469/878/876 468/880/878 1108/869/867 1107/868/866
f 468/880/878 467/881/879 1109/872/870 1108/869/867
f 467/881/879 51/318/316 281/329/327 1109/872/870
f 1109/872/870 281/329/327 282/338/336 1112/873/871
f 1112/873/871 282/338/336 283/336/334 1115/876/874
f 1115/876/874 283/336/334 52/337/335 470/882/880
f 1114/874/872 1115/876/874 470/882/880 471/883/881
f 1113/875/873 1114/874/872 471/883/881 472/884/882
f 466/885/883 1113/875/873 472/884/882 67/886/884
f 465/887/885 1110/871/869 1113/875/873 466/885/883
f 464/879/877 1107/868/866 1110/871/869 465/887/885
f 1116/888/886 1117/889/887 1120/890/888 1119/891/889
f 1117/889/887 1118/892/890 1121/893/891 1120/890/888
f 1119/891/889 1120/890/888 1123/894/892 1122/895/893
f 1120/890/888 1121/893/891 1124/896/894 1123/894/892
f 65/897/895 478/898/896 1116/888/886 473/899/897
f 478/898/896 477/900/898 1117/889/887 1116/888/886
f 477/900/898 476/901/899 1118/892/890 1117/889/887
f 476/901/899 50/298/296 272/309/307 1118/892/890
f 1118/892/890 272/309/307 273/319/317 1121/893/891
f 1121/893/891 273/319/317 274/317/315 1124/896/894
f 1124/896/894 274/317/315 51/318/316 467/881/879
f 1123/894/892 1124/896/894 467/881/879 468/880/878
f 1122/895/893 1123/894/892 468/880/878 469/878/876
f 475/902/900 1122/895/893 469/878/876 66/877/875
f 474/903/901 1119/891/889 1122/895/893 475/902/900
f 473/899/897 1116/888/886 1119/891/889 474/903/901
f 1125/904/902 1126/905/903 1129/906/904 1128/907/905
f 1126/905/903 1127/908/906 1130/909/907 1129/906/904
f 1128/907/905 1129/906/904 1132/910/908 1131/911/909
f 1129/906/904 1130/909/907 1133/912/910 1132/910/908
f 73/713/711 403/715/713 1125/904/902 481/913/911
f 403/715/713 402/723/721 1126/905/903 1125/904/902
f 402/723/721 401/722/720 1127/908/906 1126/905/903
f 401/722/720 49/285/283 260/287/285 1127/908/906
f 1127/908/906 260/287/285 261/299/297 1130/909/907
f 1130/909/907 261/299/297 262/297/295 1133/912/910
f 1133/912/910 262/297/295 50/298/296 476/901/899
f 1132/910/908 1133/912/910 476/901/899 477/900/898
f 1131/911/909 1132/910/908 477/900/898 478/898/896
f 479/914/912 1131/911/909 478/898/896 65/897/895
f 480/915/913 1128/907/905 1131/911/909 479/914/912
f 481/913/911 1125/904/902 1128/907/905 480/915/913
f 1134/916/914 1135/917/915 1138/918/916 1137/919/917
f 1135/917/915 1136/920/918 1139/921/919 1138/918/916
f 1137/919/917 1138/918/916 1141/922/920 1140/923/921
f 1138/918/916 1139/921/919 1142/924/922 1141/922/920
f 80/769/767 484/925/923 1134/916/914 430/770/768
f 484/925/923 483/926/924 1135/917/915 1134/916/914
f 483/926/924 482/927/925 1136/920/918 1135/917/915
f 482/927/925 68/928/926 487/929/927 1136/920/918
f 1136/920/918 487/929/927 486/930/928 1139/921/919
f 1139/921/919 486/930/928 485/931/929 1142/924/922
f 1142/924/922 485/931/929 53/245/243 245/244/242
f 1141/922/920 1142/924/922 245/244/242 246/243/241
f 1140/923/921 1141/922/920 246/243/241 247/241/239
f 428/773/771 1140/923/921 247/241/239 61/240/238
f 429/772/770 1137/919/917 1140/923/921 428/773/771
f 430/770/768 1134/916/914 1137/919/917 429/772/770
f 1143/932/930 1144/933/931 1147/934/932 1146/935/933
f 1144/933/931 1145/936/934 1148/937/935 1147/934/932
f 1146/935/933 1147/934/932 1150/938/936 1149/939/937
f 1147/934/932 1148/937/935 1151/940/938 1150/938/936
f 2/265/263 254/264/262 1143/932/930 287/333/331
f 254/264/262 255/263/261 1144/933/931 1143/932/930
f 255/263/261 256/261/259 1145/936/934 1144/933/931
f 256/261/259 5/260/258 452/839/837 1145/936/934
f 1145/936/934 452/839/837 453/838/836 1148/937/935
f 1148/937/935 453/838/836 454/837/835 1151/940/938
f 1151/940/938 454/837/835 56/836/834 490/941/939
f 1150/938/936 1151/940/938 490/941/939 489/942/940
f 1149/939/937 1150/938/936 489/942/940 488/943/941
f 289/335/333 1149/939/937 488/943/941 52/337/335
f 288/334/332 1146/935/933 1149/939/937 289/335/333
f 287/333/331 1143/932/930 1146/935/933 288/334/332
f 1152/944/942 1153/945/943 1156/946/944 1155/947/945
f 1153/945/943 1154/948/946 1157/949/947 1156/946/944
f 1155/947/945 1156/946/944 1159/950/948 1158/951/949
f 1156/946/944 1157/949/947 1160/952/950 1159/950/948
f 79/953/951 496/954/952 1152/944/942 493/955/953
f 496/954/952 495/956/954 1153/945/943 1152/944/942
f 495/956/954 494/957/955 1154/948/946 1153/945/943
f 494/957/955 72/742/740 418/740/738 1154/948/946
f 1154/948/946 418/740/738 417/739/737 1157/949/947
f 1157/949/947 417/739/737 416/738/736 1160/952/950
f 1160/952/950 416/738/736 64/40/39 118/39/38
f 1159/950/948 1160/952/950 118/39/38 117/38/37
f 1158/951/949 1159/950/948 117/38/37 116/36/35
f 491/958/956 1158/951/949 116/36/35 60/35/34
f 492/959/957 1155/947/945 1158/951/949 491/958/956
f 493/955/953 1152/944/942 1155/947/945 492/959/957
f 1161/960/958 1162/961/959 1165/962/959 1164/963/958
f 1162/961/959 1163/964/960 1166/965/960 1165/962/959
f 1164/963/958 1165/962/959 1168/962/959 1167/966/961
f 1165/962/959 1166/965/960 1169/967/962 1168/962/959
f 93/437/435 667/968/963 1161/960/958 326/969/964
f 667/968/963 666/961/965 1162/961/959 1161/960/958
f 666/961/965 665/970/966 1163/964/960 1162/961/959
f 665/970/966 94/971/967 497/972/968 1163/964/960
f 1163/964/960 497/972/968 498/973/969 1166/965/960
f 1166/965/960 498/973/969 499/974/969 1169/967/962
f 1169/967/962 499/974/969 72/742/740 494/957/955
f 1168/962/959 1169/967/962 494/957/955 495/956/954
f 1167/966/961 1168/962/959 495/956/954 496/954/952
f 328/975/970 1167/966/961 496/954/952 79/953/951
f 327/976/970 1164/963/958 1167/966/961 328/975/970
f 326/969/964 1161/960/958 1164/963/958 327/976/970
f 1170/977/971 1171/926/972 1174/926/973 1173/978/974
f 1171/926/972 1172/979/975 1175/980/976 1174/926/973
f 1173/978/974 1174/926/973 1177/926/973 1176/981/971
f 1174/926/973 1175/980/976 1178/982/975 1177/926/973
f 95/983/977 664/984/978 1170/977/971 500/985/979
f 664/984/978 663/926/980 1171/926/972 1170/977/971
f 663/926/980 662/986/981 1172/979/975 1171/926/972
f 662/986/981 87/348/346 293/987/982 1172/979/975
f 1172/979/975 293/987/982 294/988/982 1175/980/976
f 1175/980/976 294/988/982 295/989/983 1178/982/975
f 1178/982/975 295/989/983 68/928/926 482/927/925
f 1177/926/973 1178/982/975 482/927/925 483/926/924
f 1176/981/971 1177/926/973 483/926/924 484/925/923
f 502/990/984 1176/981/971 484/925/923 80/769/767
f 501/991/979 1173/978/974 1176/981/971 502/990/984
f 500/985/979 1170/977/971 1173/978/974 501/991/979
f 1179/992/985 1180/993/985 1183/994/986 1182/995/986
f 1180/993/985 1181/996/985 1184/997/986 1183/994/986
f 1182/995/986 1183/994/986 1186/998/987 1185/999/987
f 1183/994/986 1184/997/986 1187/1000/988 1186/998/987
f 96/1001/989 503/1002/990 1179/992/985 659/1003/991
f 503/1002/990 504/1004/990 1180/993/985 1179/992/985
f 504/1004/990 505/1005/990 1181/996/985 1180/993/985
f 505/1005/990 73/713/711 481/913/911 1181/996/985
f 1181/996/985 481/913/911 480/915/913 1184/997/986
f 1184/997/986 480/915/913 479/914/912 1187/1000/988
f 1187/1000/988 479/914/912 65/897/895 508/1006/992
f 1186/998/987 1187/1000/988 508/1006/992 507/1007/993
f 1185/999/987 1186/998/987 507/1007/993 506/1008/993
f 661/1009/994 1185/999/987 506/1008/993 97/1010/995
f 660/1011/996 1182/995/986 1185/999/987 661/1009/994
f 659/1003/991 1179/992/985 1182/995/986 660/1011/996
f 1188/1012/997 1189/1013/997 1192/1014/998 1191/1015/998
f 1189/1013/997 1190/1016/997 1193/1017/998 1192/1014/998
f 1191/1015/998 1192/1014/998 1195/1018/999 1194/1019/999
f 1192/1014/998 1193/1017/998 1196/1020/999 1195/1018/999
f 97/1010/995 506/1008/993 1188/1012/997 656/1021/1000
f 506/1008/993 507/1007/993 1189/1013/997 1188/1012/997
f 507/1007/993 508/1006/992 1190/1016/997 1189/1013/997
f 508/1006/992 65/897/895 473/899/897 1190/1016/997
f 1190/1016/997 473/899/897 474/903/901 1193/1017/998
f 1193/1017/998 474/903/901 475/902/900 1196/1020/999
f 1196/1020/999 475/902/900 66/877/875 511/1022/1001
f 1195/1018/999 1196/1020/999 511/1022/1001 510/1023/1001
f 1194/1019/999 1195/1018/999 510/1023/1001 509/1024/1001
f 658/1025/1002 1194/1019/999 509/1024/1001 98/1026/1003
f 657/1027/1004 1191/1015/998 1194/1019/999 658/1025/1002
f 656/1021/1000 1188/1012/997 1191/1015/998 657/1027/1004
f 1197/1028/1005 1198/1029/1006 1201/1030/1007 1200/1031/1008
f 1198/1029/1006 1199/1032/1006 1202/1033/1007 1201/1030/1007
f 1200/1031/1008 1201/1030/1007 1204/1034/1009 1203/1035/1009
f 1201/1030/1007 1202/1033/1007 1205/1036/1010 1204/1034/1009
f 98/1026/1003 509/1024/1001 1197/1028/1005 653/1037/1011
f 509/1024/1001 510/1023/1001 1198/1029/1006 1197/1028/1005
f 510/1023/1001 511/1022/1001 1199/1032/1006 1198/1029/1006
f 511/1022/1001 66/877/875 464/879/877 1199/1032/1006
f 1199/1032/1006 464/879/877 465/887/885 1202/1033/1007
f 1202/1033/1007 465/887/885 466/885/883 1205/1036/1010
f 1205/1036/1010 466/885/883 67/886/884 184/1038/1012
f 1204/1034/1009 1205/1036/1010 184/1038/1012 183/1039/1012
f 1203/1035/1009 1204/1034/1009 183/1039/1012 182/1040/1013
f 655/1041/1014 1203/1035/1009 182/1040/1013 85/177/176
f 654/1042/1015 1200/1031/1008 1203/1035/1009 655/1041/1014
f 653/1037/1011 1197/1028/1005 1200/1031/1008 654/1042/1015
f 1206/1043/1016 1207/1044/1016 1210/1045/1017 1209/1046/1018
f 1207/1044/1016 1208/1047/1019 1211/1048/1017 1210/1045/1017
f 1209/1046/1018 1210/1045/1017 1213/1049/1020 1212/1050/1021
f 1210/1045/1017 1211/1048/1017 1214/1051/1020 1213/1049/1020
f 95/983/977 500/985/979 1206/1043/1016 650/1052/1022
f 500/985/979 501/991/979 1207/1044/1016 1206/1043/1016
f 501/991/979 502/990/984 1208/1047/1019 1207/1044/1016
f 502/990/984 80/769/767 427/771/769 1208/1047/1019
f 1208/1047/1019 427/771/769 426/775/773 1211/1048/1017
f 1211/1048/1017 426/775/773 425/774/772 1214/1051/1020
f 1214/1051/1020 425/774/772 70/753/751 514/1053/1023
f 1213/1049/1020 1214/1051/1020 514/1053/1023 513/1054/1024
f 1212/1050/1021 1213/1049/1020 513/1054/1024 512/1055/1024
f 652/1056/1025 1212/1050/1021 512/1055/1024 99/1057/1026
f 651/1058/1027 1209/1046/1018 1212/1050/1021 652/1056/1025
f 650/1052/1022 1206/1043/1016 1209/1046/1018 651/1058/1027
f 1215/1059/1028 1216/1060/1028 1219/1061/1029 1218/1062/1029
f 1216/1060/1028 1217/1063/1028 1220/1064/1029 1219/1061/1029
f 1218/1062/1029 1219/1061/1029 1222/1065/1030 1221/1066/1030
f 1219/1061/1029 1220/1064/1029 1223/1067/1030 1222/1065/1030
f 99/1057/1026 512/1055/1024 1215/1059/1028 647/1068/1031
f 512/1055/1024 513/1054/1024 1216/1060/1028 1215/1059/1028
f 513/1054/1024 514/1053/1023 1217/1063/1028 1216/1060/1028
f 514/1053/1023 70/753/751 419/755/753 1217/1063/1028
f 1217/1063/1028 419/755/753 420/759/757 1220/1064/1029
f 1220/1064/1029 420/759/757 421/758/756 1223/1067/1030
f 1223/1067/1030 421/758/756 71/733/731 517/1069/1032
f 1222/1065/1030 1223/1067/1030 517/1069/1032 516/1070/1033
f 1221/1066/1030 1222/1065/1030 516/1070/1033 515/1071/1033
f 649/1072/1034 1221/1066/1030 515/1071/1033 100/1073/1035
f 648/1074/1036 1218/1062/1029 1221/1066/1030 649/1072/1034
f 647/1068/1031 1215/1059/1028 1218/1062/1029 648/1074/1036
f 1224/1075/1037 1225/1076/1038 1228/1077/1039 1227/1078/1040
f 1225/1076/1038 1226/1079/1038 1229/1080/1039 1228/1077/1039
f 1227/1078/1040 1228/1077/1039 1231/1081/1041 1230/1082/1041
f 1228/1077/1039 1229/1080/1039 1232/1083/1042 1231/1081/1041
f 100/1073/1035 515/1071/1033 1224/1075/1037 644/1084/1043
f 515/1071/1033 516/1070/1033 1225/1076/1038 1224/1075/1037
f 516/1070/1033 517/1069/1032 1226/1079/1038 1225/1076/1038
f 517/1069/1032 71/733/731 410/735/733 1226/1079/1038
f 1226/1079/1038 410/735/733 411/743/741 1229/1080/1039
f 1229/1080/1039 411/743/741 412/741/739 1232/1083/1042
f 1232/1083/1042 412/741/739 72/742/740 499/974/969
f 1231/1081/1041 1232/1083/1042 499/974/969 498/973/969
f 1230/1082/1041 1231/1081/1041 498/973/969 497/972/968
f 646/1085/1044 1230/1082/1041 497/972/968 94/971/967
f 645/1086/1045 1227/1078/1040 1230/1082/1041 646/1085/1044
f 644/1084/1043 1224/1075/1037 1227/1078/1040 645/1086/1045
f 1233/1087/1046 1234/716/1047 1237/716/1048 1236/1088/1049
f 1234/716/1047 1235/1089/1050 1238/1090/1051 1237/716/1048
f 1236/1088/1049 1237/716/1048 1240/716/1048 1239/1091/1046
f 1237/716/1048 1238/1090/1051 1241/1092/1050 1240/716/1048
f 96/1001/989 643/1093/1052 1233/1087/1046 503/1002/990
f 643/1093/1052 642/1094/1053 1234/716/1047 1233/1087/1046
f 642/1094/1053 641/1095/1054 1235/1089/1050 1234/716/1047
f 641/1095/1054 90/396/394 311/1096/1055 1235/1089/1050
f 1235/1089/1050 311/1096/1055 312/1097/1055 1238/1090/1051
f 1238/1090/1051 312/1097/1055 313/1098/1056 1241/1092/1050
f 1241/1092/1050 313/1098/1056 69/718/716 404/717/715
f 1240/716/1048 1241/1092/1050 404/717/715 405/716/714
f 1239/1091/1046 1240/716/1048 405/716/714 406/714/712
f 505/1005/990 1239/1091/1046 406/714/712 73/713/711
f 504/1004/990 1236/1088/1049 1239/1091/1046 505/1005/990
f 503/1002/990 1233/1087/1046 1236/1088/1049 504/1004/990
f 1242/1099/1057 1243/1100/1058 1246/1101/1059 1245/1102/1060
f 1243/1100/1058 1244/1103/1061 1247/1104/1062 1246/1101/1059
f 1245/1102/1060 1246/1101/1059 1249/1105/1063 1248/1106/1064
f 1246/1101/1059 1247/1104/1062 1250/1107/1065 1249/1105/1063
f 59/788/786 518/1108/1066 1242/1099/1057 434/789/787
f 518/1108/1066 519/1109/1067 1243/1100/1058 1242/1099/1057
f 519/1109/1067 520/1110/1068 1244/1103/1061 1243/1100/1058
f 520/1110/1068 78/1111/1069 323/1112/1070 1244/1103/1061
f 1244/1103/1061 323/1112/1070 324/1113/1071 1247/1104/1062
f 1247/1104/1062 324/1113/1071 325/1114/1072 1250/1107/1065
f 1250/1107/1065 325/1114/1072 79/953/951 493/955/953
f 1249/1105/1063 1250/1107/1065 493/955/953 492/959/957
f 1248/1106/1064 1249/1105/1063 492/959/957 491/958/956
f 436/791/789 1248/1106/1064 491/958/956 60/35/34
f 435/790/788 1245/1102/1060 1248/1106/1064 436/791/789
f 434/789/787 1242/1099/1057 1245/1102/1060 435/790/788
f 1251/1115/1073 1252/1116/1074 1255/1117/1075 1254/1118/1076
f 1252/1116/1074 1253/1119/1077 1256/1120/1078 1255/1117/1075
f 1254/1118/1076 1255/1117/1075 1258/1121/1079 1257/1122/1080
f 1255/1117/1075 1256/1120/1078 1259/1123/1081 1258/1121/1079
f 58/804/802 521/1124/1082 1251/1115/1073 440/805/803
f 521/1124/1082 522/1125/1083 1252/1116/1074 1251/1115/1073
f 522/1125/1083 523/1126/1084 1253/1119/1077 1252/1116/1074
f 523/1126/1084 77/1127/1085 317/1128/1086 1253/1119/1077
f 1253/1119/1077 317/1128/1086 318/1129/1087 1256/1120/1078
f 1256/1120/1078 318/1129/1087 319/1130/1088 1259/1123/1081
f 1259/1123/1081 319/1130/1088 78/1111/1069 520/1110/1068
f 1258/1121/1079 1259/1123/1081 520/1110/1068 519/1109/1067
f 1257/1122/1080 1258/1121/1079 519/1109/1067 518/1108/1066
f 442/807/805 1257/1122/1080 518/1108/1066 59/788/786
f 441/806/804 1254/1118/1076 1257/1122/1080 442/807/805
f 440/805/803 1251/1115/1073 1254/1118/1076 441/806/804
f 1260/1131/1089 1261/1132/1090 1264/1133/1091 1263/1134/1092
f 1261/1132/1090 1262/1135/1093 1265/1136/1094 1264/1133/1091
f 1263/1134/1092 1264/1133/1091 1267/1137/1095 1266/1138/1096
f 1264/1133/1091 1265/1136/1094 1268/1139/1097 1267/1137/1095
f 57/700/698 407/721/719 1260/1131/1089 443/817/815
f 407/721/719 408/720/718 1261/1132/1090 1260/1131/1089
f 408/720/718 409/719/717 1262/1135/1093 1261/1132/1090
f 409/719/717 69/718/716 308/1140/1098 1262/1135/1093
f 1262/1135/1093 308/1140/1098 309/1141/1099 1265/1136/1094
f 1265/1136/1094 309/1141/1099 310/1142/1100 1268/1139/1097
f 1268/1139/1097 310/1142/1100 77/1127/1085 523/1126/1084
f 1267/1137/1095 1268/1139/1097 523/1126/1084 522/1125/1083
f 1266/1138/1096 1267/1137/1095 522/1125/1083 521/1124/1082
f 445/819/817 1266/1138/1096 521/1124/1082 58/804/802
f 444/818/816 1263/1134/1092 1266/1138/1096 445/819/817
f 443/817/815 1260/1131/1089 1263/1134/1092 444/818/816
f 1269/1143/1101 1270/1144/1102 1273/1145/1103 1272/1146/1104
f 1270/1144/1102 1271/1147/1105 1274/1148/1106 1273/1145/1103
f 1272/1146/1104 1273/1145/1103 1276/1149/1107 1275/1150/1108
f 1273/1145/1103 1274/1148/1106 1277/1151/1109 1276/1149/1107
f 55/832/830 524/1152/1110 1269/1143/1101 449/833/831
f 524/1152/1110 525/1153/1111 1270/1144/1102 1269/1143/1101
f 525/1153/1111 526/1154/1112 1271/1147/1105 1270/1144/1102
f 526/1154/1112 75/1155/1113 305/1156/1114 1271/1147/1105
f 1271/1147/1105 305/1156/1114 306/1157/1115 1274/1148/1106
f 1274/1148/1106 306/1157/1115 307/1158/1116 1277/1151/1109
f 1277/1151/1109 307/1158/1116 76/1159/1117 529/1160/1118
f 1276/1149/1107 1277/1151/1109 529/1160/1118 528/1161/1119
f 1275/1150/1108 1276/1149/1107 528/1161/1119 527/1162/1120
f 451/835/833 1275/1150/1108 527/1162/1120 56/836/834
f 450/834/832 1272/1146/1104 1275/1150/1108 451/835/833
f 449/833/831 1269/1143/1101 1272/1146/1104 450/834/832
f 1278/1163/1121 1279/1164/1122 1282/1165/1123 1281/1166/1124
f 1279/1164/1122 1280/1167/1125 1283/1168/1126 1282/1165/1123
f 1281/1166/1124 1282/1165/1123 1285/1169/1127 1284/1170/1128
f 1282/1165/1123 1283/1168/1126 1286/1171/1129 1285/1169/1127
f 54/852/850 530/1172/1130 1278/1163/1121 458/853/851
f 530/1172/1130 531/1173/1131 1279/1164/1122 1278/1163/1121
f 531/1173/1131 532/1174/1132 1280/1167/1125 1279/1164/1122
f 532/1174/1132 74/1175/1133 299/1176/1134 1280/1167/1125
f 1280/1167/1125 299/1176/1134 300/1177/1135 1283/1168/1126
f 1283/1168/1126 300/1177/1135 301/1178/1136 1286/1171/1129
f 1286/1171/1129 301/1178/1136 75/1155/1113 526/1154/1112
f 1285/1169/1127 1286/1171/1129 526/1154/1112 525/1153/1111
f 1284/1170/1128 1285/1169/1127 525/1153/1111 524/1152/1110
f 460/855/853 1284/1170/1128 524/1152/1110 55/832/830
f 459/854/852 1281/1166/1124 1284/1170/1128 460/855/853
f 458/853/851 1278/1163/1121 1281/1166/1124 459/854/852
f 1287/1179/1137 1288/1180/1138 1291/1181/1139 1290/1182/1140
f 1288/1180/1138 1289/1183/1141 1292/1184/1142 1291/1181/1139
f 1290/1182/1140 1291/1181/1139 1294/1185/1143 1293/1186/1144
f 1291/1181/1139 1292/1184/1142 1295/1187/1145 1294/1185/1143
f 53/245/243 485/931/929 1287/1179/1137 461/865/863
f 485/931/929 486/930/928 1288/1180/1138 1287/1179/1137
f 486/930/928 487/929/927 1289/1183/1141 1288/1180/1138
f 487/929/927 68/928/926 290/1188/1146 1289/1183/1141
f 1289/1183/1141 290/1188/1146 291/1189/1147 1292/1184/1142
f 1292/1184/1142 291/1189/1147 292/1190/1148 1295/1187/1145
f 1295/1187/1145 292/1190/1148 74/1175/1133 532/1174/1132
f 1294/1185/1143 1295/1187/1145 532/1174/1132 531/1173/1131
f 1293/1186/1144 1294/1185/1143 531/1173/1131 530/1172/1130
f 463/867/865 1293/1186/1144 530/1172/1130 54/852/850
f 462/866/864 1290/1182/1140 1293/1186/1144 463/867/865
f 461/865/863 1287/1179/1137 1290/1182/1140 462/866/864
f 1296/1191/1149 1297/1192/1150 1300/1193/1151 1299/1194/1152
f 1297/1192/1150 1298/1195/1153 1301/1196/1154 1300/1193/1151
f 1299/1194/1152 1300/1193/1151 1303/1197/1155 1302/1198/1156
f 1300/1193/1151 1301/1196/1154 1304/1199/1157 1303/1197/1155
f 52/337/335 488/943/941 1296/1191/1149 470/882/880
f 488/943/941 489/942/940 1297/1192/1150 1296/1191/1149
f 489/942/940 490/941/939 1298/1195/1153 1297/1192/1150
f 490/941/939 56/836/834 527/1162/1120 1298/1195/1153
f 1298/1195/1153 527/1162/1120 528/1161/1119 1301/1196/1154
f 1301/1196/1154 528/1161/1119 529/1160/1118 1304/1199/1157
f 1304/1199/1157 529/1160/1118 76/1159/1117 187/1200/1158
f 1303/1197/1155 1304/1199/1157 187/1200/1158 186/1201/1159
f 1302/1198/1156 1303/1197/1155 186/1201/1159 185/1202/1160
f 472/884/882 1302/1198/1156 185/1202/1160 67/886/884
f 471/883/881 1299/1194/1152 1302/1198/1156 472/884/882
f 470/882/880 1296/1191/1149 1299/1194/1152 471/883/881
f 1305/1203/1161 1306/1204/1162 1309/1205/1163 1308/1206/1164
f 1306/1204/1162 1307/1207/1165 1310/1208/1166 1309/1205/1163
f 1308/1206/1164 1309/1205/1163 1312/1209/1167 1311/1210/1168
f 1309/1205/1163 1310/1208/1166 1313/1211/1169 1312/1209/1167
f 81/1212/1170 541/1213/1171 1305/1203/1161 545/1214/1172
f 541/1213/1171 540/1215/1173 1306/1204/1162 1305/1203/1161
f 540/1215/1173 539/1216/1174 1307/1207/1165 1306/1204/1162
f 539/1216/1174 46/69/68 133/67/66 1307/1207/1165
f 1307/1207/1165 133/67/66 132/66/65 1310/1208/1166
f 1310/1208/1166 132/66/65 131/65/64 1313/1211/1169
f 1313/1211/1169 131/65/64 41/64/63 542/226/224
f 1312/1209/1167 1313/1211/1169 542/226/224 543/223/221
f 1311/1210/1168 1312/1209/1167 543/223/221 544/221/219
f 547/1217/1175 1311/1210/1168 544/221/219 82/220/218
f 546/1218/1176 1308/1206/1164 1311/1210/1168 547/1217/1175
f 545/1214/1172 1305/1203/1161 1308/1206/1164 546/1218/1176
f 1315/1219/1177 1316/1220/1178 1314/1221/1179 1320/1222/1180
f 1317/1223/1181 1318/1224/1182 1314/1221/1179 1316/1220/1178
f 1319/1225/1183 1320/1222/1180 1314/1221/1179 1318/1224/1182
f 81/1212/1170 583/1226/1184 1315/1219/1177 541/1213/1171
f 583/1226/1184 582/1227/1185 1316/1220/1178 1315/1219/1177
f 541/1213/1171 1315/1219/1177 1320/1222/1180 540/1215/1173
f 48/627/625 211/638/636 1317/1223/1181 581/1228/1186
f 211/638/636 210/643/641 1318/1224/1182 1317/1223/1181
f 581/1228/1186 1317/1223/1181 1316/1220/1178 582/1227/1185
f 46/69/68 539/1216/1174 1319/1225/1183 209/642/640
f 539/1216/1174 540/1215/1173 1320/1222/1180 1319/1225/1183
f 209/642/640 1319/1225/1183 1318/1224/1182 210/643/641
f 1321/1229/1187 1322/1230/1187 1325/73/1187 1324/1231/1187
f 1322/1230/1187 1323/1232/1187 1326/1233/1187 1325/73/1187
f 1324/1231/1187 1325/73/1187 1328/1234/1187 1327/1235/1187
f 1325/73/1187 1326/1233/1187 1329/1236/1187 1328/1234/1187
f 84/1237/1188 559/1238/1189 1321/1229/1187 560/1239/1190
f 559/1238/1189 558/1240/1191 1322/1230/1187 1321/1229/1187
f 558/1240/1191 557/1241/1192 1323/1232/1187 1322/1230/1187
f 557/1241/1192 81/1212/1170 545/1214/1172 1323/1232/1187
f 1323/1232/1187 545/1214/1172 546/1218/1176 1326/1233/1187
f 1326/1233/1187 546/1218/1176 547/1217/1175 1329/1236/1187
f 1329/1236/1187 547/1217/1175 82/220/218 554/1242/1193
f 1328/1234/1187 1329/1236/1187 554/1242/1193 555/1243/1194
f 1327/1235/1187 1328/1234/1187 555/1243/1194 556/1244/1195
f 562/1245/1196 1327/1235/1187 556/1244/1195 83/1246/1197
f 561/1247/1198 1324/1231/1187 1327/1235/1187 562/1245/1196
f 560/1239/1190 1321/1229/1187 1324/1231/1187 561/1247/1198
f 1330/1248/1199 1331/1249/1200 1334/1250/1201 1333/1251/1202
f 1331/1249/1200 1332/1252/1203 1335/1253/1204 1334/1250/1201
f 1333/1251/1202 1334/1250/1201 1337/1254/1205 1336/1255/1206
f 1334/1250/1201 1335/1253/1204 1338/1256/1207 1337/1254/1205
f 34/24/23 110/22/20 1330/1248/1199 566/1257/1208
f 110/22/20 111/21/21 1331/1249/1200 1330/1248/1199
f 111/21/21 112/20/20 1332/1252/1203 1331/1249/1200
f 112/20/20 45/19/19 548/1258/1209 1332/1252/1203
f 1332/1252/1203 548/1258/1209 549/1259/1210 1335/1253/1204
f 1335/1253/1204 549/1259/1210 550/1260/1211 1338/1256/1207
f 1338/1256/1207 550/1260/1211 81/1212/1170 557/1241/1192
f 1337/1254/1205 1338/1256/1207 557/1241/1192 558/1240/1191
f 1336/1255/1206 1337/1254/1205 558/1240/1191 559/1238/1189
f 568/1261/1212 1336/1255/1206 559/1238/1189 84/1237/1188
f 567/1262/1213 1333/1251/1202 1336/1255/1206 568/1261/1212
f 566/1257/1208 1330/1248/1199 1333/1251/1202 567/1262/1213
f 1339/1263/1214 1340/1264/1215 1343/1265/1216 1342/1266/1217
f 1340/1264/1215 1341/1267/1218 1344/1268/1219 1343/1265/1216
f 1342/1266/1217 1343/1265/1216 1346/1269/1220 1345/1270/1221
f 1343/1265/1216 1344/1268/1219 1347/1271/1222 1346/1269/1220
f 83/1246/1197 556/1244/1195 1339/1263/1214 563/1272/1223
f 556/1244/1195 555/1243/1194 1340/1264/1215 1339/1263/1214
f 555/1243/1194 554/1242/1193 1341/1267/1218 1340/1264/1215
f 554/1242/1193 82/220/218 551/1273/1224 1341/1267/1218
f 1341/1267/1218 551/1273/1224 552/1274/1225 1344/1268/1219
f 1344/1268/1219 552/1274/1225 553/1275/1226 1347/1271/1222
f 1347/1271/1222 553/1275/1226 42/211/209 202/209/206
f 1346/1269/1220 1347/1271/1222 202/209/206 201/208/207
f 1345/1270/1221 1346/1269/1220 201/208/207 200/207/206
f 565/1276/1227 1345/1270/1221 200/207/206 37/206/205
f 564/1277/1228 1342/1266/1217 1345/1270/1221 565/1276/1227
f 563/1272/1223 1339/1263/1214 1342/1266/1217 564/1277/1228
f 1348/1278/1229 1349/1279/1230 1352/1280/1231 1351/1281/1232
f 1349/1279/1230 1350/1282/1233 1353/1283/1234 1352/1280/1231
f 1351/1281/1232 1352/1280/1231 1355/1284/1235 1354/1285/1236
f 1352/1280/1231 1353/1283/1234 1356/1286/1237 1355/1284/1235
f 33/269/267 538/1287/1238 1348/1278/1229 230/270/268
f 538/1287/1238 537/1288/1239 1349/1279/1230 1348/1278/1229
f 537/1288/1239 536/1289/1240 1350/1282/1233 1349/1279/1230
f 536/1289/1240 84/1237/1188 560/1239/1190 1350/1282/1233
f 1350/1282/1233 560/1239/1190 561/1247/1198 1353/1283/1234
f 1353/1283/1234 561/1247/1198 562/1245/1196 1356/1286/1237
f 1356/1286/1237 562/1245/1196 83/1246/1197 533/1290/1241
f 1355/1284/1235 1356/1286/1237 533/1290/1241 534/1291/1242
f 1354/1285/1236 1355/1284/1235 534/1291/1242 535/1292/1243
f 232/272/270 1354/1285/1236 535/1292/1243 38/274/272
f 231/271/269 1351/1281/1232 1354/1285/1236 232/272/270
f 230/270/268 1348/1278/1229 1351/1281/1232 231/271/269
f 1358/1293/1244 1359/1294/1245 1357/1295/1246 1363/1296/1247
f 1360/1297/1248 1361/1298/1249 1357/1295/1246 1359/1294/1245
f 1362/1299/1250 1363/1296/1247 1357/1295/1246 1361/1298/1249
f 83/1246/1197 563/1272/1223 1358/1293/1244 569/1300/1251
f 563/1272/1223 564/1277/1228 1359/1294/1245 1358/1293/1244
f 569/1300/1251 1358/1293/1244 1363/1296/1247 570/1301/1252
f 37/206/205 221/546/544 1360/1297/1248 565/1276/1227
f 221/546/544 222/545/543 1361/1298/1249 1360/1297/1248
f 565/1276/1227 1360/1297/1248 1359/1294/1245 564/1277/1228
f 39/527/525 571/1302/1253 1362/1299/1250 223/544/542
f 571/1302/1253 570/1301/1252 1363/1296/1247 1362/1299/1250
f 223/544/542 1362/1299/1250 1361/1298/1249 222/545/543
f 1365/1303/1254 1366/1304/1255 1364/1305/1256 1370/1306/1257
f 1367/1307/1258 1368/1308/1259 1364/1305/1256 1366/1304/1255
f 1369/1309/1260 1370/1306/1257 1364/1305/1256 1368/1308/1259
f 36/656/654 241/655/653 1365/1303/1254 587/1310/1261
f 241/655/653 240/654/652 1366/1304/1255 1365/1303/1254
f 587/1310/1261 1365/1303/1254 1370/1306/1257 588/1311/1262
f 34/24/23 566/1257/1208 1367/1307/1258 239/653/651
f 566/1257/1208 567/1262/1213 1368/1308/1259 1367/1307/1258
f 239/653/651 1367/1307/1258 1366/1304/1255 240/654/652
f 84/1237/1188 589/1312/1263 1369/1309/1260 568/1261/1212
f 589/1312/1263 588/1311/1262 1370/1306/1257 1369/1309/1260
f 568/1261/1212 1369/1309/1260 1368/1308/1259 567/1262/1213
f 1372/1313/1264 1373/1314/1265 1371/1315/1266 1377/1316/1267
f 1374/1317/1268 1375/1318/1269 1371/1315/1266 1373/1314/1265
f 1376/1319/1270 1377/1316/1267 1371/1315/1266 1375/1318/1269
f 83/1246/1197 569/1300/1251 1372/1313/1264 572/1320/1271
f 569/1300/1251 570/1301/1252 1373/1314/1265 1372/1313/1264
f 572/1320/1271 1372/1313/1264 1377/1316/1267 573/1321/1272
f 39/527/525 224/526/524 1374/1317/1268 571/1302/1253
f 224/526/524 225/525/523 1375/1318/1269 1374/1317/1268
f 571/1302/1253 1374/1317/1268 1373/1314/1265 570/1301/1252
f 40/507/505 574/1322/1273 1376/1319/1270 226/524/522
f 574/1322/1273 573/1321/1272 1377/1316/1267 1376/1319/1270
f 226/524/522 1376/1319/1270 1375/1318/1269 225/525/523
f 1379/1323/1274 1380/1324/1275 1378/1325/1276 1384/1326/1277
f 1381/1327/1278 1382/1328/1279 1378/1325/1276 1380/1324/1275
f 1383/1329/1280 1384/1326/1277 1378/1325/1276 1382/1328/1279
f 38/274/272 535/1292/1243 1379/1323/1274 227/504/502
f 535/1292/1243 534/1291/1242 1380/1324/1275 1379/1323/1274
f 227/504/502 1379/1323/1274 1384/1326/1277 228/505/503
f 83/1246/1197 572/1320/1271 1381/1327/1278 533/1290/1241
f 572/1320/1271 573/1321/1272 1382/1328/1279 1381/1327/1278
f 533/1290/1241 1381/1327/1278 1380/1324/1275 534/1291/1242
f 40/507/505 229/506/504 1383/1329/1280 574/1322/1273
f 229/506/504 228/505/503 1384/1326/1277 1383/1329/1280
f 574/1322/1273 1383/1329/1280 1382/1328/1279 573/1321/1272
f 1386/1330/1281 1387/1331/1282 1385/1332/1283 1391/1333/1284
f 1388/1334/1285 1389/1335/1286 1385/1332/1283 1387/1331/1282
f 1390/1336/1287 1391/1333/1284 1385/1332/1283 1389/1335/1286
f 42/211/209 553/1275/1226 1386/1330/1281 218/587/585
f 553/1275/1226 552/1274/1225 1387/1331/1282 1386/1330/1281
f 218/587/585 1386/1330/1281 1391/1333/1284 219/588/586
f 82/220/218 575/1337/1288 1388/1334/1285 551/1273/1224
f 575/1337/1288 576/1338/1289 1389/1335/1286 1388/1334/1285
f 551/1273/1224 1388/1334/1285 1387/1331/1282 552/1274/1225
f 44/575/573 220/586/584 1390/1336/1287 577/1339/1290
f 220/586/584 219/588/586 1391/1333/1284 1390/1336/1287
f 577/1339/1290 1390/1336/1287 1389/1335/1286 576/1338/1289
f 1393/1340/1291 1394/1341/1292 1392/1342/1293 1398/1343/1294
f 1395/1344/1295 1396/1345/1296 1392/1342/1293 1394/1341/1292
f 1397/1346/1297 1398/1343/1294 1392/1342/1293 1396/1345/1296
f 44/575/573 577/1339/1290 1393/1340/1291 217/574/572
f 577/1339/1290 576/1338/1289 1394/1341/1292 1393/1340/1291
f 217/574/572 1393/1340/1291 1398/1343/1294 216/576/574
f 82/220/218 578/222/220 1395/1344/1295 575/1337/1288
f 578/222/220 579/224/222 1396/1345/1296 1395/1344/1295
f 575/1337/1288 1395/1344/1295 1394/1341/1292 576/1338/1289
f 43/228/226 215/570/568 1397/1346/1297 580/229/227
f 215/570/568 216/576/574 1398/1343/1294 1397/1346/1297
f 580/229/227 1397/1346/1297 1396/1345/1296 579/224/222
f 1400/1347/1298 1401/1348/1299 1399/1349/1300 1405/1350/1301
f 1402/1351/1302 1403/1352/1303 1399/1349/1300 1401/1348/1299
f 1404/1353/1304 1405/1350/1301 1399/1349/1300 1403/1352/1303
f 47/607/605 206/618/616 1400/1347/1298 584/1354/1305
f 206/618/616 207/628/626 1401/1348/1299 1400/1347/1298
f 584/1354/1305 1400/1347/1298 1405/1350/1301 585/1355/1306
f 48/627/625 581/1228/1186 1402/1351/1302 208/626/624
f 581/1228/1186 582/1227/1185 1403/1352/1303 1402/1351/1302
f 208/626/624 1402/1351/1302 1401/1348/1299 207/628/626
f 81/1212/1170 586/1356/1307 1404/1353/1304 583/1226/1184
f 586/1356/1307 585/1355/1306 1405/1350/1301 1404/1353/1304
f 583/1226/1184 1404/1353/1304 1403/1352/1303 582/1227/1185
f 1407/1357/1308 1408/1358/1309 1406/1359/1310 1412/1360/1311
f 1409/1361/1312 1410/1362/1313 1406/1359/1310 1408/1358/1309
f 1411/1363/1314 1412/1360/1311 1406/1359/1310 1410/1362/1313
f 45/19/19 203/598/596 1407/1357/1308 548/1258/1209
f 203/598/596 204/608/606 1408/1358/1309 1407/1357/1308
f 548/1258/1209 1407/1357/1308 1412/1360/1311 549/1259/1210
f 47/607/605 584/1354/1305 1409/1361/1312 205/606/604
f 584/1354/1305 585/1355/1306 1410/1362/1313 1409/1361/1312
f 205/606/604 1409/1361/1312 1408/1358/1309 204/608/606
f 81/1212/1170 550/1260/1211 1411/1363/1314 586/1356/1307
f 550/1260/1211 549/1259/1210 1412/1360/1311 1411/1363/1314
f 586/1356/1307 1411/1363/1314 1410/1362/1313 585/1355/1306
f 1414/1364/1315 1415/1365/1316 1413/1366/1317 1419/1367/1318
f 1416/1368/1319 1417/1369/1320 1413/1366/1317 1415/1365/1316
f 1418/1370/1321 1419/1367/1318 1413/1366/1317 1417/1369/1320
f 35/672/670 236/671/669 1414/1364/1315 590/1371/1322
f 236/671/669 237/670/668 1415/1365/1316 1414/1364/1315
f 590/1371/1322 1414/1364/1315 1419/1367/1318 591/1372/1323
f 36/656/654 587/1310/1261 1416/1368/1319 238/669/667
f 587/1310/1261 588/1311/1262 1417/1369/1320 1416/1368/1319
f 238/669/667 1416/1368/1319 1415/1365/1316 237/670/668
f 84/1237/1188 592/1373/1324 1418/1370/1321 589/1312/1263
f 592/1373/1324 591/1372/1323 1419/1367/1318 1418/1370/1321
f 589/1312/1263 1418/1370/1321 1417/1369/1320 588/1311/1262
f 1421/1374/1325 1422/1375/1326 1420/1376/1327 1426/1377/1328
f 1423/1378/1329 1424/1379/1330 1420/1376/1327 1422/1375/1326
f 1425/1380/1331 1426/1377/1328 1420/1376/1327 1424/1379/1330
f 33/269/267 233/687/685 1421/1374/1325 538/1287/1238
f 233/687/685 234/686/684 1422/1375/1326 1421/1374/1325
f 538/1287/1238 1421/1374/1325 1426/1377/1328 537/1288/1239
f 35/672/670 590/1371/1322 1423/1378/1329 235/685/683
f 590/1371/1322 591/1372/1323 1424/1379/1330 1423/1378/1329
f 235/685/683 1423/1378/1329 1422/1375/1326 234/686/684
f 84/1237/1188 536/1289/1240 1425/1380/1331 592/1373/1324
f 536/1289/1240 537/1288/1239 1426/1377/1328 1425/1380/1331
f 592/1373/1324 1425/1380/1331 1424/1379/1330 591/1372/1323
f 1427/1381/1332 1428/1382/1333 1431/1383/1334 1430/1384/1335
f 1428/1382/1333 1429/1385/1336 1432/1386/1337 1431/1383/1334
f 1430/1384/1335 1431/1383/1334 1434/1387/1338 1433/1388/1339
f 1431/1383/1334 1432/1386/1337 1435/1389/1340 1434/1387/1338
f 9/104/103 134/106/105 1427/1381/1332 626/1390/1341
f 134/106/105 135/108/107 1428/1382/1333 1427/1381/1332
f 135/108/107 136/166/165 1429/1385/1336 1428/1382/1333
f 136/166/165 26/165/164 608/400/398 1429/1385/1336
f 1429/1385/1336 608/400/398 609/399/397 1432/1386/1337
f 1432/1386/1337 609/399/397 610/397/395 1435/1389/1340
f 1435/1389/1340 610/397/395 90/396/394 641/1095/1054
f 1434/1387/1338 1435/1389/1340 641/1095/1054 642/1094/1053
f 1433/1388/1339 1434/1387/1338 642/1094/1053 643/1093/1052
f 628/1391/1342 1433/1388/1339 643/1093/1052 96/1001/989
f 627/1392/1343 1430/1384/1335 1433/1388/1339 628/1391/1342
f 626/1390/1341 1427/1381/1332 1430/1384/1335 627/1392/1343
f 1436/1393/1344 1437/1394/1345 1440/1395/1346 1439/1396/1347
f 1437/1394/1345 1438/1397/1348 1441/1398/1349 1440/1395/1346
f 1439/1396/1347 1440/1395/1346 1443/1399/1350 1442/1400/1351
f 1440/1395/1346 1441/1398/1349 1444/1401/1352 1443/1399/1350
f 32/145/144 638/1402/1353 1436/1393/1344 169/146/145
f 638/1402/1353 639/1403/1354 1437/1394/1345 1436/1393/1344
f 639/1403/1354 640/1404/1355 1438/1397/1348 1437/1394/1345
f 640/1404/1355 100/1073/1035 644/1084/1043 1438/1397/1348
f 1438/1397/1348 644/1084/1043 645/1086/1045 1441/1398/1349
f 1441/1398/1349 645/1086/1045 646/1085/1044 1444/1401/1352
f 1444/1401/1352 646/1085/1044 94/971/967 622/1405/1356
f 1443/1399/1350 1444/1401/1352 622/1405/1356 621/1406/1357
f 1442/1400/1351 1443/1399/1350 621/1406/1357 620/1407/1358
f 167/151/150 1442/1400/1351 620/1407/1358 30/149/148
f 168/148/147 1439/1396/1347 1442/1400/1351 167/151/150
f 169/146/145 1436/1393/1344 1439/1396/1347 168/148/147
f 1445/1408/1359 1446/1409/1360 1449/1410/1361 1448/1411/1362
f 1446/1409/1360 1447/1412/1363 1450/1413/1364 1449/1410/1361
f 1448/1411/1362 1449/1410/1361 1452/1414/1365 1451/1415/1366
f 1449/1410/1361 1450/1413/1364 1453/1416/1367 1452/1414/1365
f 31/141/140 635/1417/1368 1445/1408/1359 164/142/141
f 635/1417/1368 636/1418/1369 1446/1409/1360 1445/1408/1359
f 636/1418/1369 637/1419/1370 1447/1412/1363 1446/1409/1360
f 637/1419/1370 99/1057/1026 647/1068/1031 1447/1412/1363
f 1447/1412/1363 647/1068/1031 648/1074/1036 1450/1413/1364
f 1450/1413/1364 648/1074/1036 649/1072/1034 1453/1416/1367
f 1453/1416/1367 649/1072/1034 100/1073/1035 640/1404/1355
f 1452/1414/1365 1453/1416/1367 640/1404/1355 639/1403/1354
f 1451/1415/1366 1452/1414/1365 639/1403/1354 638/1402/1353
f 166/147/146 1451/1415/1366 638/1402/1353 32/145/144
f 165/144/143 1448/1411/1362 1451/1415/1366 166/147/146
f 164/142/141 1445/1408/1359 1448/1411/1362 165/144/143
f 1454/1420/1371 1455/1421/1372 1458/1422/1373 1457/1423/1374
f 1455/1421/1372 1456/1424/1375 1459/1425/1376 1458/1422/1373
f 1457/1423/1374 1458/1422/1373 1461/1426/1377 1460/1427/1378
f 1458/1422/1373 1459/1425/1376 1462/1428/1379 1461/1426/1377
f 29/137/136 623/1429/1380 1454/1420/1371 161/138/137
f 623/1429/1380 624/1430/1381 1455/1421/1372 1454/1420/1371
f 624/1430/1381 625/1431/1382 1456/1424/1375 1455/1421/1372
f 625/1431/1382 95/983/977 650/1052/1022 1456/1424/1375
f 1456/1424/1375 650/1052/1022 651/1058/1027 1459/1425/1376
f 1459/1425/1376 651/1058/1027 652/1056/1025 1462/1428/1379
f 1462/1428/1379 652/1056/1025 99/1057/1026 637/1419/1370
f 1461/1426/1377 1462/1428/1379 637/1419/1370 636/1418/1369
f 1460/1427/1378 1461/1426/1377 636/1418/1369 635/1417/1368
f 163/143/142 1460/1427/1378 635/1417/1368 31/141/140
f 162/140/139 1457/1423/1374 1460/1427/1378 163/143/142
f 161/138/137 1454/1420/1371 1457/1423/1374 162/140/139
f 1463/1432/1383 1464/1433/1384 1467/1434/1385 1466/1435/1386
f 1464/1433/1384 1465/1436/1387 1468/1437/1388 1467/1434/1385
f 1466/1435/1386 1467/1434/1385 1470/1438/1389 1469/1439/1390
f 1467/1434/1385 1468/1437/1388 1471/1440/1391 1470/1438/1389
f 12/113/112 632/1441/1392 1463/1432/1383 145/114/113
f 632/1441/1392 633/1442/1393 1464/1433/1384 1463/1432/1383
f 633/1442/1393 634/1443/1394 1465/1436/1387 1464/1433/1384
f 634/1443/1394 98/1026/1003 653/1037/1011 1465/1436/1387
f 1465/1436/1387 653/1037/1011 654/1042/1015 1468/1437/1388
f 1468/1437/1388 654/1042/1015 655/1041/1014 1471/1440/1391
f 1471/1440/1391 655/1041/1014 85/177/176 595/179/178
f 1470/1438/1389 1471/1440/1391 595/179/178 594/187/186
f 1469/1439/1390 1470/1438/1389 594/187/186 593/186/185
f 143/119/118 1469/1439/1390 593/186/185 10/117/116
f 144/116/115 1466/1435/1386 1469/1439/1390 143/119/118
f 145/114/113 1463/1432/1383 1466/1435/1386 144/116/115
f 1472/1444/1395 1473/1445/1396 1476/1446/1397 1475/1447/1398
f 1473/1445/1396 1474/1448/1399 1477/1449/1400 1476/1446/1397
f 1475/1447/1398 1476/1446/1397 1479/1450/1401 1478/1451/1402
f 1476/1446/1397 1477/1449/1400 1480/1452/1403 1479/1450/1401
f 11/109/108 629/1453/1404 1472/1444/1395 140/110/109
f 629/1453/1404 630/1454/1405 1473/1445/1396 1472/1444/1395
f 630/1454/1405 631/1455/1406 1474/1448/1399 1473/1445/1396
f 631/1455/1406 97/1010/995 656/1021/1000 1474/1448/1399
f 1474/1448/1399 656/1021/1000 657/1027/1004 1477/1449/1400
f 1477/1449/1400 657/1027/1004 658/1025/1002 1480/1452/1403
f 1480/1452/1403 658/1025/1002 98/1026/1003 634/1443/1394
f 1479/1450/1401 1480/1452/1403 634/1443/1394 633/1442/1393
f 1478/1451/1402 1479/1450/1401 633/1442/1393 632/1441/1392
f 142/115/114 1478/1451/1402 632/1441/1392 12/113/112
f 141/112/111 1475/1447/1398 1478/1451/1402 142/115/114
f 140/110/109 1472/1444/1395 1475/1447/1398 141/112/111
f 1481/1456/1407 1482/1457/1408 1485/1458/1409 1484/1459/1410
f 1482/1457/1408 1483/1460/1411 1486/1461/1412 1485/1458/1409
f 1484/1459/1410 1485/1458/1409 1488/1462/1413 1487/1463/1414
f 1485/1458/1409 1486/1461/1412 1489/1464/1415 1488/1462/1413
f 9/104/103 626/1390/1341 1481/1456/1407 137/105/104
f 626/1390/1341 627/1392/1343 1482/1457/1408 1481/1456/1407
f 627/1392/1343 628/1391/1342 1483/1460/1411 1482/1457/1408
f 628/1391/1342 96/1001/989 659/1003/991 1483/1460/1411
f 1483/1460/1411 659/1003/991 660/1011/996 1486/1461/1412
f 1486/1461/1412 660/1011/996 661/1009/994 1489/1464/1415
f 1489/1464/1415 661/1009/994 97/1010/995 631/1455/1406
f 1488/1462/1413 1489/1464/1415 631/1455/1406 630/1454/1405
f 1487/1463/1414 1488/1462/1413 630/1454/1405 629/1453/1404
f 139/111/110 1487/1463/1414 629/1453/1404 11/109/108
f 138/107/106 1484/1459/1410 1487/1463/1414 139/111/110
f 137/105/104 1481/1456/1407 1484/1459/1410 138/107/106
f 1490/1465/1416 1491/1466/1417 1494/1467/1418 1493/1468/1419
f 1491/1466/1417 1492/1469/1420 1495/1470/1421 1494/1467/1418
f 1493/1468/1419 1494/1467/1418 1497/1471/1422 1496/1472/1423
f 1494/1467/1418 1495/1470/1421 1498/1473/1424 1497/1471/1422
f 29/137/136 160/139/138 1490/1465/1416 623/1429/1380
f 160/139/138 159/136/135 1491/1466/1417 1490/1465/1416
f 159/136/135 158/134/133 1492/1469/1420 1491/1466/1417
f 158/134/133 14/133/132 599/352/350 1492/1469/1420
f 1492/1469/1420 599/352/350 600/351/349 1495/1470/1421
f 1495/1470/1421 600/351/349 601/349/347 1498/1473/1424
f 1498/1473/1424 601/349/347 87/348/346 662/986/981
f 1497/1471/1422 1498/1473/1424 662/986/981 663/926/980
f 1496/1472/1423 1497/1471/1422 663/926/980 664/984/978
f 625/1431/1382 1496/1472/1423 664/984/978 95/983/977
f 624/1430/1381 1493/1468/1419 1496/1472/1423 625/1431/1382
f 623/1429/1380 1490/1465/1416 1493/1468/1419 624/1430/1381
f 1499/1474/1425 1500/1475/1426 1503/1476/1427 1502/1477/1428
f 1500/1475/1426 1501/1478/1429 1504/1479/1430 1503/1476/1427
f 1502/1477/1428 1503/1476/1427 1506/1480/1431 1505/1481/1432
f 1503/1476/1427 1504/1479/1430 1507/1482/1433 1506/1480/1431
f 25/153/152 170/155/154 1499/1474/1425 617/433/431
f 170/155/154 171/152/151 1500/1475/1426 1499/1474/1425
f 171/152/151 172/150/149 1501/1478/1429 1500/1475/1426
f 172/150/149 30/149/148 620/1407/1358 1501/1478/1429
f 1501/1478/1429 620/1407/1358 621/1406/1357 1504/1479/1430
f 1504/1479/1430 621/1406/1357 622/1405/1356 1507/1482/1433
f 1507/1482/1433 622/1405/1356 94/971/967 665/970/966
f 1506/1480/1431 1507/1482/1433 665/970/966 666/961/965
f 1505/1481/1432 1506/1480/1431 666/961/965 667/968/963
f 619/435/433 1505/1481/1432 667/968/963 93/437/435
f 618/434/432 1502/1477/1428 1505/1481/1432 619/435/433
f 617/433/431 1499/1474/1425 1502/1477/1428 618/434/432
f 1508/1483/1434 1509/1484/1435 1512/1485/1436 1511/1486/1436
f 1509/1484/1435 1510/1487/1437 1513/1488/1438 1512/1485/1436
f 1511/1486/1436 1512/1485/1436 1515/1489/1439 1514/1490/1439
f 1512/1485/1436 1513/1488/1438 1516/1491/1439 1515/1489/1439
f 78/1111/1069 322/1492/1440 1508/1483/1434 323/1112/1070
f 322/1492/1440 321/1493/1440 1509/1484/1435 1508/1483/1434
f 321/1493/1440 320/1494/1440 1510/1487/1437 1509/1484/1435
f 320/1494/1440 92/421/419 668/432/430 1510/1487/1437
f 1510/1487/1437 668/432/430 669/438/436 1513/1488/1438
f 1513/1488/1438 669/438/436 670/436/434 1516/1491/1439
f 1516/1491/1439 670/436/434 93/437/435 326/969/964
f 1515/1489/1439 1516/1491/1439 326/969/964 327/976/970
f 1514/1490/1439 1515/1489/1439 327/976/970 328/975/970
f 325/1114/1072 1514/1490/1439 328/975/970 79/953/951
f 324/1113/1071 1511/1486/1436 1514/1490/1439 325/1114/1072
f 323/1112/1070 1508/1483/1434 1511/1486/1436 324/1113/1071
f 1517/1495/1441 1518/1496/1441 1521/1497/1442 1520/1498/1442
f 1518/1496/1441 1519/1499/1441 1522/1500/1442 1521/1497/1442
f 1520/1498/1442 1521/1497/1442 1524/1501/1443 1523/1502/1443
f 1521/1497/1442 1522/1500/1442 1525/1503/1443 1524/1501/1443
f 77/1127/1085 316/1504/1444 1517/1495/1441 317/1128/1086
f 316/1504/1444 315/1505/1445 1518/1496/1441 1517/1495/1441
f 315/1505/1445 314/1506/1445 1519/1499/1441 1518/1496/1441
f 314/1506/1445 91/405/403 671/416/414 1519/1499/1441
f 1519/1499/1441 671/416/414 672/422/420 1522/1500/1442
f 1522/1500/1442 672/422/420 673/420/418 1525/1503/1443
f 1525/1503/1443 673/420/418 92/421/419 320/1494/1440
f 1524/1501/1443 1525/1503/1443 320/1494/1440 321/1493/1440
f 1523/1502/1443 1524/1501/1443 321/1493/1440 322/1492/1440
f 319/1130/1088 1523/1502/1443 322/1492/1440 78/1111/1069
f 318/1129/1087 1520/1498/1442 1523/1502/1443 319/1130/1088
f 317/1128/1086 1517/1495/1441 1520/1498/1442 318/1129/1087
f 1526/1507/1446 1527/1508/1446 1530/1509/1447 1529/1510/1447
f 1527/1508/1446 1528/1511/1446 1531/1512/1447 1530/1509/1447
f 1529/1510/1447 1530/1509/1447 1533/1513/1448 1532/1514/1449
f 1530/1509/1447 1531/1512/1447 1534/1515/1448 1533/1513/1448
f 69/718/716 313/1098/1056 1526/1507/1446 308/1140/1098
f 313/1098/1056 312/1097/1055 1527/1508/1446 1526/1507/1446
f 312/1097/1055 311/1096/1055 1528/1511/1446 1527/1508/1446
f 311/1096/1055 90/396/394 674/398/396 1528/1511/1446
f 1528/1511/1446 674/398/396 675/406/404 1531/1512/1447
f 1531/1512/1447 675/406/404 676/404/402 1534/1515/1448
f 1534/1515/1448 676/404/402 91/405/403 314/1506/1445
f 1533/1513/1448 1534/1515/1448 314/1506/1445 315/1505/1445
f 1532/1514/1449 1533/1513/1448 315/1505/1445 316/1504/1444
f 310/1142/1100 1532/1514/1449 316/1504/1444 77/1127/1085
f 309/1141/1099 1529/1510/1447 1532/1514/1449 310/1142/1100
f 308/1140/1098 1526/1507/1446 1529/1510/1447 309/1141/1099
f 1535/1516/1450 1536/1517/1450 1539/1518/1451 1538/1519/1451
f 1536/1517/1450 1537/1520/1452 1540/1521/1453 1539/1518/1451
f 1538/1519/1451 1539/1518/1451 1542/1522/1454 1541/1523/1454
f 1539/1518/1451 1540/1521/1453 1543/1524/1454 1542/1522/1454
f 75/1155/1113 304/1525/1455 1535/1516/1450 305/1156/1114
f 304/1525/1455 303/1526/1456 1536/1517/1450 1535/1516/1450
f 303/1526/1456 302/1527/1456 1537/1520/1452 1536/1517/1450
f 302/1527/1456 89/373/371 677/384/382 1537/1520/1452
f 1537/1520/1452 677/384/382 678/386/384 1540/1521/1453
f 1540/1521/1453 678/386/384 679/385/383 1543/1524/1454
f 1543/1524/1454 679/385/383 86/182/181 188/1528/1457
f 1542/1522/1454 1543/1524/1454 188/1528/1457 189/1529/1458
f 1541/1523/1454 1542/1522/1454 189/1529/1458 190/1530/1458
f 307/1158/1116 1541/1523/1454 190/1530/1458 76/1159/1117
f 306/1157/1115 1538/1519/1451 1541/1523/1454 307/1158/1116
f 305/1156/1114 1535/1516/1450 1538/1519/1451 306/1157/1115
f 1544/1531/1459 1545/1532/1459 1548/1533/1460 1547/1534/1460
f 1545/1532/1459 1546/1535/1459 1549/1536/1461 1548/1533/1460
f 1547/1534/1460 1548/1533/1460 1551/1537/1462 1550/1538/1462
f 1548/1533/1460 1549/1536/1461 1552/1539/1463 1551/1537/1462
f 74/1175/1133 298/1540/1464 1544/1531/1459 299/1176/1134
f 298/1540/1464 297/1541/1465 1545/1532/1459 1544/1531/1459
f 297/1541/1465 296/1542/1465 1546/1535/1459 1545/1532/1459
f 296/1542/1465 88/357/355 680/368/366 1546/1535/1459
f 1546/1535/1459 680/368/366 681/374/372 1549/1536/1461
f 1549/1536/1461 681/374/372 682/372/370 1552/1539/1463
f 1552/1539/1463 682/372/370 89/373/371 302/1527/1456
f 1551/1537/1462 1552/1539/1463 302/1527/1456 303/1526/1456
f 1550/1538/1462 1551/1537/1462 303/1526/1456 304/1525/1455
f 301/1178/1136 1550/1538/1462 304/1525/1455 75/1155/1113
f 300/1177/1135 1547/1534/1460 1550/1538/1462 301/1178/1136
f 299/1176/1134 1544/1531/1459 1547/1534/1460 300/1177/1135
f 1553/1543/1466 1554/1544/1466 1557/1545/1467 1556/1546/1467
f 1554/1544/1466 1555/1547/1466 1558/1548/1467 1557/1545/1467
f 1556/1546/1467 1557/1545/1467 1560/1549/1468 1559/1550/1469
f 1557/1545/1467 1558/1548/1467 1561/1551/1468 1560/1549/1468
f 68/928/926 295/989/983 1553/1543/1466 290/1188/1146
f 295/989/983 294/988/982 1554/1544/1466 1553/1543/1466
f 294/988/982 293/987/982 1555/1547/1466 1554/1544/1466
f 293/987/982 87/348/346 683/350/348 1555/1547/1466
f 1555/1547/1466 683/350/348 684/358/356 1558/1548/1467
f 1558/1548/1467 684/358/356 685/356/354 1561/1551/1468
f 1561/1551/1468 685/356/354 88/357/355 296/1542/1465
f 1560/1549/1468 1561/1551/1468 296/1542/1465 297/1541/1465
f 1559/1550/1469 1560/1549/1468 297/1541/1465 298/1540/1464
f 292/1190/1148 1559/1550/1469 298/1540/1464 74/1175/1133
f 291/1189/1147 1556/1546/1467 1559/1550/1469 292/1190/1148
f 290/1188/1146 1553/1543/1466 1556/1546/1467 291/1189/1147
f 1562/1552/1470 1563/1553/1471 1566/1553/1471 1565/1554/1472
f 1563/1553/1471 1564/1555/1473 1567/1556/1473 1566/1553/1471
f 1565/1554/1472 1566/1553/1471 1569/180/1471 1568/1557/1472
f 1566/1553/1471 1567/1556/1473 1570/1558/1474 1569/180/1471
f 67/886/884 185/1202/1160 1562/1552/1470 184/1038/1012
f 185/1202/1160 186/1201/1159 1563/1553/1471 1562/1552/1470
f 186/1201/1159 187/1200/1158 1564/1555/1473 1563/1553/1471
f 187/1200/1158 76/1159/1117 190/1530/1458 1564/1555/1473
f 1564/1555/1473 190/1530/1458 189/1529/1458 1567/1556/1473
f 1567/1556/1473 189/1529/1458 188/1528/1457 1570/1558/1474
f 1570/1558/1474 188/1528/1457 86/182/181 686/181/180
f 1569/180/1471 1570/1558/1474 686/181/180 687/180/179
f 1568/1557/1472 1569/180/1471 687/180/179 688/178/177
f 182/1040/1013 1568/1557/1472 688/178/177 85/177/176
f 183/1039/1012 1565/1554/1472 1568/1557/1472 182/1040/1013
f 184/1038/1012 1562/1552/1470 1565/1554/1472 183/1039/1012
